phecode,phenotype,category,target_disease,node_name,node_id,cos,label,score,pheno
145.2,Cancer of tongue,neoplasms,Cancer of tongue,Chronic meningitis,21664006,0.81713736,1,1,145.2
145.2,Cancer of tongue,neoplasms,Cancer of tongue,Excision of larynx,72791001,-0.69202054,1,4,145.2
145.2,Cancer of tongue,neoplasms,Cancer of tongue,Clinical von Reclinghausen's disease,92824003,0.9351336,1,3,145.2
145.2,Cancer of tongue,neoplasms,Cancer of tongue,Hair plucking,17155009,-0.61082494,0,1,145.2
145.2,Cancer of tongue,neoplasms,Cancer of tongue,Carcinoma of cervix,285432005,-0.8237925,0,3,145.2
145.2,Cancer of tongue,neoplasms,Cancer of tongue,Cerebral herniation,49453006,0.5388974,0,1,145.2
145.2,Cancer of tongue,neoplasms,Cancer of tongue,Croaky voice,50219008,0.9811542,1,4,145.2
145.2,Cancer of tongue,neoplasms,Cancer of tongue,Radiographic imaging procedure,363680008,0.6296099,0,2,145.2
145.2,Cancer of tongue,neoplasms,Cancer of tongue,Comedone,247467008,0.7871559,1,2,145.2
145.2,Cancer of tongue,neoplasms,Cancer of tongue,Burning on urination,58250006,0.8632523,0,1,145.2
145.2,Cancer of tongue,neoplasms,Cancer of tongue,Mental disease,74732009,0.53263843,0,1,145.2
145.2,Cancer of tongue,neoplasms,Cancer of tongue,Fasciitis,36948007,-0.8478338,0,1,145.2
145.2,Cancer of tongue,neoplasms,Cancer of tongue,Malignant neoplasm of lung,93880001,0.8877166,1,4,145.2
145.2,Cancer of tongue,neoplasms,Cancer of tongue,Neoplasm of lung,126713003,0.79114556,1,4,145.2
145.2,Cancer of tongue,neoplasms,Cancer of tongue,Seborrheic wart,50563003,0.9277974,1,2,145.2
145.2,Cancer of tongue,neoplasms,Cancer of tongue,Psychogenic seizures,191714002,-0.30164623,0,1,145.2
145.2,Cancer of tongue,neoplasms,Cancer of tongue,SCLC - Small cell lung cancer,254632001,0.91325104,1,4,145.2
145.2,Cancer of tongue,neoplasms,Cancer of tongue,Head tilt,370532003,-0.87176603,0,2,145.2
145.2,Cancer of tongue,neoplasms,Cancer of tongue,Melanocytic naevus,400096001,-0.7992866,0,3,145.2
145.2,Cancer of tongue,neoplasms,Cancer of tongue,Granulomatosis with polyangiitis,195353004,0.70884025,0,2,145.2
145.2,Cancer of tongue,neoplasms,Cancer of tongue,Bleeding peptic ulcer,64121000,0.668465,0,2,145.2
145.2,Cancer of tongue,neoplasms,Cancer of tongue,Gastroduodenal ulcer,13200003,0.77454984,0,2,145.2
145.2,Cancer of tongue,neoplasms,Cancer of tongue,"Chronic nephritic syndrome, diffuse membranous glomerulonephritis",77182004,-0.30808777,0,1,145.2
145.2,Cancer of tongue,neoplasms,Cancer of tongue,Cardiac infarction,22298006,0.59534025,0,1,145.2
145.2,Cancer of tongue,neoplasms,Cancer of tongue,Colitis gravis,64766004,0.9276467,0,1,145.2
145.2,Cancer of tongue,neoplasms,Cancer of tongue,Nasopharyngeal carcinoma,187692001,0.9364127,1,4,145.2
145.2,Cancer of tongue,neoplasms,Cancer of tongue,NS - Nephrotic syndrome,52254009,0.801679,0,1,145.2
145.2,Cancer of tongue,neoplasms,Cancer of tongue,Acetaminophen overdose,295124009,-0.7267382,0,1,145.2
145.2,Cancer of tongue,neoplasms,Cancer of tongue,Emotional stress,442347009,0.86845565,1,2,145.2
145.2,Cancer of tongue,neoplasms,Cancer of tongue,Tumor of mediastinum,94147001,-0.84966743,1,1,145.2
145.3,Cancer of major salivary glands,neoplasms,Cancer of major salivary glands,Chewing tobacco user,81703003,-0.86509216,1,5,145.3
145.3,Cancer of major salivary glands,neoplasms,Cancer of major salivary glands,SCLC - Small cell lung cancer,254632001,0.71502936,1,2,145.3
145.3,Cancer of major salivary glands,neoplasms,Cancer of major salivary glands,"Lumbar radiculopathy, NOS",2415007,0.71391094,0,1,145.3
145.3,Cancer of major salivary glands,neoplasms,Cancer of major salivary glands,Difficulty walking,228158008,0.6215446,0,1,145.3
145.3,Cancer of major salivary glands,neoplasms,Cancer of major salivary glands,Multinodular goiter,237570007,0.7028799,1,2,145.3
145.3,Cancer of major salivary glands,neoplasms,Cancer of major salivary glands,Colitis,64226004,0.34360093,0,1,145.3
145.3,Cancer of major salivary glands,neoplasms,Cancer of major salivary glands,Hypothyroid,40930008,0.98325825,1,2,145.3
145.3,Cancer of major salivary glands,neoplasms,Cancer of major salivary glands,AG - Atrophic gastritis,84568007,0.2581666,0,1,145.3
145.3,Cancer of major salivary glands,neoplasms,Cancer of major salivary glands,Thyroid nodule,237495005,0.85283566,1,1,145.3
145.3,Cancer of major salivary glands,neoplasms,Cancer of major salivary glands,Seborrheic wart,50563003,0.8090205,0,1,145.3
145.3,Cancer of major salivary glands,neoplasms,Cancer of major salivary glands,Female pelvic inflammation,198130006,0.7033021,0,1,145.3
145.3,Cancer of major salivary glands,neoplasms,Cancer of major salivary glands,Airway hyperreactivity,195967001,0.8378351,0,1,145.3
145.3,Cancer of major salivary glands,neoplasms,Cancer of major salivary glands,Decreased vision,7973008,0.69752383,0,2,145.3
145.3,Cancer of major salivary glands,neoplasms,Cancer of major salivary glands,Acromegalia,74107003,0.91151327,1,1,145.3
145.3,Cancer of major salivary glands,neoplasms,Cancer of major salivary glands,Hepatitis B,66071002,0.6561152,0,1,145.3
145.3,Cancer of major salivary glands,neoplasms,Cancer of major salivary glands,Feeling suicidal,225457007,0.6123005,0,1,145.3
145.3,Cancer of major salivary glands,neoplasms,Cancer of major salivary glands,Thyrotoxicosis,90739004,0.9786566,1,1,145.3
145.3,Cancer of major salivary glands,neoplasms,Cancer of major salivary glands,Croaky voice,50219008,0.9296484,1,4,145.3
145.3,Cancer of major salivary glands,neoplasms,Cancer of major salivary glands,Autoimmune lymphocytic chronic thyroiditis,21983002,0.9559838,1,1,145.3
145.3,Cancer of major salivary glands,neoplasms,Cancer of major salivary glands,Hernia of anterior abdominal wall,414396006,-0.17024116,0,1,145.3
145.3,Cancer of major salivary glands,neoplasms,Cancer of major salivary glands,Contracture of joint,7890003,-0.8687383,0,1,145.3
145.3,Cancer of major salivary glands,neoplasms,Cancer of major salivary glands,Lump on neck,299703001,-0.25027955,1,5,145.3
145.3,Cancer of major salivary glands,neoplasms,Cancer of major salivary glands,Anomaly of chromosome,74345006,0.6920302,0,1,145.3
145.3,Cancer of major salivary glands,neoplasms,Cancer of major salivary glands,Dysarthria,8011004,0.56770754,0,4,145.3
145.3,Cancer of major salivary glands,neoplasms,Cancer of major salivary glands,EF - Epileptic fit,246545002,0.80811024,0,1,145.3
145.3,Cancer of major salivary glands,neoplasms,Cancer of major salivary glands,Hyperthyroidism,34486009,0.95883435,1,2,145.3
145.3,Cancer of major salivary glands,neoplasms,Cancer of major salivary glands,Cushing basophilism,190502001,0.9558836,1,1,145.3
145.3,Cancer of major salivary glands,neoplasms,Cancer of major salivary glands,Abdominal colic,9991008,0.6767763,0,1,145.3
145.3,Cancer of major salivary glands,neoplasms,Cancer of major salivary glands,Basedow disease,353295004,0.8122899,1,1,145.3
145.3,Cancer of major salivary glands,neoplasms,Cancer of major salivary glands,Excision of thyroid gland,13619001,-0.23240112,1,1,145.3
145.3,Cancer of major salivary glands,neoplasms,Cancer of major salivary glands,Uraemia,44730006,0.7372652,0,1,145.3
145.3,Cancer of major salivary glands,neoplasms,Cancer of major salivary glands,Disease of thyroid gland,14304000,0.96348536,1,1,145.3
149.3,Cancer of hypopharynx,neoplasms,Cancer of hypopharynx,"Head cold, NOS",54150009,0.82386446,0,3,149.3
149.3,Cancer of hypopharynx,neoplasms,Cancer of hypopharynx,Chronic otitis externa,53295002,-0.6853989,0,1,149.3
149.3,Cancer of hypopharynx,neoplasms,Cancer of hypopharynx,Sarcoma,424413001,0.8387027,1,3,149.3
149.3,Cancer of hypopharynx,neoplasms,Cancer of hypopharynx,Clinical von Reclinghausen's disease,92824003,0.9463736,1,1,149.3
149.3,Cancer of hypopharynx,neoplasms,Cancer of hypopharynx,Oxyphilic adenocarcinoma,443261008,0.42470905,1,3,149.3
149.3,Cancer of hypopharynx,neoplasms,Cancer of hypopharynx,Hyperhidrosis,312230002,0.8624493,0,1,149.3
149.3,Cancer of hypopharynx,neoplasms,Cancer of hypopharynx,CA - Mouth cancer,363505006,-0.20619075,1,5,149.3
149.3,Cancer of hypopharynx,neoplasms,Cancer of hypopharynx,LP - Lichen planus,4776004,-0.30901122,0,1,149.3
149.3,Cancer of hypopharynx,neoplasms,Cancer of hypopharynx,Pleurisy,196075003,0.5160141,0,1,149.3
149.3,Cancer of hypopharynx,neoplasms,Cancer of hypopharynx,Callosity,201040000,-0.3533668,0,1,149.3
149.3,Cancer of hypopharynx,neoplasms,Cancer of hypopharynx,Lump on neck,299703001,-0.07056597,1,5,149.3
149.3,Cancer of hypopharynx,neoplasms,Cancer of hypopharynx,Diabetic retinopathy screening,134395001,-0.93976927,0,1,149.3
149.3,Cancer of hypopharynx,neoplasms,Cancer of hypopharynx,"Follicular carcinoma, oxyphilic cell",57596004,-0.6740602,1,3,149.3
149.3,Cancer of hypopharynx,neoplasms,Cancer of hypopharynx,Achrochordon,201091002,0.9480723,1,1,149.3
149.3,Cancer of hypopharynx,neoplasms,Cancer of hypopharynx,Bladder diverticulum,197866008,0.22222647,0,1,149.3
149.3,Cancer of hypopharynx,neoplasms,Cancer of hypopharynx,Cardiac ischemia,414795007,0.39141786,0,1,149.3
149.3,Cancer of hypopharynx,neoplasms,Cancer of hypopharynx,Bacterial conjunctivitis,128350005,0.8335817,0,1,149.3
149.3,Cancer of hypopharynx,neoplasms,Cancer of hypopharynx,Nasopharyngeal carcinoma,187692001,0.9210947,1,4,149.3
149.3,Cancer of hypopharynx,neoplasms,Cancer of hypopharynx,CA - Cancer,363346000,0.9741383,1,5,149.3
149.3,Cancer of hypopharynx,neoplasms,Cancer of hypopharynx,Farsightedness,38101003,-0.03583739,0,1,149.3
149.3,Cancer of hypopharynx,neoplasms,Cancer of hypopharynx,Squamous cell carcinoma of mouth,307502000,-0.79179275,1,5,149.3
149.3,Cancer of hypopharynx,neoplasms,Cancer of hypopharynx,Intestinal perforation,56905009,0.72373927,0,1,149.3
149.3,Cancer of hypopharynx,neoplasms,Cancer of hypopharynx,Thymic carcinoma,128717008,-0.89844084,1,3,149.3
149.3,Cancer of hypopharynx,neoplasms,Cancer of hypopharynx,Paraganglioma,302833002,0.3608821,1,4,149.3
149.3,Cancer of hypopharynx,neoplasms,Cancer of hypopharynx,NG - Neoplastic growth,55342001,0.9056314,0,5,149.3
149.3,Cancer of hypopharynx,neoplasms,Cancer of hypopharynx,FTC - Follicular thyroid carcinoma,255028004,-0.78667426,1,3,149.3
149.3,Cancer of hypopharynx,neoplasms,Cancer of hypopharynx,Neurilemmoma,189948006,0.7074345,1,2,149.3
149.3,Cancer of hypopharynx,neoplasms,Cancer of hypopharynx,Neoplasm screening,15886004,-0.8328601,1,4,149.3
149.3,Cancer of hypopharynx,neoplasms,Cancer of hypopharynx,Alcohol withdrawal delirium,8635005,0.66598946,0,1,149.3
149.3,Cancer of hypopharynx,neoplasms,Cancer of hypopharynx,Abnormal renal function,39539005,-0.73021305,0,1,149.3
149.4,Cancer of larynx,neoplasms,Cancer of larynx,VAD - Vascular dementia,56267009,0.38693896,0,1,149.4
149.4,Cancer of larynx,neoplasms,Cancer of larynx,Ventricular pre-excitation with arrhythmia,74390002,0.52572405,0,1,149.4
149.4,Cancer of larynx,neoplasms,Cancer of larynx,MD - Meckel's diverticulum,37373007,0.5922744,0,1,149.4
149.4,Cancer of larynx,neoplasms,Cancer of larynx,Pseudoaneurysm,443089001,0.22533375,0,2,149.4
149.4,Cancer of larynx,neoplasms,Cancer of larynx,Burning sensation,90673000,0.98292863,1,4,149.4
149.4,Cancer of larynx,neoplasms,Cancer of larynx,GBS - Guillain-Barre syndrome,40956001,0.30689365,0,1,149.4
149.4,Cancer of larynx,neoplasms,Cancer of larynx,Cluster headache,193031009,0.62832713,0,1,149.4
149.4,Cancer of larynx,neoplasms,Cancer of larynx,Oral examination,122856003,-0.6510439,1,3,149.4
149.4,Cancer of larynx,neoplasms,Cancer of larynx,Malignant neoplasm of lung,93880001,0.86524737,1,2,149.4
149.4,Cancer of larynx,neoplasms,Cancer of larynx,Cancer of skin,372130007,0.9161867,0,2,149.4
149.4,Cancer of larynx,neoplasms,Cancer of larynx,Hypogammaglobulinaemia,119250001,0.6721624,1,3,149.4
149.4,Cancer of larynx,neoplasms,Cancer of larynx,Fasciculation,82470000,-0.8899406,0,2,149.4
149.4,Cancer of larynx,neoplasms,Cancer of larynx,AOM - Acute otitis media,3110003,-0.73816687,0,4,149.4
149.4,Cancer of larynx,neoplasms,Cancer of larynx,CA - Mouth cancer,363505006,-0.089871995,1,4,149.4
149.4,Cancer of larynx,neoplasms,Cancer of larynx,Tumor of mediastinum,94147001,-0.8431794,1,2,149.4
149.4,Cancer of larynx,neoplasms,Cancer of larynx,Clinical examination,5880005,0.8822864,1,3,149.4
149.4,Cancer of larynx,neoplasms,Cancer of larynx,"Lumbar radiculopathy, NOS",2415007,0.4780689,0,1,149.4
149.4,Cancer of larynx,neoplasms,Cancer of larynx,Breathlessness lying flat,62744007,-0.8630951,0,3,149.4
149.4,Cancer of larynx,neoplasms,Cancer of larynx,Chewing tobacco user,81703003,-0.7610184,1,5,149.4
149.4,Cancer of larynx,neoplasms,Cancer of larynx,Hepatic vein thrombosis,38739001,-0.6182271,0,1,149.4
149.4,Cancer of larynx,neoplasms,Cancer of larynx,SCLC - Small cell lung cancer,254632001,0.89204234,1,3,149.4
149.4,Cancer of larynx,neoplasms,Cancer of larynx,Chronic meningitis,21664006,0.8192558,1,1,149.4
149.4,Cancer of larynx,neoplasms,Cancer of larynx,Schizophrenia,58214004,0.7735814,0,1,149.4
149.4,Cancer of larynx,neoplasms,Cancer of larynx,Granulomatosis,443138004,0.15236513,0,1,149.4
149.4,Cancer of larynx,neoplasms,Cancer of larynx,CA - Cancer,363346000,0.9381278,1,4,149.4
149.4,Cancer of larynx,neoplasms,Cancer of larynx,Clinical von Reclinghausen's disease,92824003,0.93965006,1,1,149.4
149.4,Cancer of larynx,neoplasms,Cancer of larynx,Neoplasm of lung,126713003,0.7613318,1,3,149.4
149.4,Cancer of larynx,neoplasms,Cancer of larynx,FOM - Frequency of micturition,162116003,0.7187448,0,1,149.4
149.4,Cancer of larynx,neoplasms,Cancer of larynx,Lung mass,309529002,-0.4849511,0,1,149.4
149.4,Cancer of larynx,neoplasms,Cancer of larynx,Mediastinal emphysema,16838000,-0.8437457,0,1,149.4
153.2,Colon cancer,neoplasms,Colon cancer,Neurogenic bladder,398064005,0.90039706,0,2,153.2
153.2,Colon cancer,neoplasms,Colon cancer,Feeding poor,299698007,-0.024140082,0,4,153.2
153.2,Colon cancer,neoplasms,Colon cancer,Disease of thyroid gland,14304000,0.7041513,0,1,153.2
153.2,Colon cancer,neoplasms,Colon cancer,Cancer metastatic to liver,94381002,0.9868581,1,5,153.2
153.2,Colon cancer,neoplasms,Colon cancer,Paraganglioma,302833002,0.7145771,1,1,153.2
153.2,Colon cancer,neoplasms,Colon cancer,Sinusitis,36971009,0.64653194,0,1,153.2
153.2,Colon cancer,neoplasms,Colon cancer,"MEA, type 1",30664006,0.83970374,1,1,153.2
153.2,Colon cancer,neoplasms,Colon cancer,Comedone,247467008,0.46201122,0,1,153.2
153.2,Colon cancer,neoplasms,Colon cancer,Angio-osteohypertrophy syndrome,721105004,0.76658344,0,1,153.2
153.2,Colon cancer,neoplasms,Colon cancer,Faecal impaction,44635007,-0.23264676,0,5,153.2
153.2,Colon cancer,neoplasms,Colon cancer,Abdominal lump,271860004,0.45236146,1,4,153.2
153.2,Colon cancer,neoplasms,Colon cancer,Bony metastasis,94222008,0.7815385,1,4,153.2
153.2,Colon cancer,neoplasms,Colon cancer,Hepatic tumor,126851005,0.7315283,1,5,153.2
153.2,Colon cancer,neoplasms,Colon cancer,BRBPR,405729008,0.96907324,1,4,153.2
153.2,Colon cancer,neoplasms,Colon cancer,Clinical von Reclinghausen's disease,92824003,0.90700287,1,1,153.2
153.2,Colon cancer,neoplasms,Colon cancer,Darier disease,48611009,0.3927893,0,2,153.2
153.2,Colon cancer,neoplasms,Colon cancer,Pain in vagina,38343000,0.96486235,0,2,153.2
153.2,Colon cancer,neoplasms,Colon cancer,"Brain damage, NOS",81308009,0.18535626,0,3,153.2
153.2,Colon cancer,neoplasms,Colon cancer,Cerebroretinal angiomatosis,46659004,0.97407615,1,1,153.2
153.2,Colon cancer,neoplasms,Colon cancer,Breast pain,53430007,0.4460803,0,1,153.2
153.2,Colon cancer,neoplasms,Colon cancer,Dyssplenism,58381000,0.5889616,0,1,153.2
153.2,Colon cancer,neoplasms,Colon cancer,Flushing,238810007,0.93309855,1,2,153.2
153.2,Colon cancer,neoplasms,Colon cancer,Carcinoid heart disease,36222008,0.9253242,1,2,153.2
153.2,Colon cancer,neoplasms,Colon cancer,IC - Interstitial cystitis,197834003,0.950968,0,3,153.2
153.2,Colon cancer,neoplasms,Colon cancer,MTC - Medullary thyroid carcinoma,255032005,0.7674096,1,1,153.2
153.2,Colon cancer,neoplasms,Colon cancer,Appendectomy,80146002,0.97650194,1,1,153.2
153.2,Colon cancer,neoplasms,Colon cancer,Cranial arteritis,400130008,-0.5189372,0,1,153.2
153.2,Colon cancer,neoplasms,Colon cancer,Merkel cell carcinoma,253001006,0.69172996,1,2,153.2
153.2,Colon cancer,neoplasms,Colon cancer,Excision small intestine,107938000,-0.6985669,1,4,153.2
153.2,Colon cancer,neoplasms,Colon cancer,RP - Retinitis pigmentosa,28835009,-0.28857934,0,2,153.2
153.3,"Malignant neoplasm of rectum, rectosigmoid junction, and anus",neoplasms,"Malignant neoplasm of rectum, rectosigmoid junction, and anus",Disorder of soft tissue,19660004,-0.71754056,0,4,153.3
153.3,"Malignant neoplasm of rectum, rectosigmoid junction, and anus",neoplasms,"Malignant neoplasm of rectum, rectosigmoid junction, and anus",Atrophic vaginitis,52441000,0.5138465,1,1,153.3
153.3,"Malignant neoplasm of rectum, rectosigmoid junction, and anus",neoplasms,"Malignant neoplasm of rectum, rectosigmoid junction, and anus",Genital pruritus,267802000,0.10442641,1,3,153.3
153.3,"Malignant neoplasm of rectum, rectosigmoid junction, and anus",neoplasms,"Malignant neoplasm of rectum, rectosigmoid junction, and anus",Celioscopy,73632009,0.9224813,1,3,153.3
153.3,"Malignant neoplasm of rectum, rectosigmoid junction, and anus",neoplasms,"Malignant neoplasm of rectum, rectosigmoid junction, and anus",Endogenous hypertriglyceridaemia,275598004,-0.58757323,0,1,153.3
153.3,"Malignant neoplasm of rectum, rectosigmoid junction, and anus",neoplasms,"Malignant neoplasm of rectum, rectosigmoid junction, and anus",Vulvovaginitis,53277000,0.98502374,1,2,153.3
153.3,"Malignant neoplasm of rectum, rectosigmoid junction, and anus",neoplasms,"Malignant neoplasm of rectum, rectosigmoid junction, and anus",Paralysis of vocal cords,302912005,-0.63907754,0,1,153.3
153.3,"Malignant neoplasm of rectum, rectosigmoid junction, and anus",neoplasms,"Malignant neoplasm of rectum, rectosigmoid junction, and anus",Inflammation of testis,274718005,0.9875405,1,2,153.3
153.3,"Malignant neoplasm of rectum, rectosigmoid junction, and anus",neoplasms,"Malignant neoplasm of rectum, rectosigmoid junction, and anus",Contraceptive method vasectomy,22523008,-0.59452224,1,1,153.3
153.3,"Malignant neoplasm of rectum, rectosigmoid junction, and anus",neoplasms,"Malignant neoplasm of rectum, rectosigmoid junction, and anus",Lactic acidosis,91273001,0.25082877,0,1,153.3
153.3,"Malignant neoplasm of rectum, rectosigmoid junction, and anus",neoplasms,"Malignant neoplasm of rectum, rectosigmoid junction, and anus",Infection by Trichomonas,56335008,0.90726984,1,1,153.3
153.3,"Malignant neoplasm of rectum, rectosigmoid junction, and anus",neoplasms,"Malignant neoplasm of rectum, rectosigmoid junction, and anus",Cardiac US scan,40701008,0.5694686,0,1,153.3
153.3,"Malignant neoplasm of rectum, rectosigmoid junction, and anus",neoplasms,"Malignant neoplasm of rectum, rectosigmoid junction, and anus",ARDS,67782005,-0.5767544,0,1,153.3
153.3,"Malignant neoplasm of rectum, rectosigmoid junction, and anus",neoplasms,"Malignant neoplasm of rectum, rectosigmoid junction, and anus",Dysarthria,8011004,-0.004389871,0,1,153.3
153.3,"Malignant neoplasm of rectum, rectosigmoid junction, and anus",neoplasms,"Malignant neoplasm of rectum, rectosigmoid junction, and anus",Necrotising cellulitis,52486002,0.5832262,0,1,153.3
153.3,"Malignant neoplasm of rectum, rectosigmoid junction, and anus",neoplasms,"Malignant neoplasm of rectum, rectosigmoid junction, and anus",Vaginal discharge,271939006,0.96345556,1,2,153.3
153.3,"Malignant neoplasm of rectum, rectosigmoid junction, and anus",neoplasms,"Malignant neoplasm of rectum, rectosigmoid junction, and anus",Malignant neoplasm of prostate,93974005,0.9461295,1,5,153.3
153.3,"Malignant neoplasm of rectum, rectosigmoid junction, and anus",neoplasms,"Malignant neoplasm of rectum, rectosigmoid junction, and anus",Mouth ulcer,26284000,0.8301924,0,1,153.3
153.3,"Malignant neoplasm of rectum, rectosigmoid junction, and anus",neoplasms,"Malignant neoplasm of rectum, rectosigmoid junction, and anus",Episcleritis,815008,0.1315135,0,1,153.3
153.3,"Malignant neoplasm of rectum, rectosigmoid junction, and anus",neoplasms,"Malignant neoplasm of rectum, rectosigmoid junction, and anus",Female pelvic inflammation,198130006,0.95323974,1,2,153.3
153.3,"Malignant neoplasm of rectum, rectosigmoid junction, and anus",neoplasms,"Malignant neoplasm of rectum, rectosigmoid junction, and anus",Arthritis of knee,371081002,-0.62356806,0,1,153.3
153.3,"Malignant neoplasm of rectum, rectosigmoid junction, and anus",neoplasms,"Malignant neoplasm of rectum, rectosigmoid junction, and anus",Observation of urethral discharge,9957009,0.7430271,1,2,153.3
153.3,"Malignant neoplasm of rectum, rectosigmoid junction, and anus",neoplasms,"Malignant neoplasm of rectum, rectosigmoid junction, and anus",Carcinoma of cervix,285432005,-0.6911198,1,4,153.3
153.3,"Malignant neoplasm of rectum, rectosigmoid junction, and anus",neoplasms,"Malignant neoplasm of rectum, rectosigmoid junction, and anus",Cyst,441457006,0.8227204,1,3,153.3
153.3,"Malignant neoplasm of rectum, rectosigmoid junction, and anus",neoplasms,"Malignant neoplasm of rectum, rectosigmoid junction, and anus",Emesis - persistent,196746003,0.7138733,0,1,153.3
153.3,"Malignant neoplasm of rectum, rectosigmoid junction, and anus",neoplasms,"Malignant neoplasm of rectum, rectosigmoid junction, and anus",Amyotrophia,88092000,-0.76293707,0,1,153.3
153.3,"Malignant neoplasm of rectum, rectosigmoid junction, and anus",neoplasms,"Malignant neoplasm of rectum, rectosigmoid junction, and anus",Itching of vulva,67882000,0.227853,1,3,153.3
153.3,"Malignant neoplasm of rectum, rectosigmoid junction, and anus",neoplasms,"Malignant neoplasm of rectum, rectosigmoid junction, and anus",Clap,15628003,0.85372996,1,3,153.3
155.1,"Malignant neoplasm of liver, primary",neoplasms,"Malignant neoplasm of liver, primary",Glossalgia,30731004,-0.8407948,0,1,155.1
155.1,"Malignant neoplasm of liver, primary",neoplasms,"Malignant neoplasm of liver, primary",Chorioamnionitis,11612004,0.8028084,0,1,155.1
155.1,"Malignant neoplasm of liver, primary",neoplasms,"Malignant neoplasm of liver, primary",Excision small intestine,107938000,-0.74632,1,3,155.1
155.1,"Malignant neoplasm of liver, primary",neoplasms,"Malignant neoplasm of liver, primary",SVT - Supraventricular tachycardia,6456007,0.7553307,0,1,155.1
155.1,"Malignant neoplasm of liver, primary",neoplasms,"Malignant neoplasm of liver, primary",Unexplained weight loss,422868009,0.7312242,1,5,155.1
155.1,"Malignant neoplasm of liver, primary",neoplasms,"Malignant neoplasm of liver, primary",Pancreatic pseudocyst,111374002,0.9434792,1,3,155.1
155.1,"Malignant neoplasm of liver, primary",neoplasms,"Malignant neoplasm of liver, primary",Bile stasis,33688009,0.9666103,1,5,155.1
155.1,"Malignant neoplasm of liver, primary",neoplasms,"Malignant neoplasm of liver, primary",UTI - Urinary tract infection,68566005,0.6822061,0,1,155.1
155.1,"Malignant neoplasm of liver, primary",neoplasms,"Malignant neoplasm of liver, primary",Varices,128060009,0.9321626,1,5,155.1
155.1,"Malignant neoplasm of liver, primary",neoplasms,"Malignant neoplasm of liver, primary",PSC - Primary sclerosing cholangitis,197441003,0.98403716,1,5,155.1
155.1,"Malignant neoplasm of liver, primary",neoplasms,"Malignant neoplasm of liver, primary",CCA - Cardiac catheterisation,41976001,0.7242933,0,1,155.1
155.1,"Malignant neoplasm of liver, primary",neoplasms,"Malignant neoplasm of liver, primary",Eye infection,128351009,-0.83599126,0,1,155.1
155.1,"Malignant neoplasm of liver, primary",neoplasms,"Malignant neoplasm of liver, primary",TIPS - Transjugular intrahepatic portosystemic shunt,233445008,0.5508417,1,5,155.1
155.1,"Malignant neoplasm of liver, primary",neoplasms,"Malignant neoplasm of liver, primary",Burning reflux,16331000,0.98942477,1,2,155.1
155.1,"Malignant neoplasm of liver, primary",neoplasms,"Malignant neoplasm of liver, primary",Autoimmune lymphocytic chronic thyroiditis,21983002,0.61388004,0,1,155.1
155.1,"Malignant neoplasm of liver, primary",neoplasms,"Malignant neoplasm of liver, primary",Panic attack,225624000,0.5228087,0,1,155.1
155.1,"Malignant neoplasm of liver, primary",neoplasms,"Malignant neoplasm of liver, primary",CGN - Chronic glomerulonephritis,20917003,-0.2367739,0,1,155.1
155.1,"Malignant neoplasm of liver, primary",neoplasms,"Malignant neoplasm of liver, primary",Abnormal bowel habits,88111009,0.9449821,0,4,155.1
155.1,"Malignant neoplasm of liver, primary",neoplasms,"Malignant neoplasm of liver, primary",Abdominal dropsy,389026000,0.91528136,1,4,155.1
155.1,"Malignant neoplasm of liver, primary",neoplasms,"Malignant neoplasm of liver, primary",AP - Acute pancreatitis,197456007,0.855229,1,3,155.1
155.1,"Malignant neoplasm of liver, primary",neoplasms,"Malignant neoplasm of liver, primary",Sclerosing cholangitis,235917005,0.9617976,1,5,155.1
155.1,"Malignant neoplasm of liver, primary",neoplasms,"Malignant neoplasm of liver, primary",Transplant procedure,77465005,0.83901507,1,4,155.1
155.1,"Malignant neoplasm of liver, primary",neoplasms,"Malignant neoplasm of liver, primary",Cobalamin deficiency,190634004,0.921821,0,1,155.1
155.1,"Malignant neoplasm of liver, primary",neoplasms,"Malignant neoplasm of liver, primary",CD - Celiac disease,396331005,0.9586394,1,4,155.1
155.1,"Malignant neoplasm of liver, primary",neoplasms,"Malignant neoplasm of liver, primary",Chronic progressive chorea,58756001,0.5455795,0,1,155.1
155.1,"Malignant neoplasm of liver, primary",neoplasms,"Malignant neoplasm of liver, primary",ERCP,386718000,0.96845007,1,4,155.1
155.1,"Malignant neoplasm of liver, primary",neoplasms,"Malignant neoplasm of liver, primary",Carcinoma of gallbladder,372140005,0.5694479,1,4,155.1
155.1,"Malignant neoplasm of liver, primary",neoplasms,"Malignant neoplasm of liver, primary",Inflammation of pancreas,75694006,0.9867152,1,4,155.1
155.1,"Malignant neoplasm of liver, primary",neoplasms,"Malignant neoplasm of liver, primary",Blood in stool,2901004,0.99424034,1,3,155.1
155.1,"Malignant neoplasm of liver, primary",neoplasms,"Malignant neoplasm of liver, primary",Benign retention cyst,79883001,-0.14396635,0,1,155.1
155.1,"Malignant neoplasm of liver, primary",neoplasms,"Malignant neoplasm of liver, primary",Fatty stool,66187002,0.94485986,1,3,155.1
155.1,"Malignant neoplasm of liver, primary",neoplasms,"Malignant neoplasm of liver, primary",Cyst,441457006,0.8153448,0,3,155.1
159.2,"Malignant neoplasm of small intestine, including duodenum",neoplasms,"Malignant neoplasm of small intestine, including duodenum",Abdominal lump,271860004,0.32392856,1,5,159.2
159.2,"Malignant neoplasm of small intestine, including duodenum",neoplasms,"Malignant neoplasm of small intestine, including duodenum",Flushing,238810007,0.86488396,1,1,159.2
159.2,"Malignant neoplasm of small intestine, including duodenum",neoplasms,"Malignant neoplasm of small intestine, including duodenum",Bony metastasis,94222008,0.644525,1,1,159.2
159.2,"Malignant neoplasm of small intestine, including duodenum",neoplasms,"Malignant neoplasm of small intestine, including duodenum",Sarcoma,424413001,0.8127003,1,1,159.2
159.2,"Malignant neoplasm of small intestine, including duodenum",neoplasms,"Malignant neoplasm of small intestine, including duodenum",Health screening,20135006,0.9920503,1,2,159.2
159.2,"Malignant neoplasm of small intestine, including duodenum",neoplasms,"Malignant neoplasm of small intestine, including duodenum",Unexplained weight loss,422868009,0.70020926,1,5,159.2
159.2,"Malignant neoplasm of small intestine, including duodenum",neoplasms,"Malignant neoplasm of small intestine, including duodenum",Palliative care,103735009,0.9844727,1,3,159.2
159.2,"Malignant neoplasm of small intestine, including duodenum",neoplasms,"Malignant neoplasm of small intestine, including duodenum",Chronic pain,82423001,0.41222706,0,1,159.2
159.2,"Malignant neoplasm of small intestine, including duodenum",neoplasms,"Malignant neoplasm of small intestine, including duodenum",Body fluid retention,43498006,0.13080198,0,1,159.2
159.2,"Malignant neoplasm of small intestine, including duodenum",neoplasms,"Malignant neoplasm of small intestine, including duodenum",Bile stasis,33688009,0.89707446,0,4,159.2
159.2,"Malignant neoplasm of small intestine, including duodenum",neoplasms,"Malignant neoplasm of small intestine, including duodenum",Calculus of kidney,95570007,0.9252192,0,1,159.2
159.2,"Malignant neoplasm of small intestine, including duodenum",neoplasms,"Malignant neoplasm of small intestine, including duodenum",Biopsy,86273004,0.9374678,1,4,159.2
159.2,"Malignant neoplasm of small intestine, including duodenum",neoplasms,"Malignant neoplasm of small intestine, including duodenum",Pericarditis,3238004,0.68358,0,1,159.2
159.2,"Malignant neoplasm of small intestine, including duodenum",neoplasms,"Malignant neoplasm of small intestine, including duodenum",Lobular carcinoma in situ of breast,109888004,-0.076047584,0,1,159.2
159.2,"Malignant neoplasm of small intestine, including duodenum",neoplasms,"Malignant neoplasm of small intestine, including duodenum",CGL - Chronic granulocytic leukaemia,92818009,0.739146,0,2,159.2
159.2,"Malignant neoplasm of small intestine, including duodenum",neoplasms,"Malignant neoplasm of small intestine, including duodenum",CA - Cancer of colon,363406005,-0.27433845,1,4,159.2
159.2,"Malignant neoplasm of small intestine, including duodenum",neoplasms,"Malignant neoplasm of small intestine, including duodenum",Gasser's syndrome,111407006,0.8946103,0,1,159.2
159.2,"Malignant neoplasm of small intestine, including duodenum",neoplasms,"Malignant neoplasm of small intestine, including duodenum",Lesion of nose,301191003,-0.5576491,0,1,159.2
159.2,"Malignant neoplasm of small intestine, including duodenum",neoplasms,"Malignant neoplasm of small intestine, including duodenum",Sore to touch,247348008,0.47764468,0,2,159.2
159.2,"Malignant neoplasm of small intestine, including duodenum",neoplasms,"Malignant neoplasm of small intestine, including duodenum",GU - Gastric ulcer,397825006,0.96550643,0,1,159.2
159.2,"Malignant neoplasm of small intestine, including duodenum",neoplasms,"Malignant neoplasm of small intestine, including duodenum",Colon cancer screening,275978004,-0.6240821,1,4,159.2
159.2,"Malignant neoplasm of small intestine, including duodenum",neoplasms,"Malignant neoplasm of small intestine, including duodenum",DS - Disseminated sclerosis,24700007,0.87022376,0,1,159.2
159.2,"Malignant neoplasm of small intestine, including duodenum",neoplasms,"Malignant neoplasm of small intestine, including duodenum",Colonic polyp,68496003,0.96188927,1,4,159.2
159.2,"Malignant neoplasm of small intestine, including duodenum",neoplasms,"Malignant neoplasm of small intestine, including duodenum","MEA, type 1",30664006,0.8651347,1,4,159.2
159.2,"Malignant neoplasm of small intestine, including duodenum",neoplasms,"Malignant neoplasm of small intestine, including duodenum",Family history of cancer of colon,312824007,-0.8326511,1,4,159.2
159.2,"Malignant neoplasm of small intestine, including duodenum",neoplasms,"Malignant neoplasm of small intestine, including duodenum",Pneumonia,233604007,0.74802816,0,1,159.2
159.2,"Malignant neoplasm of small intestine, including duodenum",neoplasms,"Malignant neoplasm of small intestine, including duodenum",Hepatic tumor,126851005,0.62191826,1,1,159.2
159.2,"Malignant neoplasm of small intestine, including duodenum",neoplasms,"Malignant neoplasm of small intestine, including duodenum",Human papilloma virus infection,240532009,0.7953176,0,2,159.2
159.3,Malignant neoplasm of gallbladder and extrahepatic bile ducts,neoplasms,Malignant neoplasm of gallbladder and extrahepatic bile ducts,Paranoia,48500005,0.20596775,0,1,159.3
159.3,Malignant neoplasm of gallbladder and extrahepatic bile ducts,neoplasms,Malignant neoplasm of gallbladder and extrahepatic bile ducts,Excision small intestine,107938000,-0.7338704,1,3,159.3
159.3,Malignant neoplasm of gallbladder and extrahepatic bile ducts,neoplasms,Malignant neoplasm of gallbladder and extrahepatic bile ducts,GI - Gastrointestinal bleed,74474003,0.97135353,1,1,159.3
159.3,Malignant neoplasm of gallbladder and extrahepatic bile ducts,neoplasms,Malignant neoplasm of gallbladder and extrahepatic bile ducts,Colitis gravis,64766004,0.8586314,1,1,159.3
159.3,Malignant neoplasm of gallbladder and extrahepatic bile ducts,neoplasms,Malignant neoplasm of gallbladder and extrahepatic bile ducts,AG - Atrophic gastritis,84568007,0.8851054,1,1,159.3
159.3,Malignant neoplasm of gallbladder and extrahepatic bile ducts,neoplasms,Malignant neoplasm of gallbladder and extrahepatic bile ducts,PSC - Primary sclerosing cholangitis,197441003,0.975349,1,4,159.3
159.3,Malignant neoplasm of gallbladder and extrahepatic bile ducts,neoplasms,Malignant neoplasm of gallbladder and extrahepatic bile ducts,BRBPR,405729008,0.9837984,1,2,159.3
159.3,Malignant neoplasm of gallbladder and extrahepatic bile ducts,neoplasms,Malignant neoplasm of gallbladder and extrahepatic bile ducts,Stomatitis,95361005,0.6977182,0,2,159.3
159.3,Malignant neoplasm of gallbladder and extrahepatic bile ducts,neoplasms,Malignant neoplasm of gallbladder and extrahepatic bile ducts,GU - Gastric ulcer,397825006,0.996469,1,2,159.3
159.3,Malignant neoplasm of gallbladder and extrahepatic bile ducts,neoplasms,Malignant neoplasm of gallbladder and extrahepatic bile ducts,Primary hyperoxaluria,17901006,-0.6493514,0,2,159.3
159.3,Malignant neoplasm of gallbladder and extrahepatic bile ducts,neoplasms,Malignant neoplasm of gallbladder and extrahepatic bile ducts,Pancreatic pseudocyst,111374002,0.9422072,1,2,159.3
159.3,Malignant neoplasm of gallbladder and extrahepatic bile ducts,neoplasms,Malignant neoplasm of gallbladder and extrahepatic bile ducts,Hypomagnesaemia,190855004,0.50427175,0,1,159.3
159.3,Malignant neoplasm of gallbladder and extrahepatic bile ducts,neoplasms,Malignant neoplasm of gallbladder and extrahepatic bile ducts,Gastroduodenal ulcer,13200003,0.9919512,1,2,159.3
159.3,Malignant neoplasm of gallbladder and extrahepatic bile ducts,neoplasms,Malignant neoplasm of gallbladder and extrahepatic bile ducts,Cutaneous squamous cell carcinoma,254651007,0.1335617,0,2,159.3
159.3,Malignant neoplasm of gallbladder and extrahepatic bile ducts,neoplasms,Malignant neoplasm of gallbladder and extrahepatic bile ducts,Blood in stool,2901004,0.996135,1,1,159.3
159.3,Malignant neoplasm of gallbladder and extrahepatic bile ducts,neoplasms,Malignant neoplasm of gallbladder and extrahepatic bile ducts,DOS - Diffuse esophageal spasm,79962008,0.85803604,0,2,159.3
159.3,Malignant neoplasm of gallbladder and extrahepatic bile ducts,neoplasms,Malignant neoplasm of gallbladder and extrahepatic bile ducts,AP - Acute pancreatitis,197456007,0.84428215,1,4,159.3
159.3,Malignant neoplasm of gallbladder and extrahepatic bile ducts,neoplasms,Malignant neoplasm of gallbladder and extrahepatic bile ducts,HLTx - Heart lung transplant,32477003,0.6581504,0,1,159.3
159.3,Malignant neoplasm of gallbladder and extrahepatic bile ducts,neoplasms,Malignant neoplasm of gallbladder and extrahepatic bile ducts,Inflammation of pancreas,75694006,0.9781244,1,4,159.3
159.3,Malignant neoplasm of gallbladder and extrahepatic bile ducts,neoplasms,Malignant neoplasm of gallbladder and extrahepatic bile ducts,MDS - Myelodysplastic syndrome,109995007,0.6137396,0,1,159.3
159.3,Malignant neoplasm of gallbladder and extrahepatic bile ducts,neoplasms,Malignant neoplasm of gallbladder and extrahepatic bile ducts,Appendectomy,80146002,0.90754807,1,1,159.3
159.3,Malignant neoplasm of gallbladder and extrahepatic bile ducts,neoplasms,Malignant neoplasm of gallbladder and extrahepatic bile ducts,Carcinoma of stomach,372143007,0.96967113,1,2,159.3
159.3,Malignant neoplasm of gallbladder and extrahepatic bile ducts,neoplasms,Malignant neoplasm of gallbladder and extrahepatic bile ducts,Acute circulatory failure,27942005,0.77668947,0,2,159.3
159.3,Malignant neoplasm of gallbladder and extrahepatic bile ducts,neoplasms,Malignant neoplasm of gallbladder and extrahepatic bile ducts,ASD - Atrial septal defect,70142008,0.47711098,0,1,159.3
159.3,Malignant neoplasm of gallbladder and extrahepatic bile ducts,neoplasms,Malignant neoplasm of gallbladder and extrahepatic bile ducts,Unexplained weight loss,422868009,0.7427614,1,5,159.3
159.3,Malignant neoplasm of gallbladder and extrahepatic bile ducts,neoplasms,Malignant neoplasm of gallbladder and extrahepatic bile ducts,Neurogenic bladder,398064005,0.91763747,0,2,159.3
159.3,Malignant neoplasm of gallbladder and extrahepatic bile ducts,neoplasms,Malignant neoplasm of gallbladder and extrahepatic bile ducts,Gastric catarrh,4556007,0.9385356,1,1,159.3
159.3,Malignant neoplasm of gallbladder and extrahepatic bile ducts,neoplasms,Malignant neoplasm of gallbladder and extrahepatic bile ducts,CD - Celiac disease,396331005,0.9651834,1,1,159.3
159.3,Malignant neoplasm of gallbladder and extrahepatic bile ducts,neoplasms,Malignant neoplasm of gallbladder and extrahepatic bile ducts,Upper GI - gastrointestinal haemorrhage,37372002,0.93525267,1,1,159.3
165.1,Cancer of bronchus; lung,neoplasms,Cancer of bronchus; lung,Pleurisy,196075003,0.83297706,0,5,165.1
165.1,Cancer of bronchus; lung,neoplasms,Cancer of bronchus; lung,Bronchial endoscopy,10847001,0.9490153,0,5,165.1
165.1,Cancer of bronchus; lung,neoplasms,Cancer of bronchus; lung,EP - Epilepsy,84757009,0.42977047,0,1,165.1
165.1,Cancer of bronchus; lung,neoplasms,Cancer of bronchus; lung,Biopsy,86273004,0.8457981,1,5,165.1
165.1,Cancer of bronchus; lung,neoplasms,Cancer of bronchus; lung,AA - Alcohol abuse,15167005,0.33958095,0,2,165.1
165.1,Cancer of bronchus; lung,neoplasms,Cancer of bronchus; lung,Jaw pain,274667000,0.2981068,0,1,165.1
165.1,Cancer of bronchus; lung,neoplasms,Cancer of bronchus; lung,Night sweats,42984000,0.70926553,1,2,165.1
165.1,Cancer of bronchus; lung,neoplasms,Cancer of bronchus; lung,MTC - Medullary thyroid carcinoma,255032005,0.11936597,1,1,165.1
165.1,Cancer of bronchus; lung,neoplasms,Cancer of bronchus; lung,Pneumonitis,205237003,0.9733478,0,3,165.1
165.1,Cancer of bronchus; lung,neoplasms,Cancer of bronchus; lung,Lymphoma,118600007,0.72055113,1,1,165.1
165.1,Cancer of bronchus; lung,neoplasms,Cancer of bronchus; lung,Septic sore throat,43878008,0.8769814,0,1,165.1
165.1,Cancer of bronchus; lung,neoplasms,Cancer of bronchus; lung,Chewing tobacco user,81703003,-0.78878045,1,5,165.1
165.1,Cancer of bronchus; lung,neoplasms,Cancer of bronchus; lung,Tumor of mediastinum,94147001,-0.73143005,1,4,165.1
165.1,Cancer of bronchus; lung,neoplasms,Cancer of bronchus; lung,Foot pain,47933007,0.4601555,0,1,165.1
165.1,Cancer of bronchus; lung,neoplasms,Cancer of bronchus; lung,Bruit,70466008,0.26391202,0,1,165.1
165.1,Cancer of bronchus; lung,neoplasms,Cancer of bronchus; lung,Observation of urethral discharge,9957009,0.49905875,0,1,165.1
165.1,Cancer of bronchus; lung,neoplasms,Cancer of bronchus; lung,Lump on neck,299703001,-0.13587946,1,1,165.1
165.1,Cancer of bronchus; lung,neoplasms,Cancer of bronchus; lung,"Malignant lymphoma, non-Hodgkin's type",118601006,0.6350208,1,1,165.1
165.1,Cancer of bronchus; lung,neoplasms,Cancer of bronchus; lung,Neoplasm screening,15886004,-0.75227183,1,3,165.1
165.1,Cancer of bronchus; lung,neoplasms,Cancer of bronchus; lung,OM - Osteomyelitis,60168000,0.86747706,0,1,165.1
165.1,Cancer of bronchus; lung,neoplasms,Cancer of bronchus; lung,Clinical von Reclinghausen's disease,92824003,0.598135,1,2,165.1
165.1,Cancer of bronchus; lung,neoplasms,Cancer of bronchus; lung,Erythema contagiosum,34730008,-0.56903094,0,1,165.1
165.1,Cancer of bronchus; lung,neoplasms,Cancer of bronchus; lung,Unexplained weight loss,422868009,0.61609685,1,5,165.1
165.1,Cancer of bronchus; lung,neoplasms,Cancer of bronchus; lung,Bone pain,12584003,0.67552495,0,3,165.1
165.1,Cancer of bronchus; lung,neoplasms,Cancer of bronchus; lung,OM - Otitis media,65363002,0.91236174,0,1,165.1
165.1,Cancer of bronchus; lung,neoplasms,Cancer of bronchus; lung,Discharge of ear,65668001,0.26426852,0,1,165.1
172.11,Melanomas of skin,neoplasms,Melanomas of skin,Achrochordon,201091002,0.8616462,1,3,172.11
172.11,Melanomas of skin,neoplasms,Melanomas of skin,Biopsy,86273004,0.91480947,1,4,172.11
172.11,Melanomas of skin,neoplasms,Melanomas of skin,Waldenstrom's macroglobulinaemia,190818004,0.64633274,0,2,172.11
172.11,Melanomas of skin,neoplasms,Melanomas of skin,FOM - Frequency of micturition,162116003,0.48740909,0,1,172.11
172.11,Melanomas of skin,neoplasms,Melanomas of skin,Proliferative retinopathy due to diabetes mellitus,59276001,-0.033543736,0,1,172.11
172.11,Melanomas of skin,neoplasms,Melanomas of skin,CA - Cancer,363346000,0.84192187,1,4,172.11
172.11,Melanomas of skin,neoplasms,Melanomas of skin,Esophageal dysphagia,40890009,0.3511371,0,1,172.11
172.11,Melanomas of skin,neoplasms,Melanomas of skin,Dyssplenism,58381000,0.4424013,0,1,172.11
172.11,Melanomas of skin,neoplasms,Melanomas of skin,Addison's keloid,201048007,-0.5773067,1,2,172.11
172.11,Melanomas of skin,neoplasms,Melanomas of skin,Cutaneous squamous cell carcinoma,254651007,0.62516093,1,5,172.11
172.11,Melanomas of skin,neoplasms,Melanomas of skin,Atrophic arthritis,69896004,0.71487546,0,1,172.11
172.11,Melanomas of skin,neoplasms,Melanomas of skin,Lump on neck,299703001,0.25873905,1,3,172.11
172.11,Melanomas of skin,neoplasms,Melanomas of skin,CEA - Carotid endarterectomy,66951008,-0.9610634,0,1,172.11
172.11,Melanomas of skin,neoplasms,Melanomas of skin,Oxyphilic adenocarcinoma,443261008,0.5848911,0,2,172.11
172.11,Melanomas of skin,neoplasms,Melanomas of skin,Burning sensation,90673000,0.9480591,1,1,172.11
172.11,Melanomas of skin,neoplasms,Melanomas of skin,AK - Actinic keratosis,46795000,0.8993325,1,4,172.11
172.11,Melanomas of skin,neoplasms,Melanomas of skin,AK - Actinic keratosis,46795000,0.8993325,1,4,172.11
172.11,Melanomas of skin,neoplasms,Melanomas of skin,Sarcoma,424413001,0.8126676,1,3,172.11
172.11,Melanomas of skin,neoplasms,Melanomas of skin,Osteosarcoma,307576001,0.6895329,1,3,172.11
172.11,Melanomas of skin,neoplasms,Melanomas of skin,Postmenopausal,76498008,0.8550608,0,1,172.11
172.11,Melanomas of skin,neoplasms,Melanomas of skin,Sclerosing cholangitis,235917005,0.6063822,0,1,172.11
172.11,Melanomas of skin,neoplasms,Melanomas of skin,Chemical diabetes,9414007,-0.034919098,0,1,172.11
172.11,Melanomas of skin,neoplasms,Melanomas of skin,Flushing,238810007,0.9116879,1,1,172.11
172.11,Melanomas of skin,neoplasms,Melanomas of skin,Clinical von Reclinghausen's disease,92824003,0.8833836,1,1,172.11
172.11,Melanomas of skin,neoplasms,Melanomas of skin,Balloon angioplasty of coronary artery,11101003,0.30982393,0,1,172.11
172.11,Melanomas of skin,neoplasms,Melanomas of skin,Agranulocytosis,17182001,0.23366715,0,1,172.11
172.11,Melanomas of skin,neoplasms,Melanomas of skin,Comedone,247467008,0.8322099,1,3,172.11
172.11,Melanomas of skin,neoplasms,Melanomas of skin,Basedow disease,353295004,0.3277014,0,1,172.11
172.11,Melanomas of skin,neoplasms,Melanomas of skin,Central hyperalimentation,225372007,0.69631666,0,1,172.11
172.11,Melanomas of skin,neoplasms,Melanomas of skin,Calcium deficiency disease,5291005,0.5192492,0,1,172.11
172.11,Melanomas of skin,neoplasms,Melanomas of skin,Parasomnia,58690002,0.027509576,0,1,172.11
172.11,Melanomas of skin,neoplasms,Melanomas of skin,Bony metastasis,94222008,0.7913779,1,5,172.11
172.11,Melanomas of skin,neoplasms,Melanomas of skin,Paraganglioma,302833002,0.52004313,1,1,172.11
172.11,Melanomas of skin,neoplasms,Melanomas of skin,Actinic lentigo,72100002,-0.2893095,1,5,172.11
172.11,Melanomas of skin,neoplasms,Melanomas of skin,AK - Actinic keratosis,201101007,0.91242576,1,4,172.11
172.11,Melanomas of skin,neoplasms,Melanomas of skin,AK - Actinic keratosis,201101007,0.91242576,1,4,172.11
172.21,Basal cell carcinoma,neoplasms,Basal cell carcinoma,Augmentation mammoplasty,22890008,-0.19131303,1,1,172.21
172.21,Basal cell carcinoma,neoplasms,Basal cell carcinoma,Pyogenic granuloma,200722003,0.16892678,0,3,172.21
172.21,Basal cell carcinoma,neoplasms,Basal cell carcinoma,Photosensitivity,90128006,-0.1360236,0,5,172.21
172.21,Basal cell carcinoma,neoplasms,Basal cell carcinoma,Hypertrophy of breast,372281005,0.5621245,1,3,172.21
172.21,Basal cell carcinoma,neoplasms,Basal cell carcinoma,LV hypertrophy,55827005,0.009625163,0,3,172.21
172.21,Basal cell carcinoma,neoplasms,Basal cell carcinoma,Medulloblastoma,443333004,0.40506065,1,2,172.21
172.21,Basal cell carcinoma,neoplasms,Basal cell carcinoma,Neuroblastoma,432328008,0.67012763,1,2,172.21
172.21,Basal cell carcinoma,neoplasms,Basal cell carcinoma,Closure of patent foramen ovale,41817002,-0.36904806,0,1,172.21
172.21,Basal cell carcinoma,neoplasms,Basal cell carcinoma,BRVO - Branch retinal vein occlusion,24596005,-0.7242536,0,1,172.21
172.21,Basal cell carcinoma,neoplasms,Basal cell carcinoma,Lipoma of skin,255187008,-0.2844327,1,4,172.21
172.21,Basal cell carcinoma,neoplasms,Basal cell carcinoma,Hypochromic microcytic anaemia,44666001,0.6417061,0,1,172.21
172.21,Basal cell carcinoma,neoplasms,Basal cell carcinoma,Adynamic ileus,55525008,0.66295975,0,1,172.21
172.21,Basal cell carcinoma,neoplasms,Basal cell carcinoma,Costochondral junction syndrome,30128009,-0.44543803,0,1,172.21
172.21,Basal cell carcinoma,neoplasms,Basal cell carcinoma,CT - Chemotherapy,367336001,0.5310129,0,3,172.21
172.21,Basal cell carcinoma,neoplasms,Basal cell carcinoma,Detrusor overactivity,786460007,0.06188766,0,2,172.21
172.21,Basal cell carcinoma,neoplasms,Basal cell carcinoma,Injury of toe,282776008,-0.2622897,0,1,172.21
172.21,Basal cell carcinoma,neoplasms,Basal cell carcinoma,Liposarcoma,254829001,0.34863108,1,4,172.21
172.21,Basal cell carcinoma,neoplasms,Basal cell carcinoma,Abnormal mammogram,168750009,-0.14543164,1,1,172.21
172.21,Basal cell carcinoma,neoplasms,Basal cell carcinoma,Hypothyroidism following radioiodine therapy,40539002,-0.3339185,0,1,172.21
172.21,Basal cell carcinoma,neoplasms,Basal cell carcinoma,Extended hemicolectomy,43075005,-0.2914812,1,1,172.21
172.21,Basal cell carcinoma,neoplasms,Basal cell carcinoma,ACL - Anterior cruciate ligament rupture,239725005,-0.18796998,0,1,172.21
172.21,Basal cell carcinoma,neoplasms,Basal cell carcinoma,Screening colonoscopy,444783004,-0.24600595,1,4,172.21
172.21,Basal cell carcinoma,neoplasms,Basal cell carcinoma,Tobacco use,110483000,-0.3437041,1,4,172.21
172.21,Basal cell carcinoma,neoplasms,Basal cell carcinoma,CHRPE - Congenital hypertophy of retinal pigment epithelium,232074003,0.079142176,1,1,172.21
172.21,Basal cell carcinoma,neoplasms,Basal cell carcinoma,Difficulty talking,286378009,-0.3031147,0,4,172.21
172.21,Basal cell carcinoma,neoplasms,Basal cell carcinoma,Breast reduction,59214008,0.85349816,1,1,172.21
172.21,Basal cell carcinoma,neoplasms,Basal cell carcinoma,KP - Keratosis pilaris,5132005,0.82285035,0,4,172.21
172.21,Basal cell carcinoma,neoplasms,Basal cell carcinoma,Cancer metastatic to neck lymph nodes,94397007,0.4993107,1,4,172.21
172.21,Basal cell carcinoma,neoplasms,Basal cell carcinoma,Anal pain,68653001,0.94721913,1,1,172.21
172.21,Basal cell carcinoma,neoplasms,Basal cell carcinoma,Fracture of bone of face,157176002,-0.38911036,0,1,172.21
172.21,Basal cell carcinoma,neoplasms,Basal cell carcinoma,Panniculitis,22125009,-0.33683997,0,3,172.21
172.21,Basal cell carcinoma,neoplasms,Basal cell carcinoma,Carcinomatosis,307593001,0.8201203,1,4,172.21
172.21,Basal cell carcinoma,neoplasms,Basal cell carcinoma,Bladder excision,108034003,-0.15817337,1,1,172.21
172.21,Basal cell carcinoma,neoplasms,Basal cell carcinoma,Dislocation of finger,125619004,-0.4207431,0,1,172.21
172.21,Basal cell carcinoma,neoplasms,Basal cell carcinoma,Lipoma of spermatic cord,93162007,-0.2402351,1,2,172.21
172.22,Squamous cell carcinoma,neoplasms,Squamous cell carcinoma,Achrochordon,201091002,0.6203191,1,4,172.22
172.22,Squamous cell carcinoma,neoplasms,Squamous cell carcinoma,Biopsy,86273004,0.81173104,1,5,172.22
172.22,Squamous cell carcinoma,neoplasms,Squamous cell carcinoma,Diffuse parenchymal lung disease,233703007,-0.13755366,0,1,172.22
172.22,Squamous cell carcinoma,neoplasms,Squamous cell carcinoma,Proctitis,3951002,-0.05740214,0,1,172.22
172.22,Squamous cell carcinoma,neoplasms,Squamous cell carcinoma,Acne vulgaris,88616000,0.91459787,1,2,172.22
172.22,Squamous cell carcinoma,neoplasms,Squamous cell carcinoma,Osteosarcoma,307576001,0.35400283,1,1,172.22
172.22,Squamous cell carcinoma,neoplasms,Squamous cell carcinoma,Clouded consciousness,40917007,0.42295617,0,1,172.22
172.22,Squamous cell carcinoma,neoplasms,Squamous cell carcinoma,Rupture of ovarian cyst,95598005,-0.6076454,0,1,172.22
172.22,Squamous cell carcinoma,neoplasms,Squamous cell carcinoma,Bacterial disease,87628006,0.95718914,0,1,172.22
172.22,Squamous cell carcinoma,neoplasms,Squamous cell carcinoma,Lymphoma,118600007,0.8252681,0,1,172.22
172.22,Squamous cell carcinoma,neoplasms,Squamous cell carcinoma,Arterial hypoxaemia,389087006,0.66063786,0,1,172.22
172.22,Squamous cell carcinoma,neoplasms,Squamous cell carcinoma,Flushing,238810007,0.49993643,1,1,172.22
172.22,Squamous cell carcinoma,neoplasms,Squamous cell carcinoma,Abrasion of skin,37236007,-0.48669556,1,3,172.22
172.22,Squamous cell carcinoma,neoplasms,Squamous cell carcinoma,CRF - Chronic renal failure,90688005,0.61331356,0,1,172.22
172.22,Squamous cell carcinoma,neoplasms,Squamous cell carcinoma,Melanocytic naevus,400096001,-0.6247134,1,2,172.22
172.22,Squamous cell carcinoma,neoplasms,Squamous cell carcinoma,Comedone,247467008,0.8699795,1,2,172.22
172.22,Squamous cell carcinoma,neoplasms,Squamous cell carcinoma,Diverticulitis,307496006,0.5335505,0,1,172.22
172.22,Squamous cell carcinoma,neoplasms,Squamous cell carcinoma,Endogenous hypertriglyceridaemia,275598004,-0.6820606,0,1,172.22
172.22,Squamous cell carcinoma,neoplasms,Squamous cell carcinoma,MAS - Meconium aspiration syndrome,206292002,-0.9065251,0,1,172.22
172.22,Squamous cell carcinoma,neoplasms,Squamous cell carcinoma,Cyst,441457006,0.73218447,0,3,172.22
172.22,Squamous cell carcinoma,neoplasms,Squamous cell carcinoma,Burning sensation,90673000,0.72522366,1,3,172.22
172.22,Squamous cell carcinoma,neoplasms,Squamous cell carcinoma,Human papilloma virus infection,240532009,0.76233506,1,5,172.22
172.22,Squamous cell carcinoma,neoplasms,Squamous cell carcinoma,Bladder dysfunction,40492006,0.25729278,0,1,172.22
172.22,Squamous cell carcinoma,neoplasms,Squamous cell carcinoma,Nasal septal perforation,80142000,-0.2792269,0,1,172.22
172.22,Squamous cell carcinoma,neoplasms,Squamous cell carcinoma,Vaginal discharge,271939006,0.7199022,0,1,172.22
172.22,Squamous cell carcinoma,neoplasms,Squamous cell carcinoma,"Pressure, NOS",73595000,-0.21409449,0,1,172.22
172.22,Squamous cell carcinoma,neoplasms,Squamous cell carcinoma,Clinical von Reclinghausen's disease,92824003,0.48965555,1,1,172.22
172.22,Squamous cell carcinoma,neoplasms,Squamous cell carcinoma,Sarcoma,424413001,0.70213217,1,1,172.22
172.22,Squamous cell carcinoma,neoplasms,Squamous cell carcinoma,Actinic lentigo,72100002,-0.5075424,1,3,172.22
172.22,Squamous cell carcinoma,neoplasms,Squamous cell carcinoma,Seborrheic keratosis,398838000,0.8422161,1,4,172.22
172.22,Squamous cell carcinoma,neoplasms,Squamous cell carcinoma,Seborrheic wart,50563003,0.9037752,1,2,172.22
172.22,Squamous cell carcinoma,neoplasms,Squamous cell carcinoma,Renal tubular acidosis,1776003,0.13070233,0,1,172.22
172.22,Squamous cell carcinoma,neoplasms,Squamous cell carcinoma,ASHD - Atherosclerotic heart disease,53741008,0.3952642,0,1,172.22
172.3,Carcinoma in situ of skin,neoplasms,Carcinoma in situ of skin,Flat wart,240539000,-0.09445951,1,4,172.3
172.3,Carcinoma in situ of skin,neoplasms,Carcinoma in situ of skin,Chronic migraine,427419006,-0.18164846,0,1,172.3
172.3,Carcinoma in situ of skin,neoplasms,Carcinoma in situ of skin,Feeding poor,299698007,-0.2021407,0,1,172.3
172.3,Carcinoma in situ of skin,neoplasms,Carcinoma in situ of skin,CRU - Chronic retention of urine,236650000,-0.26774558,0,1,172.3
172.3,Carcinoma in situ of skin,neoplasms,Carcinoma in situ of skin,Epidermal naevus,239107007,-0.26701757,1,5,172.3
172.3,Carcinoma in situ of skin,neoplasms,Carcinoma in situ of skin,Coccygeal sinus,47639008,-0.030054376,1,1,172.3
172.3,Carcinoma in situ of skin,neoplasms,Carcinoma in situ of skin,MMR triple vaccination,38598009,-0.2664166,0,1,172.3
172.3,Carcinoma in situ of skin,neoplasms,Carcinoma in situ of skin,Nodular goiter,190236006,0.54528165,0,1,172.3
172.3,Carcinoma in situ of skin,neoplasms,Carcinoma in situ of skin,Lipoma of skin,255187008,-0.37418756,1,2,172.3
172.3,Carcinoma in situ of skin,neoplasms,Carcinoma in situ of skin,Tetanus immunisation,127786006,-0.4685591,0,1,172.3
172.3,Carcinoma in situ of skin,neoplasms,Carcinoma in situ of skin,Haemolytic anaemia,61261009,0.5140702,0,1,172.3
172.3,Carcinoma in situ of skin,neoplasms,Carcinoma in situ of skin,Bacterial conjunctivitis,128350005,0.6432648,0,1,172.3
172.3,Carcinoma in situ of skin,neoplasms,Carcinoma in situ of skin,Lipoma of spermatic cord,93162007,-0.34046274,1,1,172.3
172.3,Carcinoma in situ of skin,neoplasms,Carcinoma in situ of skin,Cutaneous tumor,126488004,0.664965,1,5,172.3
172.3,Carcinoma in situ of skin,neoplasms,Carcinoma in situ of skin,Anal pain,68653001,0.8968946,1,1,172.3
172.3,Carcinoma in situ of skin,neoplasms,Carcinoma in situ of skin,Cancer metastatic to neck lymph nodes,94397007,0.4301641,1,1,172.3
172.3,Carcinoma in situ of skin,neoplasms,Carcinoma in situ of skin,Congenital melanocytic naevus,398696001,0.77147055,1,5,172.3
172.3,Carcinoma in situ of skin,neoplasms,Carcinoma in situ of skin,Liposarcoma,254829001,0.21417871,1,1,172.3
172.3,Carcinoma in situ of skin,neoplasms,Carcinoma in situ of skin,Neuroblastoma,432328008,0.6358775,1,1,172.3
172.3,Carcinoma in situ of skin,neoplasms,Carcinoma in situ of skin,AA - Alopecia areata,68225006,0.9504831,1,1,172.3
172.3,Carcinoma in situ of skin,neoplasms,Carcinoma in situ of skin,Carcinomatosis,307593001,0.81651,1,1,172.3
172.3,Carcinoma in situ of skin,neoplasms,Carcinoma in situ of skin,Primary female infertility,5084002,-0.3784237,0,1,172.3
172.3,Carcinoma in situ of skin,neoplasms,Carcinoma in situ of skin,Incomplete miscarriage,156072005,0.522299,0,1,172.3
172.3,Carcinoma in situ of skin,neoplasms,Carcinoma in situ of skin,Glucosuria,45154002,-0.5545225,0,1,172.3
172.3,Carcinoma in situ of skin,neoplasms,Carcinoma in situ of skin,Bloodstained amniotic fluid,249134008,-0.3756331,0,1,172.3
172.3,Carcinoma in situ of skin,neoplasms,Carcinoma in situ of skin,Periumbilical abdominal pain,443503005,-0.24633433,0,1,172.3
172.3,Carcinoma in situ of skin,neoplasms,Carcinoma in situ of skin,Chloasma,36209000,-0.28700125,1,2,172.3
172.3,Carcinoma in situ of skin,neoplasms,Carcinoma in situ of skin,Community acquired pneumonia,385093006,-0.34140787,0,1,172.3
172.3,Carcinoma in situ of skin,neoplasms,Carcinoma in situ of skin,Excision of skin tag,309430005,-0.1986396,1,2,172.3
172.3,Carcinoma in situ of skin,neoplasms,Carcinoma in situ of skin,Correction of hammer toe,127601009,-0.42926255,0,1,172.3
172.3,Carcinoma in situ of skin,neoplasms,Carcinoma in situ of skin,Acute pseudo-obstruction of colon,35065006,-0.099005304,0,1,172.3
172.3,Carcinoma in situ of skin,neoplasms,Carcinoma in situ of skin,KP - Keratosis pilaris,5132005,0.9589489,1,1,172.3
172.3,Carcinoma in situ of skin,neoplasms,Carcinoma in situ of skin,Dystrophia unguium,87065009,-0.34757861,1,1,172.3
174.11,Malignant neoplasm of female breast,neoplasms,Malignant neoplasm of female breast,Leiomyosarcoma,443719001,0.13001134,1,5,174.11
174.11,Malignant neoplasm of female breast,neoplasms,Malignant neoplasm of female breast,Oxyphilic adenocarcinoma,443261008,0.7468215,1,5,174.11
174.11,Malignant neoplasm of female breast,neoplasms,Malignant neoplasm of female breast,Nonspecific syndrome suggestive of viral illness,445939008,-0.65203494,0,1,174.11
174.11,Malignant neoplasm of female breast,neoplasms,Malignant neoplasm of female breast,Observation of urethral discharge,9957009,0.82647514,0,1,174.11
174.11,Malignant neoplasm of female breast,neoplasms,Malignant neoplasm of female breast,FTC - Follicular thyroid carcinoma,255028004,-0.48092803,1,1,174.11
174.11,Malignant neoplasm of female breast,neoplasms,Malignant neoplasm of female breast,Breast pain,53430007,0.6279189,1,4,174.11
174.11,Malignant neoplasm of female breast,neoplasms,Malignant neoplasm of female breast,Gout,90560007,0.6096168,0,1,174.11
174.11,Malignant neoplasm of female breast,neoplasms,Malignant neoplasm of female breast,Radiographic imaging procedure,363680008,0.43734816,0,5,174.11
174.11,Malignant neoplasm of female breast,neoplasms,Malignant neoplasm of female breast,"Follicular carcinoma, oxyphilic cell",57596004,-0.31020492,1,1,174.11
174.11,Malignant neoplasm of female breast,neoplasms,Malignant neoplasm of female breast,Congenital cataract,79410001,-0.7949817,0,1,174.11
174.11,Malignant neoplasm of female breast,neoplasms,Malignant neoplasm of female breast,"Pressure, NOS",73595000,0.1766104,0,1,174.11
174.11,Malignant neoplasm of female breast,neoplasms,Malignant neoplasm of female breast,APL - Antiphospholipid syndrome,26843008,0.60726523,0,1,174.11
174.11,Malignant neoplasm of female breast,neoplasms,Malignant neoplasm of female breast,Biopsy of breast,122548005,0.10319948,1,5,174.11
174.11,Malignant neoplasm of female breast,neoplasms,Malignant neoplasm of female breast,Labial adhesions,248866005,-0.6024319,0,4,174.11
174.11,Malignant neoplasm of female breast,neoplasms,Malignant neoplasm of female breast,Achrochordon,201091002,0.8489207,1,2,174.11
174.11,Malignant neoplasm of female breast,neoplasms,Malignant neoplasm of female breast,MTC - Medullary thyroid carcinoma,255032005,0.810801,1,1,174.11
174.11,Malignant neoplasm of female breast,neoplasms,Malignant neoplasm of female breast,Renal rickets,16726004,-0.037446238,0,1,174.11
174.11,Malignant neoplasm of female breast,neoplasms,Malignant neoplasm of female breast,Flushing,238810007,0.96711993,1,1,174.11
174.11,Malignant neoplasm of female breast,neoplasms,Malignant neoplasm of female breast,Breast finding,116339002,-0.58041763,1,5,174.11
174.11,Malignant neoplasm of female breast,neoplasms,Malignant neoplasm of female breast,FLS - Phantom limb syndrome,193114000,-0.67912513,0,1,174.11
174.11,Malignant neoplasm of female breast,neoplasms,Malignant neoplasm of female breast,AS - Ankylosing spondylitis,9631008,0.702765,0,1,174.11
174.11,Malignant neoplasm of female breast,neoplasms,Malignant neoplasm of female breast,Benign unconjugated bilirubinaemia syndrome,27503000,0.48661304,0,3,174.11
174.11,Malignant neoplasm of female breast,neoplasms,Malignant neoplasm of female breast,Folate deficiency anaemia,85649008,0.72565514,0,4,174.11
174.11,Malignant neoplasm of female breast,neoplasms,Malignant neoplasm of female breast,Bony metastasis,94222008,0.9025636,1,5,174.11
174.11,Malignant neoplasm of female breast,neoplasms,Malignant neoplasm of female breast,Prolactin-secreting pituitary adenoma,134209002,0.3241437,1,1,174.11
174.11,Malignant neoplasm of female breast,neoplasms,Malignant neoplasm of female breast,Proliferative retinopathy due to diabetes mellitus,59276001,-0.052301485,0,3,174.11
174.11,Malignant neoplasm of female breast,neoplasms,Malignant neoplasm of female breast,Clinical von Reclinghausen's disease,92824003,0.9590591,1,3,174.11
174.11,Malignant neoplasm of female breast,neoplasms,Malignant neoplasm of female breast,Sarcoma,424413001,0.8464558,1,5,174.11
174.11,Malignant neoplasm of female breast,neoplasms,Malignant neoplasm of female breast,Secondary thyroid hyperplasia,26389007,0.32035434,0,1,174.11
174.11,Malignant neoplasm of female breast,neoplasms,Malignant neoplasm of female breast,Icteric,18165001,0.6944457,0,2,174.11
174.11,Malignant neoplasm of female breast,neoplasms,Malignant neoplasm of female breast,CTD - Carpal tunnel decompression,47534009,-0.6554894,0,1,174.11
174.11,Malignant neoplasm of female breast,neoplasms,Malignant neoplasm of female breast,Swelling of finger,299060006,-0.2294632,0,1,174.11
174.11,Malignant neoplasm of female breast,neoplasms,Malignant neoplasm of female breast,Bile stasis,33688009,0.68274033,0,1,174.11
174.2,Breast cancer [male],neoplasms,Breast cancer [male],Bile stasis,33688009,0.71590245,0,2,174.2
174.2,Breast cancer [male],neoplasms,Breast cancer [male],Adrenal tumor,127021009,0.9797995,1,5,174.2
174.2,Breast cancer [male],neoplasms,Breast cancer [male],Oxyphilic adenocarcinoma,443261008,0.66331583,1,3,174.2
174.2,Breast cancer [male],neoplasms,Breast cancer [male],MTC - Medullary thyroid carcinoma,255032005,0.75646764,1,3,174.2
174.2,Breast cancer [male],neoplasms,Breast cancer [male],PTSD - Post-traumatic stress disorder,47505003,0.5831181,0,1,174.2
174.2,Breast cancer [male],neoplasms,Breast cancer [male],Idiopathic hypereosinophilic syndrome,423294001,-0.31134158,0,1,174.2
174.2,Breast cancer [male],neoplasms,Breast cancer [male],CD - Celiac disease,396331005,0.9144659,0,1,174.2
174.2,Breast cancer [male],neoplasms,Breast cancer [male],Infection by Trichomonas,56335008,0.68339753,0,1,174.2
174.2,Breast cancer [male],neoplasms,Breast cancer [male],FTC - Follicular thyroid carcinoma,255028004,-0.5585515,1,3,174.2
174.2,Breast cancer [male],neoplasms,Breast cancer [male],Clinical von Reclinghausen's disease,92824003,0.97743183,1,3,174.2
174.2,Breast cancer [male],neoplasms,Breast cancer [male],Congenital atresia of pulmonary valve,204342004,-0.44032678,0,1,174.2
174.2,Breast cancer [male],neoplasms,Breast cancer [male],Breast pain,53430007,0.54101044,1,5,174.2
174.2,Breast cancer [male],neoplasms,Breast cancer [male],Flushing,238810007,0.9467021,1,3,174.2
174.2,Breast cancer [male],neoplasms,Breast cancer [male],Impingement syndrome of shoulder,239960007,-0.60027075,0,4,174.2
174.2,Breast cancer [male],neoplasms,Breast cancer [male],"Follicular carcinoma, oxyphilic cell",57596004,-0.40740165,1,4,174.2
174.2,Breast cancer [male],neoplasms,Breast cancer [male],Prolactin-secreting pituitary adenoma,134209002,0.27977666,1,4,174.2
174.2,Breast cancer [male],neoplasms,Breast cancer [male],Breast cancer screening,268547008,0.61301076,1,5,174.2
174.2,Breast cancer [male],neoplasms,Breast cancer [male],FOS - Fiberoptic sigmoidoscopy,44441009,0.90119886,0,2,174.2
174.2,Breast cancer [male],neoplasms,Breast cancer [male],Atypical pneumonia,233606009,0.004794322,0,1,174.2
174.2,Breast cancer [male],neoplasms,Breast cancer [male],Extracorporeal haemodialysis,302497006,0.4682268,0,1,174.2
174.2,Breast cancer [male],neoplasms,Breast cancer [male],Agnogenic myeloid metaplasia,52967002,0.52921426,0,3,174.2
174.2,Breast cancer [male],neoplasms,Breast cancer [male],"EPH - Edema, proteinuria and hypertension of pregnancy",46764007,0.49713033,0,1,174.2
174.2,Breast cancer [male],neoplasms,Breast cancer [male],NGB - New growth of bladder,126885006,0.8115063,0,2,174.2
174.2,Breast cancer [male],neoplasms,Breast cancer [male],Sarcoma,424413001,0.8228648,1,4,174.2
174.2,Breast cancer [male],neoplasms,Breast cancer [male],Sustained ventricular tachycardia,426525004,-0.45255417,0,1,174.2
174.2,Breast cancer [male],neoplasms,Breast cancer [male],Lumbar spinal stenosis,18347007,-0.58069646,0,1,174.2
174.2,Breast cancer [male],neoplasms,Breast cancer [male],Biopsy of breast,122548005,0.00600278,1,5,174.2
174.2,Breast cancer [male],neoplasms,Breast cancer [male],Achrochordon,201091002,0.87246305,1,3,174.2
174.2,Breast cancer [male],neoplasms,Breast cancer [male],Itchy skin eruption,64144002,-0.49097314,0,4,174.2
174.2,Breast cancer [male],neoplasms,Breast cancer [male],Leiomyosarcoma,443719001,0.02200039,1,4,174.2
174.2,Breast cancer [male],neoplasms,Breast cancer [male],Excision of tonsil,173422009,0.23537537,0,1,174.2
174.2,Breast cancer [male],neoplasms,Breast cancer [male],Excessive liquor,86203003,-0.21141173,0,1,174.2
180.1,Cervical cancer,neoplasms,Cervical cancer,Cyst,441457006,0.85179234,1,3,180.1
180.1,Cervical cancer,neoplasms,Cervical cancer,Atrophic vaginitis,52441000,0.38213575,1,5,180.1
180.1,Cervical cancer,neoplasms,Cervical cancer,Observation of urethral discharge,9957009,0.61752605,1,5,180.1
180.1,Cervical cancer,neoplasms,Cervical cancer,Deficient liquor,59566000,0.28656277,0,1,180.1
180.1,Cervical cancer,neoplasms,Cervical cancer,KS - Kaposi's sarcoma,109385007,0.90568846,0,2,180.1
180.1,Cervical cancer,neoplasms,Cervical cancer,Aneurysmal haematoma,22036004,0.13155898,0,1,180.1
180.1,Cervical cancer,neoplasms,Cervical cancer,Palliative care,103735009,0.8971682,0,5,180.1
180.1,Cervical cancer,neoplasms,Cervical cancer,Infection by Trichomonas,56335008,0.946527,1,1,180.1
180.1,Cervical cancer,neoplasms,Cervical cancer,Aneurysm,432119003,0.20636901,0,1,180.1
180.1,Cervical cancer,neoplasms,Cervical cancer,Genital pruritus,267802000,0.12640232,1,5,180.1
180.1,Cervical cancer,neoplasms,Cervical cancer,Female pelvic inflammation,198130006,0.96521187,1,4,180.1
180.1,Cervical cancer,neoplasms,Cervical cancer,Hepatomegaly,80515008,0.5839445,0,1,180.1
180.1,Cervical cancer,neoplasms,Cervical cancer,Hereditary leptocytosis,40108008,-0.55860937,0,1,180.1
180.1,Cervical cancer,neoplasms,Cervical cancer,Carcinoma of stomach,372143007,0.73835117,0,2,180.1
180.1,Cervical cancer,neoplasms,Cervical cancer,Inflammation of vagina,30800001,0.9903765,1,4,180.1
180.1,Cervical cancer,neoplasms,Cervical cancer,Contraceptive method vasectomy,22523008,-0.7068638,1,1,180.1
180.1,Cervical cancer,neoplasms,Cervical cancer,Inflammation of urethra,31822004,0.9316224,1,4,180.1
180.1,Cervical cancer,neoplasms,Cervical cancer,Diastolic heart failure,418304008,-0.8715869,0,1,180.1
180.1,Cervical cancer,neoplasms,Cervical cancer,Burning on urination,58250006,0.8717199,1,4,180.1
180.1,Cervical cancer,neoplasms,Cervical cancer,Clap,15628003,0.9092459,1,1,180.1
180.1,Cervical cancer,neoplasms,Cervical cancer,Legg-Calve-Perthes disease,111255008,0.062250845,0,1,180.1
180.1,Cervical cancer,neoplasms,Cervical cancer,Celioscopy,73632009,0.8807702,1,4,180.1
180.1,Cervical cancer,neoplasms,Cervical cancer,Vulvovaginitis,53277000,0.9787057,1,4,180.1
180.1,Cervical cancer,neoplasms,Cervical cancer,Lumbar radiculopathy,128196005,-0.8295353,0,2,180.1
180.1,Cervical cancer,neoplasms,Cervical cancer,Swelling of scrotum,271687003,0.78376895,1,1,180.1
180.1,Cervical cancer,neoplasms,Cervical cancer,CH - Chronic hepatitis,76783007,-0.19095199,0,1,180.1
180.1,Cervical cancer,neoplasms,Cervical cancer,Orchialgia,63901009,0.20173135,1,1,180.1
180.1,Cervical cancer,neoplasms,Cervical cancer,Itching of vulva,67882000,0.22361198,1,4,180.1
180.1,Cervical cancer,neoplasms,Cervical cancer,Inflammation of testis,274718005,0.975724,1,1,180.1
180.1,Cervical cancer,neoplasms,Cervical cancer,Cancer metastatic to liver,94381002,0.8581874,0,4,180.1
180.1,Cervical cancer,neoplasms,Cervical cancer,Feeling tired,224960004,0.37252235,0,3,180.1
180.1,Cervical cancer,neoplasms,Cervical cancer,Balloon angioplasty of coronary artery,11101003,0.54968655,0,1,180.1
180.1,Cervical cancer,neoplasms,Cervical cancer,Comedone,247467008,0.78768724,0,1,180.1
180.1,Cervical cancer,neoplasms,Cervical cancer,Birth control,13197004,0.90397155,1,3,180.1
180.1,Cervical cancer,neoplasms,Cervical cancer,Tracheostomy,48387007,-0.09209651,0,1,180.1
180.1,Cervical cancer,neoplasms,Cervical cancer,Psychogenic seizures,191714002,-0.44297746,0,1,180.1
184.11,Malignant neoplasm of ovary,neoplasms,Malignant neoplasm of ovary,Sinusitis,36971009,0.6530565,0,1,184.11
184.11,Malignant neoplasm of ovary,neoplasms,Malignant neoplasm of ovary,Sclerosing cholangitis,235917005,0.80587626,0,1,184.11
184.11,Malignant neoplasm of ovary,neoplasms,Malignant neoplasm of ovary,Leiomyosarcoma,443719001,0.0073084943,1,3,184.11
184.11,Malignant neoplasm of ovary,neoplasms,Malignant neoplasm of ovary,APC - Adenomatous polyposis coli,72900001,0.9430276,1,2,184.11
184.11,Malignant neoplasm of ovary,neoplasms,Malignant neoplasm of ovary,Bony metastasis,94222008,0.84019184,1,4,184.11
184.11,Malignant neoplasm of ovary,neoplasms,Malignant neoplasm of ovary,OM - Otitis media,65363002,0.67775196,0,1,184.11
184.11,Malignant neoplasm of ovary,neoplasms,Malignant neoplasm of ovary,Human papilloma virus infection,240532009,0.86325264,0,3,184.11
184.11,Malignant neoplasm of ovary,neoplasms,Malignant neoplasm of ovary,Proliferative retinopathy due to diabetes mellitus,59276001,0.04676361,0,1,184.11
184.11,Malignant neoplasm of ovary,neoplasms,Malignant neoplasm of ovary,SS - Spinal stenosis,76107001,-0.31415588,0,1,184.11
184.11,Malignant neoplasm of ovary,neoplasms,Malignant neoplasm of ovary,Congenital funnel chest,391982004,-0.37379488,0,1,184.11
184.11,Malignant neoplasm of ovary,neoplasms,Malignant neoplasm of ovary,Paraganglioma,302833002,0.6865518,1,2,184.11
184.11,Malignant neoplasm of ovary,neoplasms,Malignant neoplasm of ovary,Infection by Treponema pallidum,76272004,0.67903244,0,1,184.11
184.11,Malignant neoplasm of ovary,neoplasms,Malignant neoplasm of ovary,Excision of stomach structure,53442002,0.8729164,0,4,184.11
184.11,Malignant neoplasm of ovary,neoplasms,Malignant neoplasm of ovary,Postmenopausal,76498008,0.9795307,1,5,184.11
184.11,Malignant neoplasm of ovary,neoplasms,Malignant neoplasm of ovary,Cerebroretinal angiomatosis,46659004,0.9757068,1,1,184.11
184.11,Malignant neoplasm of ovary,neoplasms,Malignant neoplasm of ovary,CA - Carcinoma of breast,254838004,-0.2594084,1,2,184.11
184.11,Malignant neoplasm of ovary,neoplasms,Malignant neoplasm of ovary,Neurosensory deafness,60700002,0.19973107,0,2,184.11
184.11,Malignant neoplasm of ovary,neoplasms,Malignant neoplasm of ovary,Lymphoproliferative disorder,277466009,-0.32083032,0,2,184.11
184.11,Malignant neoplasm of ovary,neoplasms,Malignant neoplasm of ovary,Sarcoma,424413001,0.8591329,1,4,184.11
184.11,Malignant neoplasm of ovary,neoplasms,Malignant neoplasm of ovary,Ovarian torsion,13595002,-0.66925144,0,1,184.11
184.11,Malignant neoplasm of ovary,neoplasms,Malignant neoplasm of ovary,Breast cancer screening,268547008,0.59214675,1,1,184.11
184.11,Malignant neoplasm of ovary,neoplasms,Malignant neoplasm of ovary,MTC - Medullary thyroid carcinoma,255032005,0.760303,1,2,184.11
184.11,Malignant neoplasm of ovary,neoplasms,Malignant neoplasm of ovary,Flushing,238810007,0.96220505,1,2,184.11
184.11,Malignant neoplasm of ovary,neoplasms,Malignant neoplasm of ovary,Mammogram - screening,24623002,-0.637056,1,1,184.11
184.11,Malignant neoplasm of ovary,neoplasms,Malignant neoplasm of ovary,CD - Conductive deafness,44057004,-0.5654172,0,1,184.11
184.11,Malignant neoplasm of ovary,neoplasms,Malignant neoplasm of ovary,Breast pain,53430007,0.5190311,1,1,184.11
184.11,Malignant neoplasm of ovary,neoplasms,Malignant neoplasm of ovary,Administration of steroid,297279009,0.28376305,0,2,184.11
184.11,Malignant neoplasm of ovary,neoplasms,Malignant neoplasm of ovary,Antenatal screening,243787009,-0.7593807,0,4,184.11
184.11,Malignant neoplasm of ovary,neoplasms,Malignant neoplasm of ovary,Deficiency of PTH,36976004,0.7259382,0,2,184.11
184.11,Malignant neoplasm of ovary,neoplasms,Malignant neoplasm of ovary,Biopsy of breast,122548005,-0.030432273,1,3,184.11
187.2,Malignant neoplasm of testis,neoplasms,Malignant neoplasm of testis,Eczema,43116000,0.6017896,0,1,187.2
187.2,Malignant neoplasm of testis,neoplasms,Malignant neoplasm of testis,Albuminuria,274769005,-0.3335882,0,1,187.2
187.2,Malignant neoplasm of testis,neoplasms,Malignant neoplasm of testis,Postmenopausal,76498008,0.99059236,1,1,187.2
187.2,Malignant neoplasm of testis,neoplasms,Malignant neoplasm of testis,Drug abuse,26416006,0.27761027,0,1,187.2
187.2,Malignant neoplasm of testis,neoplasms,Malignant neoplasm of testis,Eunuchoidism,48723006,-0.5280168,1,4,187.2
187.2,Malignant neoplasm of testis,neoplasms,Malignant neoplasm of testis,Infection due to Methicillin resistant Staphylococcus aureus,266096002,0.4490128,0,1,187.2
187.2,Malignant neoplasm of testis,neoplasms,Malignant neoplasm of testis,Acne,11381005,0.61544657,1,1,187.2
187.2,Malignant neoplasm of testis,neoplasms,Malignant neoplasm of testis,Lateral epicondylitis,202855006,-0.68461084,0,1,187.2
187.2,Malignant neoplasm of testis,neoplasms,Malignant neoplasm of testis,Cardiac infarction,22298006,0.55653507,0,1,187.2
187.2,Malignant neoplasm of testis,neoplasms,Malignant neoplasm of testis,Impaired fasting glucose,390951007,-0.8626189,0,1,187.2
187.2,Malignant neoplasm of testis,neoplasms,Malignant neoplasm of testis,Cancer of skin,372130007,0.77721155,0,1,187.2
187.2,Malignant neoplasm of testis,neoplasms,Malignant neoplasm of testis,Breast cancer,254837009,0.9849134,1,1,187.2
187.2,Malignant neoplasm of testis,neoplasms,Malignant neoplasm of testis,CN - Constipation,14760008,0.9092897,0,1,187.2
187.2,Malignant neoplasm of testis,neoplasms,Malignant neoplasm of testis,CHD - Congenital heart disease,13213009,0.6664431,0,1,187.2
187.2,Malignant neoplasm of testis,neoplasms,Malignant neoplasm of testis,Callosity,201040000,-0.39054298,0,1,187.2
187.2,Malignant neoplasm of testis,neoplasms,Malignant neoplasm of testis,Breast pain,53430007,0.45523334,1,1,187.2
187.2,Malignant neoplasm of testis,neoplasms,Malignant neoplasm of testis,Malignant neoplasm of ovary,93934004,0.4315109,1,1,187.2
187.2,Malignant neoplasm of testis,neoplasms,Malignant neoplasm of testis,Benign retention cyst,79883001,-0.059785917,1,1,187.2
187.2,Malignant neoplasm of testis,neoplasms,Malignant neoplasm of testis,Dryness of vagina,31908003,0.97491294,1,1,187.2
187.2,Malignant neoplasm of testis,neoplasms,Malignant neoplasm of testis,Cyst,441457006,0.83455116,1,5,187.2
187.2,Malignant neoplasm of testis,neoplasms,Malignant neoplasm of testis,Major depression,35489007,0.6335505,0,4,187.2
187.2,Malignant neoplasm of testis,neoplasms,Malignant neoplasm of testis,Cryoglobulinaemia,30911005,0.5544297,0,1,187.2
187.2,Malignant neoplasm of testis,neoplasms,Malignant neoplasm of testis,Bleeding from nose,249366005,0.7502719,0,1,187.2
187.2,Malignant neoplasm of testis,neoplasms,Malignant neoplasm of testis,Leiomyosarcoma,443719001,-0.066380806,1,1,187.2
187.2,Malignant neoplasm of testis,neoplasms,Malignant neoplasm of testis,Flushing,238810007,0.9490665,1,1,187.2
187.2,Malignant neoplasm of testis,neoplasms,Malignant neoplasm of testis,Endometriosis,129103003,0.97174007,1,1,187.2
187.2,Malignant neoplasm of testis,neoplasms,Malignant neoplasm of testis,Keratitis,5888003,0.611307,0,1,187.2
189.11,"Malignant neoplasm of kidney, except pelvis",neoplasms,"Malignant neoplasm of kidney, except pelvis",Pericarditis,3238004,0.9194137,1,1,189.11
189.11,"Malignant neoplasm of kidney, except pelvis",neoplasms,"Malignant neoplasm of kidney, except pelvis",Dissecting aneurysm of aorta,308546005,-0.73209345,1,1,189.11
189.11,"Malignant neoplasm of kidney, except pelvis",neoplasms,"Malignant neoplasm of kidney, except pelvis",Adenoma of pituitary,254956000,-0.9134788,0,3,189.11
189.11,"Malignant neoplasm of kidney, except pelvis",neoplasms,"Malignant neoplasm of kidney, except pelvis",CA - Cancer of uterus,371973000,-0.77180845,0,3,189.11
189.11,"Malignant neoplasm of kidney, except pelvis",neoplasms,"Malignant neoplasm of kidney, except pelvis",Vestibular disorder,20425006,0.38636908,0,1,189.11
189.11,"Malignant neoplasm of kidney, except pelvis",neoplasms,"Malignant neoplasm of kidney, except pelvis",Brady-tachy syndrome,74615001,0.04045067,0,3,189.11
189.11,"Malignant neoplasm of kidney, except pelvis",neoplasms,"Malignant neoplasm of kidney, except pelvis",Bladder spasm,249297006,0.41633978,0,4,189.11
189.11,"Malignant neoplasm of kidney, except pelvis",neoplasms,"Malignant neoplasm of kidney, except pelvis",Tuberculosis of lymph node,10893003,0.120288596,1,1,189.11
189.11,"Malignant neoplasm of kidney, except pelvis",neoplasms,"Malignant neoplasm of kidney, except pelvis",Congestive rheumatic heart failure,82523003,-0.65025055,1,1,189.11
189.11,"Malignant neoplasm of kidney, except pelvis",neoplasms,"Malignant neoplasm of kidney, except pelvis",Pinguecula,87614000,-0.5113741,0,1,189.11
189.11,"Malignant neoplasm of kidney, except pelvis",neoplasms,"Malignant neoplasm of kidney, except pelvis",Patellar tendonitis,37785001,-0.7626163,0,1,189.11
189.11,"Malignant neoplasm of kidney, except pelvis",neoplasms,"Malignant neoplasm of kidney, except pelvis",COR - Chronic cor pulmonale,79955004,0.77089286,1,1,189.11
189.11,"Malignant neoplasm of kidney, except pelvis",neoplasms,"Malignant neoplasm of kidney, except pelvis",Focal epilepsy,29753000,0.054547004,0,3,189.11
189.11,"Malignant neoplasm of kidney, except pelvis",neoplasms,"Malignant neoplasm of kidney, except pelvis",Disease of pericardium,55855009,0.87025,1,1,189.11
189.11,"Malignant neoplasm of kidney, except pelvis",neoplasms,"Malignant neoplasm of kidney, except pelvis",AI - Aortic incompetence,60234000,0.6357065,1,2,189.11
189.11,"Malignant neoplasm of kidney, except pelvis",neoplasms,"Malignant neoplasm of kidney, except pelvis",Cardiac US scan,40701008,0.69157165,1,1,189.11
189.11,"Malignant neoplasm of kidney, except pelvis",neoplasms,"Malignant neoplasm of kidney, except pelvis",LD - Lattice degeneration,3577000,-0.038839433,0,3,189.11
189.11,"Malignant neoplasm of kidney, except pelvis",neoplasms,"Malignant neoplasm of kidney, except pelvis",Chest discomfort,279084009,0.39548844,1,1,189.11
189.11,"Malignant neoplasm of kidney, except pelvis",neoplasms,"Malignant neoplasm of kidney, except pelvis",GSW (Gun shot wound),283545005,-0.5825264,0,1,189.11
189.11,"Malignant neoplasm of kidney, except pelvis",neoplasms,"Malignant neoplasm of kidney, except pelvis",OA - Optic atrophy,76976005,-0.46251866,0,1,189.11
189.11,"Malignant neoplasm of kidney, except pelvis",neoplasms,"Malignant neoplasm of kidney, except pelvis",Thrombocytopenia,302215000,0.8441626,0,1,189.11
189.11,"Malignant neoplasm of kidney, except pelvis",neoplasms,"Malignant neoplasm of kidney, except pelvis",PTB - Pulmonary tuberculosis,154283005,0.9174058,1,1,189.11
189.11,"Malignant neoplasm of kidney, except pelvis",neoplasms,"Malignant neoplasm of kidney, except pelvis",Chest cold,50417007,-0.65656793,1,1,189.11
189.11,"Malignant neoplasm of kidney, except pelvis",neoplasms,"Malignant neoplasm of kidney, except pelvis",Solitary nodule of lung,427359005,-0.24620084,1,3,189.11
189.11,"Malignant neoplasm of kidney, except pelvis",neoplasms,"Malignant neoplasm of kidney, except pelvis",Centesis,86088003,-0.01735871,0,2,189.11
189.11,"Malignant neoplasm of kidney, except pelvis",neoplasms,"Malignant neoplasm of kidney, except pelvis",Gastric catarrh,4556007,0.49341595,0,3,189.11
189.11,"Malignant neoplasm of kidney, except pelvis",neoplasms,"Malignant neoplasm of kidney, except pelvis",Hospice care,385763009,-0.66616654,1,4,189.11
189.11,"Malignant neoplasm of kidney, except pelvis",neoplasms,"Malignant neoplasm of kidney, except pelvis",Cardiac murmur,88610006,0.5203862,1,1,189.11
189.11,"Malignant neoplasm of kidney, except pelvis",neoplasms,"Malignant neoplasm of kidney, except pelvis",Infection due to Mycobacterium tuberculosis,56717001,0.9641533,1,1,189.11
189.11,"Malignant neoplasm of kidney, except pelvis",neoplasms,"Malignant neoplasm of kidney, except pelvis",BE - Bacterial endocarditis,301183007,0.942031,1,1,189.11
189.11,"Malignant neoplasm of kidney, except pelvis",neoplasms,"Malignant neoplasm of kidney, except pelvis",TI - Tricuspid incompetence,111287006,0.2051211,1,1,189.11
189.11,"Malignant neoplasm of kidney, except pelvis",neoplasms,"Malignant neoplasm of kidney, except pelvis",Arterial hypoxaemia,389087006,0.71992266,0,1,189.11
189.21,Malignant neoplasm of bladder,neoplasms,Malignant neoplasm of bladder,Palliative care,103735009,0.98261046,1,3,189.21
189.21,Malignant neoplasm of bladder,neoplasms,Malignant neoplasm of bladder,Clinical von Reclinghausen's disease,92824003,0.8432439,1,1,189.21
189.21,Malignant neoplasm of bladder,neoplasms,Malignant neoplasm of bladder,Abdominal lump,271860004,0.45038304,1,4,189.21
189.21,Malignant neoplasm of bladder,neoplasms,Malignant neoplasm of bladder,Paraganglioma,302833002,0.63496935,1,1,189.21
189.21,Malignant neoplasm of bladder,neoplasms,Malignant neoplasm of bladder,Hepatic tumor,126851005,0.6817831,1,3,189.21
189.21,Malignant neoplasm of bladder,neoplasms,Malignant neoplasm of bladder,Flushing,238810007,0.8697344,1,3,189.21
189.21,Malignant neoplasm of bladder,neoplasms,Malignant neoplasm of bladder,Excision small intestine,107938000,-0.744155,1,3,189.21
189.21,Malignant neoplasm of bladder,neoplasms,Malignant neoplasm of bladder,"Caught, crushed, jammed or pinched in or between objects",35468003,-0.830167,0,1,189.21
189.21,Malignant neoplasm of bladder,neoplasms,Malignant neoplasm of bladder,MD - Muscular dystrophy,73297009,0.5616074,0,1,189.21
189.21,Malignant neoplasm of bladder,neoplasms,Malignant neoplasm of bladder,Adrenal tumor,127021009,0.9013669,1,3,189.21
189.21,Malignant neoplasm of bladder,neoplasms,Malignant neoplasm of bladder,Dizziness - light-headed,386705008,0.5889368,0,1,189.21
189.21,Malignant neoplasm of bladder,neoplasms,Malignant neoplasm of bladder,Fracture of skull,71642004,-0.28674167,0,1,189.21
189.21,Malignant neoplasm of bladder,neoplasms,Malignant neoplasm of bladder,Dissociative identity disorder,31611000,-0.19522426,0,1,189.21
189.21,Malignant neoplasm of bladder,neoplasms,Malignant neoplasm of bladder,CLBP - Chronic low back pain,278860009,0.47252923,0,4,189.21
189.21,Malignant neoplasm of bladder,neoplasms,Malignant neoplasm of bladder,SA - Sexual abuse,213017001,0.3622154,0,1,189.21
189.21,Malignant neoplasm of bladder,neoplasms,Malignant neoplasm of bladder,Jaw pain,274667000,-0.068615794,0,1,189.21
189.21,Malignant neoplasm of bladder,neoplasms,Malignant neoplasm of bladder,Bulge,65124004,0.86216676,1,1,189.21
189.21,Malignant neoplasm of bladder,neoplasms,Malignant neoplasm of bladder,Moschcowitz syndrome,78129009,0.65864384,0,1,189.21
189.21,Malignant neoplasm of bladder,neoplasms,Malignant neoplasm of bladder,Biopsy,86273004,0.965785,1,5,189.21
189.21,Malignant neoplasm of bladder,neoplasms,Malignant neoplasm of bladder,SCLC - Small cell lung cancer,254632001,0.9676797,1,4,189.21
189.21,Malignant neoplasm of bladder,neoplasms,Malignant neoplasm of bladder,Weight increased,262286000,0.22639036,0,1,189.21
189.21,Malignant neoplasm of bladder,neoplasms,Malignant neoplasm of bladder,Mobitz type 2 second degree atrioventricular block,28189009,-0.5615386,0,1,189.21
189.21,Malignant neoplasm of bladder,neoplasms,Malignant neoplasm of bladder,Breast cancer,254837009,0.91780084,1,2,189.21
189.21,Malignant neoplasm of bladder,neoplasms,Malignant neoplasm of bladder,Enlarged prostate,249607009,0.93424547,0,3,189.21
189.21,Malignant neoplasm of bladder,neoplasms,Malignant neoplasm of bladder,Emesis,422400008,0.7672758,0,4,189.21
189.21,Malignant neoplasm of bladder,neoplasms,Malignant neoplasm of bladder,APC - Adenomatous polyposis coli,72900001,0.91120756,1,3,189.21
189.21,Malignant neoplasm of bladder,neoplasms,Malignant neoplasm of bladder,Hyperglycaemia,80394007,0.54493475,0,1,189.21
189.21,Malignant neoplasm of bladder,neoplasms,Malignant neoplasm of bladder,AHG deficiency disease,28293008,0.7929069,0,1,189.21
189.21,Malignant neoplasm of bladder,neoplasms,Malignant neoplasm of bladder,Sarcoma,424413001,0.8393843,1,4,189.21
189.21,Malignant neoplasm of bladder,neoplasms,Malignant neoplasm of bladder,MTC - Medullary thyroid carcinoma,255032005,0.6962025,1,4,189.21
200.1,Polycythemia vera,neoplasms,Polycythemia vera,Waldenstrom's macroglobulinaemia,190818004,0.8762908,1,2,200.1
200.1,Polycythemia vera,neoplasms,Polycythemia vera,Aplastic anaemia,306058006,0.8968756,1,2,200.1
200.1,Polycythemia vera,neoplasms,Polycythemia vera,Hyperhidrosis,312230002,0.75125897,0,1,200.1
200.1,Polycythemia vera,neoplasms,Polycythemia vera,PHN - Post-herpetic neuralgia,2177002,0.22051437,0,1,200.1
200.1,Polycythemia vera,neoplasms,Polycythemia vera,Leucocytopenia,84828003,0.9102441,1,1,200.1
200.1,Polycythemia vera,neoplasms,Polycythemia vera,Hepatitis,128241005,0.503134,0,1,200.1
200.1,Polycythemia vera,neoplasms,Polycythemia vera,Adenoid excision,119954001,-0.7326461,0,1,200.1
200.1,Polycythemia vera,neoplasms,Polycythemia vera,Keratitis,5888003,0.47257596,0,1,200.1
200.1,Polycythemia vera,neoplasms,Polycythemia vera,AA - Alcohol abuse,15167005,0.18594176,0,1,200.1
200.1,Polycythemia vera,neoplasms,Polycythemia vera,Endocarditis,56819008,0.41326022,0,1,200.1
200.1,Polycythemia vera,neoplasms,Polycythemia vera,Brachial plexus injury,6836001,-0.44242078,0,1,200.1
200.1,Polycythemia vera,neoplasms,Polycythemia vera,Bone marrow failure,127034005,0.87613976,1,3,200.1
200.1,Polycythemia vera,neoplasms,Polycythemia vera,PDA - Patent ductus arteriosus,83330001,0.546556,0,1,200.1
200.1,Polycythemia vera,neoplasms,Polycythemia vera,Lymphoproliferative disorder,277466009,0.31624648,1,5,200.1
200.1,Polycythemia vera,neoplasms,Polycythemia vera,Haemopoietic stem cell transplant,234336002,0.78439885,1,4,200.1
200.1,Polycythemia vera,neoplasms,Polycythemia vera,Lymphoma,118600007,0.81925035,1,1,200.1
200.1,Polycythemia vera,neoplasms,Polycythemia vera,BMT - Bone marrow transplant,23719005,0.9244075,1,4,200.1
200.1,Polycythemia vera,neoplasms,Polycythemia vera,Decreased vision,7973008,0.13237767,0,4,200.1
200.1,Polycythemia vera,neoplasms,Polycythemia vera,Unexplained weight loss,422868009,0.78206295,1,1,200.1
200.1,Polycythemia vera,neoplasms,Polycythemia vera,Excision of spleen tissue,234319005,0.8484656,1,1,200.1
200.1,Polycythemia vera,neoplasms,Polycythemia vera,CGL - Chronic granulocytic leukaemia,92818009,0.90705746,1,1,200.1
200.1,Polycythemia vera,neoplasms,Polycythemia vera,Night sweats,42984000,0.7500708,1,1,200.1
200.1,Polycythemia vera,neoplasms,Polycythemia vera,Marchiafava-Micheli syndrome,1963002,0.7117069,1,1,200.1
200.1,Polycythemia vera,neoplasms,Polycythemia vera,"Malignant lymphoma, non-Hodgkin's type",118601006,0.86208916,1,1,200.1
200.1,Polycythemia vera,neoplasms,Polycythemia vera,AAMD - Age related macular degeneration,267718000,0.18781391,0,1,200.1
200.1,Polycythemia vera,neoplasms,Polycythemia vera,Bergmann's syndrome,84089009,0.47580278,0,1,200.1
200.1,Polycythemia vera,neoplasms,Polycythemia vera,HA - Hyperactivity,44548000,-0.26169446,0,1,200.1
200.1,Polycythemia vera,neoplasms,Polycythemia vera,Miscarriage,17369002,0.5621886,0,3,200.1
200.1,Polycythemia vera,neoplasms,Polycythemia vera,Thrombocytopenia,302215000,0.7351037,1,4,200.1
200.1,Polycythemia vera,neoplasms,Polycythemia vera,Cerebral aneurysm,128609009,-0.1302382,0,1,200.1
200.1,Polycythemia vera,neoplasms,Polycythemia vera,Thyroid nodule,237495005,0.13109666,0,1,200.1
200.1,Polycythemia vera,neoplasms,Polycythemia vera,Flashes,56170001,-0.049302667,0,1,200.1
200.1,Polycythemia vera,neoplasms,Polycythemia vera,Easy bruising,424131007,0.7978958,1,3,200.1
200.1,Polycythemia vera,neoplasms,Polycythemia vera,MDS - Myelodysplastic syndrome,109995007,0.92328197,1,5,200.1
202.23,Lymphosarcoma,neoplasms,Lymphosarcoma,Idiopathic hypereosinophilic syndrome,423294001,0.18673,1,1,202.23
202.23,Lymphosarcoma,neoplasms,Lymphosarcoma,Haemopoietic stem cell transplant,234336002,0.95500565,1,4,202.23
202.23,Lymphosarcoma,neoplasms,Lymphosarcoma,Connective tissue disease,105969002,0.69264746,0,1,202.23
202.23,Lymphosarcoma,neoplasms,Lymphosarcoma,Bronchitis,32398004,0.65827525,0,1,202.23
202.23,Lymphosarcoma,neoplasms,Lymphosarcoma,Fracture of hip,5913000,0.12219316,0,2,202.23
202.23,Lymphosarcoma,neoplasms,Lymphosarcoma,Alcohol withdrawal syndrome,191480000,-0.22736979,0,1,202.23
202.23,Lymphosarcoma,neoplasms,Lymphosarcoma,Abnormal cervical smear,309081009,-0.44194877,0,1,202.23
202.23,Lymphosarcoma,neoplasms,Lymphosarcoma,Adamantiades-Behcet disease,310701003,0.77942544,0,1,202.23
202.23,Lymphosarcoma,neoplasms,Lymphosarcoma,MGUS - Monoclonal gammopathy of uncertain significance,277577000,0.966539,1,2,202.23
202.23,Lymphosarcoma,neoplasms,Lymphosarcoma,Aplastic anaemia,306058006,0.9745146,1,3,202.23
202.23,Lymphosarcoma,neoplasms,Lymphosarcoma,Spasmodic torticollis,74333002,-0.8654375,0,1,202.23
202.23,Lymphosarcoma,neoplasms,Lymphosarcoma,Increased platelets,6631009,0.9657371,1,3,202.23
202.23,Lymphosarcoma,neoplasms,Lymphosarcoma,Haematologic neoplasm,129154003,0.3607817,1,5,202.23
202.23,Lymphosarcoma,neoplasms,Lymphosarcoma,Tracheostomy,48387007,-0.32432893,0,1,202.23
202.23,Lymphosarcoma,neoplasms,Lymphosarcoma,MF - Mycosis fungoides,118618005,0.8332529,1,1,202.23
202.23,Lymphosarcoma,neoplasms,Lymphosarcoma,Flat wart,240539000,-0.48735493,0,1,202.23
202.23,Lymphosarcoma,neoplasms,Lymphosarcoma,Blood clotting disorder,64779008,0.539795,0,2,202.23
202.23,Lymphosarcoma,neoplasms,Lymphosarcoma,Agnogenic myeloid metaplasia,52967002,0.968889,1,2,202.23
202.23,Lymphosarcoma,neoplasms,Lymphosarcoma,MDS - Myelodysplastic syndrome,109995007,0.9272908,1,2,202.23
202.23,Lymphosarcoma,neoplasms,Lymphosarcoma,Lymphoproliferative disorder,277466009,0.22070189,1,5,202.23
202.23,Lymphosarcoma,neoplasms,Lymphosarcoma,REM sleep behavior disorder,415238003,-0.5243882,0,1,202.23
202.23,Lymphosarcoma,neoplasms,Lymphosarcoma,SMCD - systemic mast cell disease,397016004,0.93006766,1,1,202.23
202.23,Lymphosarcoma,neoplasms,Lymphosarcoma,LP - Lichen planus,4776004,-0.28444502,0,2,202.23
202.23,Lymphosarcoma,neoplasms,Lymphosarcoma,ASHD - Atherosclerotic heart disease,53741008,0.35711375,0,1,202.23
202.23,Lymphosarcoma,neoplasms,Lymphosarcoma,Hypoalbuminaemia,119247004,0.41305923,0,4,202.23
202.23,Lymphosarcoma,neoplasms,Lymphosarcoma,Drowsiness,271782001,-0.10090503,0,4,202.23
202.23,Lymphosarcoma,neoplasms,Lymphosarcoma,Angiospasm,71772004,0.23064855,0,1,202.23
202.23,Lymphosarcoma,neoplasms,Lymphosarcoma,Drusen of optic disc,33629003,-0.33698487,0,1,202.23
202.23,Lymphosarcoma,neoplasms,Lymphosarcoma,POF - Premature ovarian failure,237788002,0.42684954,0,3,202.23
202.23,Lymphosarcoma,neoplasms,Lymphosarcoma,BMT - Bone marrow transplant,23719005,0.9659704,1,5,202.23
202.23,Lymphosarcoma,neoplasms,Lymphosarcoma,CGL - Chronic granulocytic leukaemia,92818009,0.9929682,1,3,202.23
202.23,Lymphosarcoma,neoplasms,Lymphosarcoma,Bone marrow failure,127034005,0.9543185,1,5,202.23
202.23,Lymphosarcoma,neoplasms,Lymphosarcoma,Enlarged glands,30746006,0.89537275,1,5,202.23
202.23,Lymphosarcoma,neoplasms,Lymphosarcoma,Leucocytopenia,84828003,0.97417223,1,4,202.23
202.23,Lymphosarcoma,neoplasms,Lymphosarcoma,OM - Osteomyelitis,60168000,0.66931295,0,3,202.23
202.24,Large cell lymphoma,neoplasms,Large cell lymphoma,BMT - Bone marrow transplant,23719005,0.9690779,1,5,202.24
202.24,Large cell lymphoma,neoplasms,Large cell lymphoma,Unexplained weight loss,422868009,0.94343543,1,5,202.24
202.24,Large cell lymphoma,neoplasms,Large cell lymphoma,Rupture of ovarian cyst,95598005,-0.46778017,0,1,202.24
202.24,Large cell lymphoma,neoplasms,Large cell lymphoma,Idiopathic hypereosinophilic syndrome,423294001,0.17222664,1,2,202.24
202.24,Large cell lymphoma,neoplasms,Large cell lymphoma,SMCD - systemic mast cell disease,397016004,0.9264002,1,4,202.24
202.24,Large cell lymphoma,neoplasms,Large cell lymphoma,Abdomen distended,60728008,0.6511276,0,3,202.24
202.24,Large cell lymphoma,neoplasms,Large cell lymphoma,PDA - Patent ductus arteriosus,83330001,0.5007654,0,1,202.24
202.24,Large cell lymphoma,neoplasms,Large cell lymphoma,Dystrophia unguium,87065009,-0.6180992,0,2,202.24
202.24,Large cell lymphoma,neoplasms,Large cell lymphoma,Chewing tobacco user,81703003,-0.63432205,0,3,202.24
202.24,Large cell lymphoma,neoplasms,Large cell lymphoma,Nonpsychotic post-traumatic brain syndrome,40425004,-0.45644087,0,1,202.24
202.24,Large cell lymphoma,neoplasms,Large cell lymphoma,CGL - Chronic granulocytic leukaemia,92818009,0.9937318,1,3,202.24
202.24,Large cell lymphoma,neoplasms,Large cell lymphoma,MF - Mycosis fungoides,118618005,0.8458586,1,2,202.24
202.24,Large cell lymphoma,neoplasms,Large cell lymphoma,Aplastic anaemia,306058006,0.97162473,1,2,202.24
202.24,Large cell lymphoma,neoplasms,Large cell lymphoma,Lupus nephritis,68815009,0.9323487,0,3,202.24
202.24,Large cell lymphoma,neoplasms,Large cell lymphoma,Chronic lung disease,413839001,0.5849009,0,1,202.24
202.24,Large cell lymphoma,neoplasms,Large cell lymphoma,Waldenstrom's macroglobulinaemia,190818004,0.9895445,1,3,202.24
202.24,Large cell lymphoma,neoplasms,Large cell lymphoma,HCL - Hairy cell leukaemia,118613001,0.9815756,1,2,202.24
202.24,Large cell lymphoma,neoplasms,Large cell lymphoma,MDS - Myelodysplastic syndrome,109995007,0.9307755,1,3,202.24
202.24,Large cell lymphoma,neoplasms,Large cell lymphoma,Neoplasm of lung,126713003,0.97415024,0,2,202.24
202.24,Large cell lymphoma,neoplasms,Large cell lymphoma,Pressure in chest,23924001,0.41708684,0,4,202.24
202.24,Large cell lymphoma,neoplasms,Large cell lymphoma,FTT - Failure to thrive,54840006,-0.7084269,0,2,202.24
202.24,Large cell lymphoma,neoplasms,Large cell lymphoma,"Malignant lymphoma, centrocytic [obs]",74654000,0.95046675,1,3,202.24
202.24,Large cell lymphoma,neoplasms,Large cell lymphoma,SAH - Subarachnoid haemorrhage,21454007,-0.030513354,0,1,202.24
202.24,Large cell lymphoma,neoplasms,Large cell lymphoma,Croup,71186008,0.17372555,0,1,202.24
202.24,Large cell lymphoma,neoplasms,Large cell lymphoma,Stenosis of cervix,83536006,-0.47772837,0,1,202.24
202.24,Large cell lymphoma,neoplasms,Large cell lymphoma,Clap,15628003,0.70417416,0,1,202.24
202.24,Large cell lymphoma,neoplasms,Large cell lymphoma,Injury of neck,90460009,-0.6613462,0,1,202.24
202.24,Large cell lymphoma,neoplasms,Large cell lymphoma,Enlarged glands,30746006,0.9027144,1,5,202.24
202.24,Large cell lymphoma,neoplasms,Large cell lymphoma,Leucocytopenia,84828003,0.96999437,1,5,202.24
202.24,Large cell lymphoma,neoplasms,Large cell lymphoma,Antepartum care of mother,18114009,0.21970344,0,1,202.24
202.24,Large cell lymphoma,neoplasms,Large cell lymphoma,Night sweats,42984000,0.916283,1,5,202.24
204.11,"Lymphoid leukemia, acute",neoplasms,"Lymphoid leukemia, acute",Rotary vertigo,399153001,0.009980681,0,1,204.11
204.11,"Lymphoid leukemia, acute",neoplasms,"Lymphoid leukemia, acute",CA - Cancer,363346000,0.6966337,0,5,204.11
204.11,"Lymphoid leukemia, acute",neoplasms,"Lymphoid leukemia, acute",Dyssomnia,44186003,-0.5304606,0,1,204.11
204.11,"Lymphoid leukemia, acute",neoplasms,"Lymphoid leukemia, acute",Night sweats,42984000,0.898118,1,5,204.11
204.11,"Lymphoid leukemia, acute",neoplasms,"Lymphoid leukemia, acute",SMCD - systemic mast cell disease,397016004,0.9330369,1,1,204.11
204.11,"Lymphoid leukemia, acute",neoplasms,"Lymphoid leukemia, acute",ABS - Acute brain syndrome,2776000,0.0043134885,0,1,204.11
204.11,"Lymphoid leukemia, acute",neoplasms,"Lymphoid leukemia, acute",SGS - Subglottic stenosis,22668006,-0.57860005,0,1,204.11
204.11,"Lymphoid leukemia, acute",neoplasms,"Lymphoid leukemia, acute",GAD - Generalised anxiety disorder,21897009,-0.46539834,0,1,204.11
204.11,"Lymphoid leukemia, acute",neoplasms,"Lymphoid leukemia, acute",MGUS - Monoclonal gammopathy of uncertain significance,277577000,0.9638041,1,2,204.11
204.11,"Lymphoid leukemia, acute",neoplasms,"Lymphoid leukemia, acute",MDS - Myelodysplastic syndrome,109995007,0.913941,1,3,204.11
204.11,"Lymphoid leukemia, acute",neoplasms,"Lymphoid leukemia, acute",Bloody diarrhea,95545007,0.6344402,0,1,204.11
204.11,"Lymphoid leukemia, acute",neoplasms,"Lymphoid leukemia, acute",Idiopathic hypereosinophilic syndrome,423294001,0.21838373,1,1,204.11
204.11,"Lymphoid leukemia, acute",neoplasms,"Lymphoid leukemia, acute",Unexplained weight loss,422868009,0.94759965,1,5,204.11
204.11,"Lymphoid leukemia, acute",neoplasms,"Lymphoid leukemia, acute","Malignant lymphoma, centrocytic [obs]",74654000,0.93143225,1,4,204.11
204.11,"Lymphoid leukemia, acute",neoplasms,"Lymphoid leukemia, acute",MF - Mycosis fungoides,118618005,0.8074257,1,4,204.11
204.11,"Lymphoid leukemia, acute",neoplasms,"Lymphoid leukemia, acute",Chill,43724002,0.57239103,0,5,204.11
204.11,"Lymphoid leukemia, acute",neoplasms,"Lymphoid leukemia, acute",Aplastic anaemia,306058006,0.9722895,1,4,204.11
204.11,"Lymphoid leukemia, acute",neoplasms,"Lymphoid leukemia, acute",CGL - Chronic granulocytic leukaemia,92818009,0.98785895,1,4,204.11
204.11,"Lymphoid leukemia, acute",neoplasms,"Lymphoid leukemia, acute","Malignant lymphoma, non-Hodgkin's type",118601006,0.95271254,1,4,204.11
204.11,"Lymphoid leukemia, acute",neoplasms,"Lymphoid leukemia, acute",Leucocytopenia,84828003,0.9792557,1,5,204.11
204.11,"Lymphoid leukemia, acute",neoplasms,"Lymphoid leukemia, acute",IOL - Ins intraocular lens,69724002,0.012949668,0,1,204.11
204.11,"Lymphoid leukemia, acute",neoplasms,"Lymphoid leukemia, acute",Dysfunction of eustachian tube,56713002,-0.62561667,0,1,204.11
204.11,"Lymphoid leukemia, acute",neoplasms,"Lymphoid leukemia, acute",HCL - Hairy cell leukaemia,118613001,0.97046304,1,5,204.11
204.11,"Lymphoid leukemia, acute",neoplasms,"Lymphoid leukemia, acute",Waldenstrom's macroglobulinaemia,190818004,0.9845365,1,3,204.11
204.11,"Lymphoid leukemia, acute",neoplasms,"Lymphoid leukemia, acute",HD - Hodgkin's disease,118599009,0.97786856,1,4,204.11
204.11,"Lymphoid leukemia, acute",neoplasms,"Lymphoid leukemia, acute",Disorder of muscle,129565002,0.41817242,0,1,204.11
204.11,"Lymphoid leukemia, acute",neoplasms,"Lymphoid leukemia, acute",EM - Erythema multiforme,36715001,0.7524917,0,4,204.11
204.12,"Lymphoid leukemia, chronic",neoplasms,"Lymphoid leukemia, chronic",KCS - Keratoconjunctivitis sicca,302896008,0.7903877,1,1,204.12
204.12,"Lymphoid leukemia, chronic",neoplasms,"Lymphoid leukemia, chronic",Sicca syndrome,83901003,0.8211795,1,1,204.12
204.12,"Lymphoid leukemia, chronic",neoplasms,"Lymphoid leukemia, chronic",CGL - Chronic granulocytic leukaemia,92818009,0.9359429,1,3,204.12
204.12,"Lymphoid leukemia, chronic",neoplasms,"Lymphoid leukemia, chronic",Scleroderma,89155008,0.78666675,1,3,204.12
204.12,"Lymphoid leukemia, chronic",neoplasms,"Lymphoid leukemia, chronic",Scleroderma,89155008,0.78666675,1,1,204.12
204.12,"Lymphoid leukemia, chronic",neoplasms,"Lymphoid leukemia, chronic",Erythrocytosis,127062003,0.7040053,0,3,204.12
204.12,"Lymphoid leukemia, chronic",neoplasms,"Lymphoid leukemia, chronic",Endogenous hypertriglyceridaemia,275598004,-0.41976023,0,3,204.12
204.12,"Lymphoid leukemia, chronic",neoplasms,"Lymphoid leukemia, chronic",Waldenstrom's macroglobulinaemia,190818004,0.965832,1,3,204.12
204.12,"Lymphoid leukemia, chronic",neoplasms,"Lymphoid leukemia, chronic","Malignant lymphoma, non-Hodgkin's type",118601006,0.9445598,1,4,204.12
204.12,"Lymphoid leukemia, chronic",neoplasms,"Lymphoid leukemia, chronic",Perforated eardrum,60442001,0.3000695,0,1,204.12
204.12,"Lymphoid leukemia, chronic",neoplasms,"Lymphoid leukemia, chronic",Haemopoietic stem cell transplant,234336002,0.9838164,1,5,204.12
204.12,"Lymphoid leukemia, chronic",neoplasms,"Lymphoid leukemia, chronic",Atypical pneumonia,233606009,0.43546554,0,4,204.12
204.12,"Lymphoid leukemia, chronic",neoplasms,"Lymphoid leukemia, chronic",Pleurisy,196075003,0.7577765,0,4,204.12
204.12,"Lymphoid leukemia, chronic",neoplasms,"Lymphoid leukemia, chronic",Thrombophlebitis,64156001,0.54254866,0,3,204.12
204.12,"Lymphoid leukemia, chronic",neoplasms,"Lymphoid leukemia, chronic",Cholecystitis,76581006,0.622229,0,3,204.12
204.12,"Lymphoid leukemia, chronic",neoplasms,"Lymphoid leukemia, chronic",Viral labyrinthitis,409711008,0.1523388,0,1,204.12
204.12,"Lymphoid leukemia, chronic",neoplasms,"Lymphoid leukemia, chronic",Vaginal discharge,271939006,0.7633802,0,1,204.12
204.12,"Lymphoid leukemia, chronic",neoplasms,"Lymphoid leukemia, chronic",SCLC - Small cell lung cancer,254632001,0.8667327,1,4,204.12
204.12,"Lymphoid leukemia, chronic",neoplasms,"Lymphoid leukemia, chronic",PHT - Pulmonary hypertension,70995007,0.69387966,1,3,204.12
204.12,"Lymphoid leukemia, chronic",neoplasms,"Lymphoid leukemia, chronic",Disseminated lupus erythematosus,55464009,0.848867,1,3,204.12
204.12,"Lymphoid leukemia, chronic",neoplasms,"Lymphoid leukemia, chronic",:: Polyphagia,267023007,0.18602717,0,2,204.12
204.12,"Lymphoid leukemia, chronic",neoplasms,"Lymphoid leukemia, chronic",Cornea conical,65636009,-0.07332721,0,1,204.12
204.12,"Lymphoid leukemia, chronic",neoplasms,"Lymphoid leukemia, chronic",Allergic asthma,389145006,0.5094648,1,1,204.12
204.12,"Lymphoid leukemia, chronic",neoplasms,"Lymphoid leukemia, chronic",Farsightedness,38101003,0.051098682,0,1,204.12
204.12,"Lymphoid leukemia, chronic",neoplasms,"Lymphoid leukemia, chronic",Tumor of mediastinum,94147001,-0.39072794,1,4,204.12
204.12,"Lymphoid leukemia, chronic",neoplasms,"Lymphoid leukemia, chronic",Neoplasm of lung,126713003,0.9348045,1,2,204.12
204.12,"Lymphoid leukemia, chronic",neoplasms,"Lymphoid leukemia, chronic",Procidentia of rectum,57773001,0.15383324,0,1,204.12
204.12,"Lymphoid leukemia, chronic",neoplasms,"Lymphoid leukemia, chronic",Blood in urine,34436003,0.7155261,0,4,204.12
204.12,"Lymphoid leukemia, chronic",neoplasms,"Lymphoid leukemia, chronic",Unexplained weight loss,422868009,0.93120015,1,4,204.12
204.12,"Lymphoid leukemia, chronic",neoplasms,"Lymphoid leukemia, chronic",Bronchitis,32398004,0.8270235,0,4,204.12
204.12,"Lymphoid leukemia, chronic",neoplasms,"Lymphoid leukemia, chronic",Idiopathic pulmonary arterial hypertension,697898008,0.68615854,1,2,204.12
204.21,"Myeloid leukemia, acute",neoplasms,"Myeloid leukemia, acute",Bronchiectasis,12295008,0.64048636,0,1,204.21
204.21,"Myeloid leukemia, acute",neoplasms,"Myeloid leukemia, acute",Haematologic neoplasm,129154003,0.34174728,1,5,204.21
204.21,"Myeloid leukemia, acute",neoplasms,"Myeloid leukemia, acute",Leucocytopenia,84828003,0.96725416,1,3,204.21
204.21,"Myeloid leukemia, acute",neoplasms,"Myeloid leukemia, acute",Emotional stress,442347009,0.46448293,0,3,204.21
204.21,"Myeloid leukemia, acute",neoplasms,"Myeloid leukemia, acute",HCL - Hairy cell leukaemia,118613001,0.9779137,1,2,204.21
204.21,"Myeloid leukemia, acute",neoplasms,"Myeloid leukemia, acute",Waldenstrom's macroglobulinaemia,190818004,0.98465574,1,2,204.21
204.21,"Myeloid leukemia, acute",neoplasms,"Myeloid leukemia, acute",Corneal erosion,50792001,-0.014604405,0,2,204.21
204.21,"Myeloid leukemia, acute",neoplasms,"Myeloid leukemia, acute",Lymphoma,118600007,0.93347466,1,2,204.21
204.21,"Myeloid leukemia, acute",neoplasms,"Myeloid leukemia, acute",Borderline personality disorder,20010003,-0.45024544,0,2,204.21
204.21,"Myeloid leukemia, acute",neoplasms,"Myeloid leukemia, acute",Heart rate fast,3424008,0.25806418,0,1,204.21
204.21,"Myeloid leukemia, acute",neoplasms,"Myeloid leukemia, acute",Hyperphosphataemia,20165001,0.6273943,0,3,204.21
204.21,"Myeloid leukemia, acute",neoplasms,"Myeloid leukemia, acute",Cauda equina syndrome,192970008,0.025107019,0,2,204.21
204.21,"Myeloid leukemia, acute",neoplasms,"Myeloid leukemia, acute","Malignant lymphoma, centrocytic [obs]",74654000,0.9470593,1,2,204.21
204.21,"Myeloid leukemia, acute",neoplasms,"Myeloid leukemia, acute",Unexplained weight loss,422868009,0.9457324,1,5,204.21
204.21,"Myeloid leukemia, acute",neoplasms,"Myeloid leukemia, acute",Iridocyclitis,77971008,0.41227707,0,2,204.21
204.21,"Myeloid leukemia, acute",neoplasms,"Myeloid leukemia, acute",Night sweats,42984000,0.8955866,1,5,204.21
204.21,"Myeloid leukemia, acute",neoplasms,"Myeloid leukemia, acute",Cardiac syndrome X,233845001,-0.4753856,0,1,204.21
204.21,"Myeloid leukemia, acute",neoplasms,"Myeloid leukemia, acute",CA - Cancer,363346000,0.7415992,0,5,204.21
204.21,"Myeloid leukemia, acute",neoplasms,"Myeloid leukemia, acute",Bell palsy,193093009,0.21553074,0,2,204.21
204.21,"Myeloid leukemia, acute",neoplasms,"Myeloid leukemia, acute",Lymphoproliferative disorder,277466009,0.20524985,1,2,204.21
204.21,"Myeloid leukemia, acute",neoplasms,"Myeloid leukemia, acute",MGUS - Monoclonal gammopathy of uncertain significance,277577000,0.96582866,1,2,204.21
204.21,"Myeloid leukemia, acute",neoplasms,"Myeloid leukemia, acute",Idiopathic hypereosinophilic syndrome,423294001,0.15667278,1,2,204.21
204.21,"Myeloid leukemia, acute",neoplasms,"Myeloid leukemia, acute",Agnogenic myeloid metaplasia,52967002,0.97214353,1,2,204.21
204.21,"Myeloid leukemia, acute",neoplasms,"Myeloid leukemia, acute",Increased platelets,6631009,0.97439957,1,4,204.21
204.21,"Myeloid leukemia, acute",neoplasms,"Myeloid leukemia, acute","Malignant lymphoma, non-Hodgkin's type",118601006,0.96532404,1,2,204.21
204.21,"Myeloid leukemia, acute",neoplasms,"Myeloid leukemia, acute",Bone marrow failure,127034005,0.9514706,1,5,204.21
204.21,"Myeloid leukemia, acute",neoplasms,"Myeloid leukemia, acute",CA - Cancer of uterus,371973000,-0.5904049,0,1,204.21
204.21,"Myeloid leukemia, acute",neoplasms,"Myeloid leukemia, acute",Decreased muscle strength,26544005,0.43802708,0,1,204.21
204.21,"Myeloid leukemia, acute",neoplasms,"Myeloid leukemia, acute",Malignant neoplasm of lung,93880001,0.6153209,0,1,204.21
204.22,"Myeloid leukemia, chronic",neoplasms,"Myeloid leukemia, chronic",Spasmodic torticollis,74333002,-0.8758179,0,1,204.22
204.22,"Myeloid leukemia, chronic",neoplasms,"Myeloid leukemia, chronic",Anti-nuclear antibody positive,165850001,-0.05720516,0,3,204.22
204.22,"Myeloid leukemia, chronic",neoplasms,"Myeloid leukemia, chronic",Bile stasis,33688009,0.6747775,0,2,204.22
204.22,"Myeloid leukemia, chronic",neoplasms,"Myeloid leukemia, chronic",CTx - Cardiac transplant,32413006,0.43680623,0,2,204.22
204.22,"Myeloid leukemia, chronic",neoplasms,"Myeloid leukemia, chronic",HCL - Hairy cell leukaemia,118613001,0.98143107,1,4,204.22
204.22,"Myeloid leukemia, chronic",neoplasms,"Myeloid leukemia, chronic",Nocturia,139394000,0.52778554,0,1,204.22
204.22,"Myeloid leukemia, chronic",neoplasms,"Myeloid leukemia, chronic",Lymphoproliferative disorder,277466009,0.18579468,1,5,204.22
204.22,"Myeloid leukemia, chronic",neoplasms,"Myeloid leukemia, chronic",Waldenstrom's macroglobulinaemia,190818004,0.9883555,1,4,204.22
204.22,"Myeloid leukemia, chronic",neoplasms,"Myeloid leukemia, chronic",Haematologic neoplasm,129154003,0.32480156,1,5,204.22
204.22,"Myeloid leukemia, chronic",neoplasms,"Myeloid leukemia, chronic",Unexplained weight loss,422868009,0.95199406,1,5,204.22
204.22,"Myeloid leukemia, chronic",neoplasms,"Myeloid leukemia, chronic",CP - Cleft palate,87979003,0.28330082,0,1,204.22
204.22,"Myeloid leukemia, chronic",neoplasms,"Myeloid leukemia, chronic",Aching muscles,68962001,0.31038857,0,4,204.22
204.22,"Myeloid leukemia, chronic",neoplasms,"Myeloid leukemia, chronic",CM - Congenital malformation,276654001,0.3730278,0,1,204.22
204.22,"Myeloid leukemia, chronic",neoplasms,"Myeloid leukemia, chronic",Allergy to drug,416098002,0.2188706,0,2,204.22
204.22,"Myeloid leukemia, chronic",neoplasms,"Myeloid leukemia, chronic",Hypertriglyceridaemia,302870006,0.41688743,0,1,204.22
204.22,"Myeloid leukemia, chronic",neoplasms,"Myeloid leukemia, chronic",Hepatic transplantation,18027006,0.66150606,0,3,204.22
204.22,"Myeloid leukemia, chronic",neoplasms,"Myeloid leukemia, chronic",Aplastic anaemia,306058006,0.97107416,1,5,204.22
204.22,"Myeloid leukemia, chronic",neoplasms,"Myeloid leukemia, chronic",CKD stage 5,433146000,0.38922042,0,1,204.22
204.22,"Myeloid leukemia, chronic",neoplasms,"Myeloid leukemia, chronic",MDS - Myelodysplastic syndrome,109995007,0.9321001,1,5,204.22
204.22,"Myeloid leukemia, chronic",neoplasms,"Myeloid leukemia, chronic",Bone marrow failure,127034005,0.94662166,1,5,204.22
204.22,"Myeloid leukemia, chronic",neoplasms,"Myeloid leukemia, chronic",Lymphoma,118600007,0.9401541,1,4,204.22
204.22,"Myeloid leukemia, chronic",neoplasms,"Myeloid leukemia, chronic",Agnogenic myeloid metaplasia,52967002,0.9705046,1,4,204.22
204.22,"Myeloid leukemia, chronic",neoplasms,"Myeloid leukemia, chronic",MGUS - Monoclonal gammopathy of uncertain significance,277577000,0.96439224,1,4,204.22
204.22,"Myeloid leukemia, chronic",neoplasms,"Myeloid leukemia, chronic",Leucocytopenia,84828003,0.96326995,1,5,204.22
204.22,"Myeloid leukemia, chronic",neoplasms,"Myeloid leukemia, chronic",Celioscopy,73632009,0.6907604,0,1,204.22
204.22,"Myeloid leukemia, chronic",neoplasms,"Myeloid leukemia, chronic",Buttock pain,279043006,-0.57198346,0,4,204.22
204.22,"Myeloid leukemia, chronic",neoplasms,"Myeloid leukemia, chronic","Malignant lymphoma, centrocytic [obs]",74654000,0.9536505,1,4,204.22
204.22,"Myeloid leukemia, chronic",neoplasms,"Myeloid leukemia, chronic",Transplant rejection,213148006,0.3589079,0,3,204.22
204.22,"Myeloid leukemia, chronic",neoplasms,"Myeloid leukemia, chronic","Malignant lymphoma, non-Hodgkin's type",118601006,0.96966016,1,4,204.22
204.4,Multiple myeloma,neoplasms,Multiple myeloma,Aplastic anaemia,306058006,0.7688377,1,5,204.4
204.4,Multiple myeloma,neoplasms,Multiple myeloma,Unexplained weight loss,422868009,0.60691386,1,5,204.4
204.4,Multiple myeloma,neoplasms,Multiple myeloma,Chronic otitis externa,53295002,-0.719203,0,3,204.4
204.4,Multiple myeloma,neoplasms,Multiple myeloma,Bruise,125667009,0.63922733,0,5,204.4
204.4,Multiple myeloma,neoplasms,Multiple myeloma,Atheromatosis,38716007,0.66357756,0,3,204.4
204.4,Multiple myeloma,neoplasms,Multiple myeloma,Nystagmus,563001,0.17058954,0,3,204.4
204.4,Multiple myeloma,neoplasms,Multiple myeloma,AVR - Aortic valve replacement,26212005,-0.75317943,0,2,204.4
204.4,Multiple myeloma,neoplasms,Multiple myeloma,Increased platelets,6631009,0.7883718,1,4,204.4
204.4,Multiple myeloma,neoplasms,Multiple myeloma,Brain concussion,110030002,0.416385,0,2,204.4
204.4,Multiple myeloma,neoplasms,Multiple myeloma,MDS - Myelodysplastic syndrome,109995007,0.9056848,1,5,204.4
204.4,Multiple myeloma,neoplasms,Multiple myeloma,Night sweats,42984000,0.800099,1,5,204.4
204.4,Multiple myeloma,neoplasms,Multiple myeloma,Primary bacterial peritonitis,11836002,-0.7992812,0,2,204.4
204.4,Multiple myeloma,neoplasms,Multiple myeloma,MF - Mycosis fungoides,118618005,0.84565705,1,3,204.4
204.4,Multiple myeloma,neoplasms,Multiple myeloma,CGL - Chronic granulocytic leukaemia,92818009,0.76672435,1,4,204.4
204.4,Multiple myeloma,neoplasms,Multiple myeloma,"Malignant lymphoma, non-Hodgkin's type",118601006,0.81943166,1,4,204.4
204.4,Multiple myeloma,neoplasms,Multiple myeloma,Cornea conical,65636009,-0.09203293,0,1,204.4
204.4,Multiple myeloma,neoplasms,Multiple myeloma,SMCD - systemic mast cell disease,397016004,0.6214567,1,3,204.4
204.4,Multiple myeloma,neoplasms,Multiple myeloma,Ataxia,20262006,-0.81751215,0,3,204.4
204.4,Multiple myeloma,neoplasms,Multiple myeloma,PHT - Portal hypertension,34742003,0.28221244,0,3,204.4
204.4,Multiple myeloma,neoplasms,Multiple myeloma,BT - Blood transfusion,116859006,0.76232177,0,4,204.4
204.4,Multiple myeloma,neoplasms,Multiple myeloma,Idiopathic hypereosinophilic syndrome,423294001,-0.3191011,1,4,204.4
204.4,Multiple myeloma,neoplasms,Multiple myeloma,Polymyalgia,95415006,-0.53529215,0,2,204.4
204.4,Multiple myeloma,neoplasms,Multiple myeloma,Hanot's cirrhosis,31712002,0.11380902,0,3,204.4
204.4,Multiple myeloma,neoplasms,Multiple myeloma,Bone marrow failure,127034005,0.5372218,1,5,204.4
204.4,Multiple myeloma,neoplasms,Multiple myeloma,HCL - Hairy cell leukaemia,118613001,0.7915681,1,4,204.4
204.4,Multiple myeloma,neoplasms,Multiple myeloma,Lymphoma,118600007,0.84079516,1,4,204.4
204.4,Multiple myeloma,neoplasms,Multiple myeloma,Haematologic neoplasm,129154003,-0.135958,1,5,204.4
204.4,Multiple myeloma,neoplasms,Multiple myeloma,Cyst of liver,85057007,-0.50903803,0,3,204.4
204.4,Multiple myeloma,neoplasms,Multiple myeloma,Arteritis,52089001,0.90779936,0,3,204.4
204.4,Multiple myeloma,neoplasms,Multiple myeloma,"Malignant lymphoma, centrocytic [obs]",74654000,0.868968,1,4,204.4
204.4,Multiple myeloma,neoplasms,Multiple myeloma,Leucocytopenia,84828003,0.65132546,1,5,204.4
204.4,Multiple myeloma,neoplasms,Multiple myeloma,Cancer metastatic to liver,94381002,0.44581106,0,4,204.4
204.4,Multiple myeloma,neoplasms,Multiple myeloma,Factor 5 Leiden mutation,307091009,0.25281608,0,1,204.4
244.4,Hypothyroidism NOS,endocrine/metabolic,Hypothyroidism NOS,Brain concussion,110030002,0.40948805,0,1,244.4
244.4,Hypothyroidism NOS,endocrine/metabolic,Hypothyroidism NOS,Thyroid nodule,237495005,0.93186474,1,5,244.4
244.4,Hypothyroidism NOS,endocrine/metabolic,Hypothyroidism NOS,BMT - Bone marrow transplant,23719005,0.4171045,0,1,244.4
244.4,Hypothyroidism NOS,endocrine/metabolic,Hypothyroidism NOS,FTC - Follicular thyroid carcinoma,255028004,-0.6654923,1,4,244.4
244.4,Hypothyroidism NOS,endocrine/metabolic,Hypothyroidism NOS,Bouveret-Hoffmann syndrome,12026006,0.6072991,0,1,244.4
244.4,Hypothyroidism NOS,endocrine/metabolic,Hypothyroidism NOS,Haemochromatosis,399187006,0.6366393,0,5,244.4
244.4,Hypothyroidism NOS,endocrine/metabolic,Hypothyroidism NOS,Simmond's disease,32390006,0.9669479,1,5,244.4
244.4,Hypothyroidism NOS,endocrine/metabolic,Hypothyroidism NOS,SMCD - systemic mast cell disease,397016004,-0.035869665,0,1,244.4
244.4,Hypothyroidism NOS,endocrine/metabolic,Hypothyroidism NOS,Adenoma of pituitary,254956000,-0.36511856,1,4,244.4
244.4,Hypothyroidism NOS,endocrine/metabolic,Hypothyroidism NOS,Acquired pharyngo-oesophageal diverticulum,399291005,-0.792927,0,1,244.4
244.4,Hypothyroidism NOS,endocrine/metabolic,Hypothyroidism NOS,Infectious disorder of kidney,129128006,-0.88350385,0,1,244.4
244.4,Hypothyroidism NOS,endocrine/metabolic,Hypothyroidism NOS,Cyst of thyroid,72325004,-0.5130262,1,5,244.4
244.4,Hypothyroidism NOS,endocrine/metabolic,Hypothyroidism NOS,Blood in urine,34436003,0.4888363,0,1,244.4
244.4,Hypothyroidism NOS,endocrine/metabolic,Hypothyroidism NOS,Anovulation,34571000,0.8031194,0,4,244.4
244.4,Hypothyroidism NOS,endocrine/metabolic,Hypothyroidism NOS,Mechanical vitrectomy by pars plana approach,87021001,-0.64145845,0,1,244.4
244.4,Hypothyroidism NOS,endocrine/metabolic,Hypothyroidism NOS,Bronchiolitis,4120002,0.14878215,0,1,244.4
244.4,Hypothyroidism NOS,endocrine/metabolic,Hypothyroidism NOS,Adenoma sebaceum syndrome,7199000,0.5361309,1,1,244.4
244.4,Hypothyroidism NOS,endocrine/metabolic,Hypothyroidism NOS,Multinodular goiter,237570007,0.86617005,1,4,244.4
244.4,Hypothyroidism NOS,endocrine/metabolic,Hypothyroidism NOS,Excision of thyroid gland,13619001,-0.003124103,1,5,244.4
244.4,Hypothyroidism NOS,endocrine/metabolic,Hypothyroidism NOS,Chronic back pain,134407002,0.7332828,0,1,244.4
244.4,Hypothyroidism NOS,endocrine/metabolic,Hypothyroidism NOS,Nodular goiter,190236006,0.7222463,1,4,244.4
244.4,Hypothyroidism NOS,endocrine/metabolic,Hypothyroidism NOS,Acetaminophen overdose,295124009,-0.57895005,0,1,244.4
244.4,Hypothyroidism NOS,endocrine/metabolic,Hypothyroidism NOS,Idiopathic avascular necrosis,82562007,-0.7385679,0,1,244.4
244.4,Hypothyroidism NOS,endocrine/metabolic,Hypothyroidism NOS,Angiopathy,27550009,0.6047206,0,1,244.4
244.4,Hypothyroidism NOS,endocrine/metabolic,Hypothyroidism NOS,Stomatitis,95361005,0.576401,0,1,244.4
244.4,Hypothyroidism NOS,endocrine/metabolic,Hypothyroidism NOS,Acromegalia,74107003,0.8982345,1,3,244.4
244.4,Hypothyroidism NOS,endocrine/metabolic,Hypothyroidism NOS,Cushing basophilism,190502001,0.94495463,1,2,244.4
244.4,Hypothyroidism NOS,endocrine/metabolic,Hypothyroidism NOS,Secondary thyroid hyperplasia,26389007,0.803542,1,4,244.4
244.4,Hypothyroidism NOS,endocrine/metabolic,Hypothyroidism NOS,PTC - Papillary thyroid carcinoma,255029007,-0.55369484,1,4,244.4
244.4,Hypothyroidism NOS,endocrine/metabolic,Hypothyroidism NOS,AP - Acute pancreatitis,197456007,0.37185514,0,1,244.4
244.4,Hypothyroidism NOS,endocrine/metabolic,Hypothyroidism NOS,Prolactin-secreting pituitary adenoma,134209002,0.114300266,1,3,244.4
244.4,Hypothyroidism NOS,endocrine/metabolic,Hypothyroidism NOS,Disease of pituitary gland,399244003,0.54925823,1,5,244.4
244.5,Congenital hypothyroidism,endocrine/metabolic,Congenital hypothyroidism,Basedow disease,353295004,0.8201121,1,3,244.5
244.5,Congenital hypothyroidism,endocrine/metabolic,Congenital hypothyroidism,Prolactin-secreting pituitary adenoma,134209002,0.12423357,1,5,244.5
244.5,Congenital hypothyroidism,endocrine/metabolic,Congenital hypothyroidism,Sclerosing cholangitis,235917005,0.52646327,0,4,244.5
244.5,Congenital hypothyroidism,endocrine/metabolic,Congenital hypothyroidism,Nodular goiter,190236006,0.7222525,1,5,244.5
244.5,Congenital hypothyroidism,endocrine/metabolic,Congenital hypothyroidism,Asymmetric head,21850008,0.18586558,0,4,244.5
244.5,Congenital hypothyroidism,endocrine/metabolic,Congenital hypothyroidism,Disease of pituitary gland,399244003,0.55231565,1,5,244.5
244.5,Congenital hypothyroidism,endocrine/metabolic,Congenital hypothyroidism,Good neonatal condition at birth,102500002,0.8780402,0,2,244.5
244.5,Congenital hypothyroidism,endocrine/metabolic,Congenital hypothyroidism,Secondary thyroid hyperplasia,26389007,0.80038655,1,5,244.5
244.5,Congenital hypothyroidism,endocrine/metabolic,Congenital hypothyroidism,Simmond's disease,32390006,0.96549594,1,3,244.5
244.5,Congenital hypothyroidism,endocrine/metabolic,Congenital hypothyroidism,Hepatic failure,59927004,0.65423787,0,3,244.5
244.5,Congenital hypothyroidism,endocrine/metabolic,Congenital hypothyroidism,Lower paraplegia,60389000,0.7743777,0,3,244.5
244.5,Congenital hypothyroidism,endocrine/metabolic,Congenital hypothyroidism,RP - Retinitis pigmentosa,28835009,0.26879328,0,3,244.5
244.5,Congenital hypothyroidism,endocrine/metabolic,Congenital hypothyroidism,Sore throat symptom,267102003,0.46862158,0,1,244.5
244.5,Congenital hypothyroidism,endocrine/metabolic,Congenital hypothyroidism,Adenoma of pituitary,254956000,-0.36060578,1,5,244.5
244.5,Congenital hypothyroidism,endocrine/metabolic,Congenital hypothyroidism,Mixed incontinence,413343005,-0.39831045,0,2,244.5
244.5,Congenital hypothyroidism,endocrine/metabolic,Congenital hypothyroidism,Disequilibrium when walking,22631008,-0.62309885,0,1,244.5
244.5,Congenital hypothyroidism,endocrine/metabolic,Congenital hypothyroidism,CIN 3 - Cervical intraepithelial neoplasia grade 3,92564006,-0.72364235,0,1,244.5
244.5,Congenital hypothyroidism,endocrine/metabolic,Congenital hypothyroidism,Acromegalia,74107003,0.89485043,1,4,244.5
244.5,Congenital hypothyroidism,endocrine/metabolic,Congenital hypothyroidism,FTC - Follicular thyroid carcinoma,255028004,-0.6587615,1,5,244.5
244.5,Congenital hypothyroidism,endocrine/metabolic,Congenital hypothyroidism,HCM - Hypertrophic cardiomyopathy,233873004,0.31483924,0,3,244.5
244.5,Congenital hypothyroidism,endocrine/metabolic,Congenital hypothyroidism,Gastric bleeding,61401005,0.057644166,0,2,244.5
244.5,Congenital hypothyroidism,endocrine/metabolic,Congenital hypothyroidism,Thyroid nodule,237495005,0.92800987,1,5,244.5
244.5,Congenital hypothyroidism,endocrine/metabolic,Congenital hypothyroidism,Noise in ears,60862001,0.37757644,0,1,244.5
244.5,Congenital hypothyroidism,endocrine/metabolic,Congenital hypothyroidism,Incontinence,48340000,0.9492221,0,1,244.5
244.5,Congenital hypothyroidism,endocrine/metabolic,Congenital hypothyroidism,Injury,417746004,0.42024022,0,1,244.5
244.5,Congenital hypothyroidism,endocrine/metabolic,Congenital hypothyroidism,Combined vocal and multiple motor tic disorder,5158005,0.925756,0,2,244.5
244.5,Congenital hypothyroidism,endocrine/metabolic,Congenital hypothyroidism,Excessive upper gastrointestinal gas,162076009,0.3308143,0,3,244.5
244.5,Congenital hypothyroidism,endocrine/metabolic,Congenital hypothyroidism,Excision of thyroid gland,13619001,0.00024008937,1,5,244.5
244.5,Congenital hypothyroidism,endocrine/metabolic,Congenital hypothyroidism,Cushing basophilism,190502001,0.94209254,1,3,244.5
244.5,Congenital hypothyroidism,endocrine/metabolic,Congenital hypothyroidism,Cyst of thyroid,72325004,-0.5089469,1,5,244.5
244.5,Congenital hypothyroidism,endocrine/metabolic,Congenital hypothyroidism,Ankle sprain,44465007,-0.26808265,0,1,244.5
244.5,Congenital hypothyroidism,endocrine/metabolic,Congenital hypothyroidism,UTI - Urinary tract infection,68566005,0.39435086,0,1,244.5
244.5,Congenital hypothyroidism,endocrine/metabolic,Congenital hypothyroidism,PTC - Papillary thyroid carcinoma,255029007,-0.5467445,1,5,244.5
244.5,Congenital hypothyroidism,endocrine/metabolic,Congenital hypothyroidism,Adenoma sebaceum syndrome,7199000,0.5482652,1,3,244.5
244.5,Congenital hypothyroidism,endocrine/metabolic,Congenital hypothyroidism,Legg-Calve-Perthes disease,111255008,0.20915851,0,3,244.5
244.5,Congenital hypothyroidism,endocrine/metabolic,Congenital hypothyroidism,Multinodular goiter,237570007,0.8652157,1,5,244.5
245.1,"Thyroiditis, acute and subacute",endocrine/metabolic,"Thyroiditis, acute and subacute",I and D,56783008,0.8199142,1,1,245.1
245.1,"Thyroiditis, acute and subacute",endocrine/metabolic,"Thyroiditis, acute and subacute",Marfan syndrome,19346006,0.569159,0,1,245.1
245.1,"Thyroiditis, acute and subacute",endocrine/metabolic,"Thyroiditis, acute and subacute",Disorder of muscle,129565002,0.8423167,0,1,245.1
245.1,"Thyroiditis, acute and subacute",endocrine/metabolic,"Thyroiditis, acute and subacute",Burning sensation,90673000,0.884554,1,1,245.1
245.1,"Thyroiditis, acute and subacute",endocrine/metabolic,"Thyroiditis, acute and subacute",Disease of thyroid gland,14304000,0.89070463,1,5,245.1
245.1,"Thyroiditis, acute and subacute",endocrine/metabolic,"Thyroiditis, acute and subacute",Allergic shock,39579001,0.70067304,0,1,245.1
245.1,"Thyroiditis, acute and subacute",endocrine/metabolic,"Thyroiditis, acute and subacute",Age-related hearing loss,49526009,-0.6455255,1,1,245.1
245.1,"Thyroiditis, acute and subacute",endocrine/metabolic,"Thyroiditis, acute and subacute",SVT - Supraventricular tachycardia,6456007,0.60501397,0,3,245.1
245.1,"Thyroiditis, acute and subacute",endocrine/metabolic,"Thyroiditis, acute and subacute",CD - Conductive deafness,44057004,-0.48313257,1,1,245.1
245.1,"Thyroiditis, acute and subacute",endocrine/metabolic,"Thyroiditis, acute and subacute",Peripheral venous insufficiency,20696009,0.12843505,0,1,245.1
245.1,"Thyroiditis, acute and subacute",endocrine/metabolic,"Thyroiditis, acute and subacute",Metabolic acidosis,59455009,0.5290829,0,1,245.1
245.1,"Thyroiditis, acute and subacute",endocrine/metabolic,"Thyroiditis, acute and subacute",Disorder due to presence of foreign body,125670008,0.8880566,1,1,245.1
245.1,"Thyroiditis, acute and subacute",endocrine/metabolic,"Thyroiditis, acute and subacute",PHT - Pulmonary hypertension,70995007,0.7665216,0,1,245.1
245.1,"Thyroiditis, acute and subacute",endocrine/metabolic,"Thyroiditis, acute and subacute",Deep venous thrombosis,128053003,0.34998626,0,1,245.1
245.1,"Thyroiditis, acute and subacute",endocrine/metabolic,"Thyroiditis, acute and subacute",Human papilloma virus infection,240532009,0.8596208,1,1,245.1
245.1,"Thyroiditis, acute and subacute",endocrine/metabolic,"Thyroiditis, acute and subacute",Auditory vertigo,13445001,0.7643409,1,1,245.1
245.1,"Thyroiditis, acute and subacute",endocrine/metabolic,"Thyroiditis, acute and subacute",AN - Acoustic neuroma,126949007,0.9616071,1,1,245.1
245.1,"Thyroiditis, acute and subacute",endocrine/metabolic,"Thyroiditis, acute and subacute",Noise in ears,60862001,0.6383468,1,1,245.1
245.1,"Thyroiditis, acute and subacute",endocrine/metabolic,"Thyroiditis, acute and subacute",Bleeding from nose,249366005,0.646381,0,1,245.1
245.1,"Thyroiditis, acute and subacute",endocrine/metabolic,"Thyroiditis, acute and subacute",Deafness,15188001,0.8827101,1,1,245.1
245.1,"Thyroiditis, acute and subacute",endocrine/metabolic,"Thyroiditis, acute and subacute",Neurosensory deafness,60700002,0.6072682,1,1,245.1
245.1,"Thyroiditis, acute and subacute",endocrine/metabolic,"Thyroiditis, acute and subacute",Herpes simplex,88594005,0.8876177,1,1,245.1
245.1,"Thyroiditis, acute and subacute",endocrine/metabolic,"Thyroiditis, acute and subacute",Birth control,13197004,0.8613288,0,1,245.1
245.1,"Thyroiditis, acute and subacute",endocrine/metabolic,"Thyroiditis, acute and subacute",SRM - Spontaneous rupture of membranes,169734005,0.42242926,0,1,245.1
245.1,"Thyroiditis, acute and subacute",endocrine/metabolic,"Thyroiditis, acute and subacute",Inflammation of vagina,30800001,0.80150926,0,1,245.1
245.1,"Thyroiditis, acute and subacute",endocrine/metabolic,"Thyroiditis, acute and subacute",Measles,14189004,0.8198588,1,1,245.1
245.1,"Thyroiditis, acute and subacute",endocrine/metabolic,"Thyroiditis, acute and subacute",Paraesthesia,91019004,0.52855635,0,1,245.1
245.1,"Thyroiditis, acute and subacute",endocrine/metabolic,"Thyroiditis, acute and subacute",Intellectual disability,1855002,0.7188302,0,1,245.1
245.1,"Thyroiditis, acute and subacute",endocrine/metabolic,"Thyroiditis, acute and subacute",Bacterial pneumonia,53084003,0.70184684,0,1,245.1
245.1,"Thyroiditis, acute and subacute",endocrine/metabolic,"Thyroiditis, acute and subacute",Croaky voice,50219008,0.91253114,1,1,245.1
250.11,Type 1 diabetes with ketoacidosis,endocrine/metabolic,Type 1 diabetes with ketoacidosis,Essential hypertension,59621000,0.79114383,1,4,250.11
250.11,Type 1 diabetes with ketoacidosis,endocrine/metabolic,Type 1 diabetes with ketoacidosis,Anxiety,48694002,0.46702787,0,3,250.11
250.11,Type 1 diabetes with ketoacidosis,endocrine/metabolic,Type 1 diabetes with ketoacidosis,Dryness of vagina,31908003,0.26701277,0,4,250.11
250.11,Type 1 diabetes with ketoacidosis,endocrine/metabolic,Type 1 diabetes with ketoacidosis,Ventricular pre-excitation with arrhythmia,74390002,0.7811923,0,3,250.11
250.11,Type 1 diabetes with ketoacidosis,endocrine/metabolic,Type 1 diabetes with ketoacidosis,Compartment syndrome,111245009,0.5194477,0,2,250.11
250.11,Type 1 diabetes with ketoacidosis,endocrine/metabolic,Type 1 diabetes with ketoacidosis,Blurred vision,111516008,0.9516365,1,4,250.11
250.11,Type 1 diabetes with ketoacidosis,endocrine/metabolic,Type 1 diabetes with ketoacidosis,High cholesterol,13644009,0.8916527,1,4,250.11
250.11,Type 1 diabetes with ketoacidosis,endocrine/metabolic,Type 1 diabetes with ketoacidosis,Diabetes mellitus arising in pregnancy,11687002,0.37119862,1,3,250.11
250.11,Type 1 diabetes with ketoacidosis,endocrine/metabolic,Type 1 diabetes with ketoacidosis,Easy bruising,424131007,0.5471532,0,3,250.11
250.11,Type 1 diabetes with ketoacidosis,endocrine/metabolic,Type 1 diabetes with ketoacidosis,CVD - cardiovascular disease,49601007,0.8933296,1,4,250.11
250.11,Type 1 diabetes with ketoacidosis,endocrine/metabolic,Type 1 diabetes with ketoacidosis,Cervical lymphadenopathy,127086001,-0.65697014,0,2,250.11
250.11,Type 1 diabetes with ketoacidosis,endocrine/metabolic,Type 1 diabetes with ketoacidosis,Hypertriglyceridaemia,302870006,0.88508916,1,5,250.11
250.11,Type 1 diabetes with ketoacidosis,endocrine/metabolic,Type 1 diabetes with ketoacidosis,Chronic otitis media,21186006,-0.70955104,0,3,250.11
250.11,Type 1 diabetes with ketoacidosis,endocrine/metabolic,Type 1 diabetes with ketoacidosis,Dysmetabolic syndrome X,237602007,0.73816586,1,4,250.11
250.11,Type 1 diabetes with ketoacidosis,endocrine/metabolic,Type 1 diabetes with ketoacidosis,CKD stage 5,433146000,0.78618765,1,3,250.11
250.11,Type 1 diabetes with ketoacidosis,endocrine/metabolic,Type 1 diabetes with ketoacidosis,Ischaemic stroke,422504002,0.86076534,0,4,250.11
250.11,Type 1 diabetes with ketoacidosis,endocrine/metabolic,Type 1 diabetes with ketoacidosis,Foot pain,47933007,0.49673334,0,5,250.11
250.11,Type 1 diabetes with ketoacidosis,endocrine/metabolic,Type 1 diabetes with ketoacidosis,Peripheral arterial disease,399957001,0.8887561,1,5,250.11
250.11,Type 1 diabetes with ketoacidosis,endocrine/metabolic,Type 1 diabetes with ketoacidosis,PVD-peripheral vascular disease,400047006,0.8030802,1,5,250.11
250.11,Type 1 diabetes with ketoacidosis,endocrine/metabolic,Type 1 diabetes with ketoacidosis,AHG deficiency disease,28293008,0.61262447,0,1,250.11
250.11,Type 1 diabetes with ketoacidosis,endocrine/metabolic,Type 1 diabetes with ketoacidosis,Bruit,70466008,0.89302075,1,3,250.11
250.11,Type 1 diabetes with ketoacidosis,endocrine/metabolic,Type 1 diabetes with ketoacidosis,Cerebral edema,2032001,0.7584522,1,5,250.11
250.11,Type 1 diabetes with ketoacidosis,endocrine/metabolic,Type 1 diabetes with ketoacidosis,Autonomic neuropathy,277879009,-0.38399053,1,5,250.11
250.11,Type 1 diabetes with ketoacidosis,endocrine/metabolic,Type 1 diabetes with ketoacidosis,Neurogenic bladder,398064005,0.3757804,0,3,250.11
250.11,Type 1 diabetes with ketoacidosis,endocrine/metabolic,Type 1 diabetes with ketoacidosis,Capillary angioma,195382003,0.7358639,0,3,250.11
250.11,Type 1 diabetes with ketoacidosis,endocrine/metabolic,Type 1 diabetes with ketoacidosis,Obesity,414916001,0.6872813,1,4,250.11
250.11,Type 1 diabetes with ketoacidosis,endocrine/metabolic,Type 1 diabetes with ketoacidosis,RAS - Renal artery stenosis,302233006,0.41936666,1,3,250.11
250.11,Type 1 diabetes with ketoacidosis,endocrine/metabolic,Type 1 diabetes with ketoacidosis,Renal tubular acidosis,1776003,0.35767943,0,5,250.11
250.11,Type 1 diabetes with ketoacidosis,endocrine/metabolic,Type 1 diabetes with ketoacidosis,Atheromatosis,38716007,0.9169892,1,4,250.11
250.11,Type 1 diabetes with ketoacidosis,endocrine/metabolic,Type 1 diabetes with ketoacidosis,Anal itch,90446007,0.48521805,0,2,250.11
250.11,Type 1 diabetes with ketoacidosis,endocrine/metabolic,Type 1 diabetes with ketoacidosis,Degenerative joint disease of knee,239873007,-0.30780882,0,3,250.11
250.11,Type 1 diabetes with ketoacidosis,endocrine/metabolic,Type 1 diabetes with ketoacidosis,Anorectal fistula,72779005,-0.043122098,0,1,250.11
250.22,Type 2 diabetes with renal manifestations,endocrine/metabolic,Type 2 diabetes with renal manifestations,Anancastic neurosis,191736004,0.64423233,0,3,250.22
250.22,Type 2 diabetes with renal manifestations,endocrine/metabolic,Type 2 diabetes with renal manifestations,Angiogram,77343006,0.91180533,1,3,250.22
250.22,Type 2 diabetes with renal manifestations,endocrine/metabolic,Type 2 diabetes with renal manifestations,Hyperphosphataemia,20165001,0.46341679,0,4,250.22
250.22,Type 2 diabetes with renal manifestations,endocrine/metabolic,Type 2 diabetes with renal manifestations,Atypical pneumonia,233606009,-0.18218519,0,1,250.22
250.22,Type 2 diabetes with renal manifestations,endocrine/metabolic,Type 2 diabetes with renal manifestations,Degenerative joint disease of knee,239873007,-0.3853273,0,1,250.22
250.22,Type 2 diabetes with renal manifestations,endocrine/metabolic,Type 2 diabetes with renal manifestations,Atheromatosis,38716007,0.97004914,1,3,250.22
250.22,Type 2 diabetes with renal manifestations,endocrine/metabolic,Type 2 diabetes with renal manifestations,High cholesterol,13644009,0.9541348,1,3,250.22
250.22,Type 2 diabetes with renal manifestations,endocrine/metabolic,Type 2 diabetes with renal manifestations,Breaking out - eruption,271807003,0.3936578,0,1,250.22
250.22,Type 2 diabetes with renal manifestations,endocrine/metabolic,Type 2 diabetes with renal manifestations,RAS - Renal artery stenosis,302233006,0.49477437,1,2,250.22
250.22,Type 2 diabetes with renal manifestations,endocrine/metabolic,Type 2 diabetes with renal manifestations,Foot ulcer,95345008,-0.24214393,0,4,250.22
250.22,Type 2 diabetes with renal manifestations,endocrine/metabolic,Type 2 diabetes with renal manifestations,Excessive pregnancy vomiting,14094001,0.4822305,0,1,250.22
250.22,Type 2 diabetes with renal manifestations,endocrine/metabolic,Type 2 diabetes with renal manifestations,Foot injury,125604000,0.95064485,1,2,250.22
250.22,Type 2 diabetes with renal manifestations,endocrine/metabolic,Type 2 diabetes with renal manifestations,Hypoglycaemia unawareness,170766006,0.9894014,1,4,250.22
250.22,Type 2 diabetes with renal manifestations,endocrine/metabolic,Type 2 diabetes with renal manifestations,PV - Pityriasis versicolor,56454009,0.3517487,0,1,250.22
250.22,Type 2 diabetes with renal manifestations,endocrine/metabolic,Type 2 diabetes with renal manifestations,Pharyngitis,405737000,0.28958923,0,1,250.22
250.22,Type 2 diabetes with renal manifestations,endocrine/metabolic,Type 2 diabetes with renal manifestations,Cerebral edema,2032001,0.8933133,1,1,250.22
250.22,Type 2 diabetes with renal manifestations,endocrine/metabolic,Type 2 diabetes with renal manifestations,AV block,233917008,0.80919164,0,1,250.22
250.22,Type 2 diabetes with renal manifestations,endocrine/metabolic,Type 2 diabetes with renal manifestations,Gingivostomatitis,20607006,-0.5156137,0,1,250.22
250.22,Type 2 diabetes with renal manifestations,endocrine/metabolic,Type 2 diabetes with renal manifestations,Essential hypertension,59621000,0.9180385,1,1,250.22
250.22,Type 2 diabetes with renal manifestations,endocrine/metabolic,Type 2 diabetes with renal manifestations,Dysmetabolic syndrome X,237602007,0.8737761,1,4,250.22
250.22,Type 2 diabetes with renal manifestations,endocrine/metabolic,Type 2 diabetes with renal manifestations,CA - Mouth cancer,363505006,-0.8072612,0,1,250.22
250.22,Type 2 diabetes with renal manifestations,endocrine/metabolic,Type 2 diabetes with renal manifestations,PCK - Polycystic kidney disease,82525005,0.60549295,1,1,250.22
250.22,Type 2 diabetes with renal manifestations,endocrine/metabolic,Type 2 diabetes with renal manifestations,Hot flashes,198436008,0.43683255,0,1,250.22
250.22,Type 2 diabetes with renal manifestations,endocrine/metabolic,Type 2 diabetes with renal manifestations,PVD-peripheral vascular disease,400047006,0.8439632,1,4,250.22
250.22,Type 2 diabetes with renal manifestations,endocrine/metabolic,Type 2 diabetes with renal manifestations,Hypertensive urgency,443482000,0.91052055,1,2,250.22
250.22,Type 2 diabetes with renal manifestations,endocrine/metabolic,Type 2 diabetes with renal manifestations,Peripheral arterial disease,399957001,0.96075225,1,4,250.22
250.22,Type 2 diabetes with renal manifestations,endocrine/metabolic,Type 2 diabetes with renal manifestations,Sinusitis,36971009,0.382694,0,1,250.22
250.22,Type 2 diabetes with renal manifestations,endocrine/metabolic,Type 2 diabetes with renal manifestations,Metabolic acidosis,59455009,0.6370426,0,1,250.22
250.22,Type 2 diabetes with renal manifestations,endocrine/metabolic,Type 2 diabetes with renal manifestations,Autonomic neuropathy,277879009,-0.41895497,1,4,250.22
250.22,Type 2 diabetes with renal manifestations,endocrine/metabolic,Type 2 diabetes with renal manifestations,BDR - Background diabetic retinopathy,390834004,0.84791434,1,5,250.22
250.22,Type 2 diabetes with renal manifestations,endocrine/metabolic,Type 2 diabetes with renal manifestations,Cholesterol measurement,77068002,0.98550844,1,3,250.22
250.23,Type 2 diabetes with ophthalmic manifestations,endocrine/metabolic,Type 2 diabetes with ophthalmic manifestations,CKD stage 5,433146000,0.75153685,1,4,250.23
250.23,Type 2 diabetes with ophthalmic manifestations,endocrine/metabolic,Type 2 diabetes with ophthalmic manifestations,Microalbuminuria,312975006,0.92666495,1,4,250.23
250.23,Type 2 diabetes with ophthalmic manifestations,endocrine/metabolic,Type 2 diabetes with ophthalmic manifestations,Autonomic neuropathy,277879009,-0.33196712,1,4,250.23
250.23,Type 2 diabetes with ophthalmic manifestations,endocrine/metabolic,Type 2 diabetes with ophthalmic manifestations,Dysmetabolic syndrome X,237602007,0.8175023,1,4,250.23
250.23,Type 2 diabetes with ophthalmic manifestations,endocrine/metabolic,Type 2 diabetes with ophthalmic manifestations,Swelling of scrotum,271687003,-0.16262145,0,2,250.23
250.23,Type 2 diabetes with ophthalmic manifestations,endocrine/metabolic,Type 2 diabetes with ophthalmic manifestations,Hypoglycaemia unawareness,170766006,0.97853065,1,4,250.23
250.23,Type 2 diabetes with ophthalmic manifestations,endocrine/metabolic,Type 2 diabetes with ophthalmic manifestations,FGS - Focal glomerulosclerosis,25821008,0.52162755,0,4,250.23
250.23,Type 2 diabetes with ophthalmic manifestations,endocrine/metabolic,Type 2 diabetes with ophthalmic manifestations,Cerebral edema,2032001,0.82966447,1,3,250.23
250.23,Type 2 diabetes with ophthalmic manifestations,endocrine/metabolic,Type 2 diabetes with ophthalmic manifestations,RAS - Renal artery stenosis,302233006,0.48248985,1,4,250.23
250.23,Type 2 diabetes with ophthalmic manifestations,endocrine/metabolic,Type 2 diabetes with ophthalmic manifestations,Anti-nuclear antibody positive,165850001,-0.654458,0,2,250.23
250.23,Type 2 diabetes with ophthalmic manifestations,endocrine/metabolic,Type 2 diabetes with ophthalmic manifestations,Deep vein thrombosis of portal vein,17920008,0.22458473,0,2,250.23
250.23,Type 2 diabetes with ophthalmic manifestations,endocrine/metabolic,Type 2 diabetes with ophthalmic manifestations,High cholesterol,13644009,0.8962923,1,4,250.23
250.23,Type 2 diabetes with ophthalmic manifestations,endocrine/metabolic,Type 2 diabetes with ophthalmic manifestations,Central hyperalimentation,225372007,0.3024974,0,2,250.23
250.23,Type 2 diabetes with ophthalmic manifestations,endocrine/metabolic,Type 2 diabetes with ophthalmic manifestations,Blackout,271594007,0.7725193,0,1,250.23
250.23,Type 2 diabetes with ophthalmic manifestations,endocrine/metabolic,Type 2 diabetes with ophthalmic manifestations,Peripheral arterial disease,399957001,0.89891917,1,4,250.23
250.23,Type 2 diabetes with ophthalmic manifestations,endocrine/metabolic,Type 2 diabetes with ophthalmic manifestations,Bruit,70466008,0.93825555,1,4,250.23
250.23,Type 2 diabetes with ophthalmic manifestations,endocrine/metabolic,Type 2 diabetes with ophthalmic manifestations,CIN - Cervical intraepithelial neoplasia,285636001,-0.6961019,0,3,250.23
250.23,Type 2 diabetes with ophthalmic manifestations,endocrine/metabolic,Type 2 diabetes with ophthalmic manifestations,Diabetic nephropathy,127013003,0.79790074,1,4,250.23
250.23,Type 2 diabetes with ophthalmic manifestations,endocrine/metabolic,Type 2 diabetes with ophthalmic manifestations,Hypertriglyceridaemia,302870006,0.8950294,1,4,250.23
250.23,Type 2 diabetes with ophthalmic manifestations,endocrine/metabolic,Type 2 diabetes with ophthalmic manifestations,Fracture of bone of hand,20511007,-0.50025946,0,1,250.23
250.23,Type 2 diabetes with ophthalmic manifestations,endocrine/metabolic,Type 2 diabetes with ophthalmic manifestations,Varices,128060009,0.4731294,0,2,250.23
250.23,Type 2 diabetes with ophthalmic manifestations,endocrine/metabolic,Type 2 diabetes with ophthalmic manifestations,Disease of kidney,90708001,0.72398615,1,4,250.23
250.23,Type 2 diabetes with ophthalmic manifestations,endocrine/metabolic,Type 2 diabetes with ophthalmic manifestations,Systolic dysfunction,371037005,0.6578355,0,4,250.23
250.23,Type 2 diabetes with ophthalmic manifestations,endocrine/metabolic,Type 2 diabetes with ophthalmic manifestations,Bergmann's syndrome,84089009,-0.02275156,0,1,250.23
250.23,Type 2 diabetes with ophthalmic manifestations,endocrine/metabolic,Type 2 diabetes with ophthalmic manifestations,Hypogammaglobulinaemia,119250001,0.18306687,0,2,250.23
250.23,Type 2 diabetes with ophthalmic manifestations,endocrine/metabolic,Type 2 diabetes with ophthalmic manifestations,Facial pain,95668009,0.48051703,0,2,250.23
250.23,Type 2 diabetes with ophthalmic manifestations,endocrine/metabolic,Type 2 diabetes with ophthalmic manifestations,Hyperinsulinaemia,83469008,0.8172332,1,3,250.23
250.23,Type 2 diabetes with ophthalmic manifestations,endocrine/metabolic,Type 2 diabetes with ophthalmic manifestations,Foot injury,125604000,0.944782,1,4,250.23
250.23,Type 2 diabetes with ophthalmic manifestations,endocrine/metabolic,Type 2 diabetes with ophthalmic manifestations,PSP - Progressive supranuclear palsy,28978003,0.7962377,0,3,250.23
250.23,Type 2 diabetes with ophthalmic manifestations,endocrine/metabolic,Type 2 diabetes with ophthalmic manifestations,Cholesterol measurement,77068002,0.96767443,1,4,250.23
250.23,Type 2 diabetes with ophthalmic manifestations,endocrine/metabolic,Type 2 diabetes with ophthalmic manifestations,Essential hypertension,59621000,0.8412026,1,4,250.23
250.23,Type 2 diabetes with ophthalmic manifestations,endocrine/metabolic,Type 2 diabetes with ophthalmic manifestations,Affective disorder,46206005,0.5077613,0,3,250.23
250.23,Type 2 diabetes with ophthalmic manifestations,endocrine/metabolic,Type 2 diabetes with ophthalmic manifestations,CEA - Carotid endarterectomy,66951008,-0.07064205,1,3,250.23
250.6,Polyneuropathy in diabetes,endocrine/metabolic,Polyneuropathy in diabetes,Angiospasm,71772004,0.8712876,0,3,250.6
250.6,Polyneuropathy in diabetes,endocrine/metabolic,Polyneuropathy in diabetes,CKD stage 5,433146000,0.75271606,1,4,250.6
250.6,Polyneuropathy in diabetes,endocrine/metabolic,Polyneuropathy in diabetes,Overweight,238131007,0.98495317,1,4,250.6
250.6,Polyneuropathy in diabetes,endocrine/metabolic,Polyneuropathy in diabetes,Dermatomycosis,47382004,-0.048047915,0,4,250.6
250.6,Polyneuropathy in diabetes,endocrine/metabolic,Polyneuropathy in diabetes,Urticaria,126485001,0.66471225,0,1,250.6
250.6,Polyneuropathy in diabetes,endocrine/metabolic,Polyneuropathy in diabetes,Chronic liver disease,328383001,0.643178,0,1,250.6
250.6,Polyneuropathy in diabetes,endocrine/metabolic,Polyneuropathy in diabetes,Detached retina,42059000,0.53498757,0,4,250.6
250.6,Polyneuropathy in diabetes,endocrine/metabolic,Polyneuropathy in diabetes,CVD - cardiovascular disease,49601007,0.9099022,1,4,250.6
250.6,Polyneuropathy in diabetes,endocrine/metabolic,Polyneuropathy in diabetes,Diabetic nephropathy,127013003,0.8869995,1,4,250.6
250.6,Polyneuropathy in diabetes,endocrine/metabolic,Polyneuropathy in diabetes,Haemolytic anaemia,61261009,0.78592896,0,1,250.6
250.6,Polyneuropathy in diabetes,endocrine/metabolic,Polyneuropathy in diabetes,Microalbuminuria,312975006,0.7133423,1,4,250.6
250.6,Polyneuropathy in diabetes,endocrine/metabolic,Polyneuropathy in diabetes,Chemical diabetes,9414007,0.8666836,1,2,250.6
250.6,Polyneuropathy in diabetes,endocrine/metabolic,Polyneuropathy in diabetes,Hypomagnesaemia,190855004,0.6596707,1,1,250.6
250.6,Polyneuropathy in diabetes,endocrine/metabolic,Polyneuropathy in diabetes,Obesity,414916001,0.94308597,1,4,250.6
250.6,Polyneuropathy in diabetes,endocrine/metabolic,Polyneuropathy in diabetes,Increased urine volume,28442001,0.917977,1,5,250.6
250.6,Polyneuropathy in diabetes,endocrine/metabolic,Polyneuropathy in diabetes,FOM - Frequency of micturition,162116003,0.9398123,1,5,250.6
250.6,Polyneuropathy in diabetes,endocrine/metabolic,Polyneuropathy in diabetes,PT - Pregnancy test,74036000,-0.8120681,0,1,250.6
250.6,Polyneuropathy in diabetes,endocrine/metabolic,Polyneuropathy in diabetes,Deficiency of PTH,36976004,0.95186013,1,1,250.6
250.6,Polyneuropathy in diabetes,endocrine/metabolic,Polyneuropathy in diabetes,PCK - Polycystic kidney disease,82525005,0.7793911,1,1,250.6
250.6,Polyneuropathy in diabetes,endocrine/metabolic,Polyneuropathy in diabetes,PSC - Primary sclerosing cholangitis,197441003,0.6238804,0,3,250.6
250.6,Polyneuropathy in diabetes,endocrine/metabolic,Polyneuropathy in diabetes,Foot injury,125604000,0.8221623,1,5,250.6
250.6,Polyneuropathy in diabetes,endocrine/metabolic,Polyneuropathy in diabetes,DKA - diabetic ketoacidosis,420422005,0.93535924,1,4,250.6
250.6,Polyneuropathy in diabetes,endocrine/metabolic,Polyneuropathy in diabetes,COAG - Chronic open-angle glaucoma,77075001,0.539992,0,1,250.6
250.6,Polyneuropathy in diabetes,endocrine/metabolic,Polyneuropathy in diabetes,EF - Epileptic fit,246545002,0.8524172,0,1,250.6
250.6,Polyneuropathy in diabetes,endocrine/metabolic,Polyneuropathy in diabetes,Disease of kidney,90708001,0.8599514,1,4,250.6
250.6,Polyneuropathy in diabetes,endocrine/metabolic,Polyneuropathy in diabetes,Cerebral edema,2032001,0.910209,1,3,250.6
250.6,Polyneuropathy in diabetes,endocrine/metabolic,Polyneuropathy in diabetes,Aneurysm,432119003,0.79367363,0,3,250.6
250.6,Polyneuropathy in diabetes,endocrine/metabolic,Polyneuropathy in diabetes,IBD - Inflammatory bowel disease,24526004,0.67859936,0,1,250.6
250.7,Diabetic retinopathy,endocrine/metabolic,Diabetic retinopathy,AR - Allergic rhinitis,61582004,0.25974888,0,1,250.7
250.7,Diabetic retinopathy,endocrine/metabolic,Diabetic retinopathy,Chemical diabetes,9414007,0.9296585,1,3,250.7
250.7,Diabetic retinopathy,endocrine/metabolic,Diabetic retinopathy,Cholesterol measurement,77068002,0.91002846,1,2,250.7
250.7,Diabetic retinopathy,endocrine/metabolic,Diabetic retinopathy,Lens opacity,193570009,0.9920992,1,4,250.7
250.7,Diabetic retinopathy,endocrine/metabolic,Diabetic retinopathy,HD - Hodgkin's disease,118599009,0.18298495,0,2,250.7
250.7,Diabetic retinopathy,endocrine/metabolic,Diabetic retinopathy,Bladder spasm,249297006,0.1374396,0,2,250.7
250.7,Diabetic retinopathy,endocrine/metabolic,Diabetic retinopathy,HHT - Hereditary haemorrhagic telangiectasia,21877004,0.60842973,0,1,250.7
250.7,Diabetic retinopathy,endocrine/metabolic,Diabetic retinopathy,Bruit,70466008,0.8817197,1,2,250.7
250.7,Diabetic retinopathy,endocrine/metabolic,Diabetic retinopathy,Marfan syndrome,19346006,0.4083752,0,3,250.7
250.7,Diabetic retinopathy,endocrine/metabolic,Diabetic retinopathy,PTSD - Post-traumatic stress disorder,47505003,0.4633226,0,1,250.7
250.7,Diabetic retinopathy,endocrine/metabolic,Diabetic retinopathy,Naevus flammeus,416377005,0.5565285,1,1,250.7
250.7,Diabetic retinopathy,endocrine/metabolic,Diabetic retinopathy,Hypoglycaemia unawareness,170766006,0.9388566,1,4,250.7
250.7,Diabetic retinopathy,endocrine/metabolic,Diabetic retinopathy,Autonomic neuropathy,277879009,-0.2293061,1,4,250.7
250.7,Diabetic retinopathy,endocrine/metabolic,Diabetic retinopathy,Blurred vision,111516008,0.9820776,1,5,250.7
250.7,Diabetic retinopathy,endocrine/metabolic,Diabetic retinopathy,Blurred vision,111516008,0.9820776,1,5,250.7
250.7,Diabetic retinopathy,endocrine/metabolic,Diabetic retinopathy,Seborrhea capitis,156329007,0.089324534,0,2,250.7
250.7,Diabetic retinopathy,endocrine/metabolic,Diabetic retinopathy,Bacterial disease,87628006,0.20065086,0,2,250.7
250.7,Diabetic retinopathy,endocrine/metabolic,Diabetic retinopathy,Hepatitis,128241005,0.34648606,0,1,250.7
250.7,Diabetic retinopathy,endocrine/metabolic,Diabetic retinopathy,FLS - Phantom limb syndrome,193114000,-0.49933282,0,1,250.7
250.7,Diabetic retinopathy,endocrine/metabolic,Diabetic retinopathy,CAFL - Chronic airflow limitation,13645005,0.35981357,0,1,250.7
250.7,Diabetic retinopathy,endocrine/metabolic,Diabetic retinopathy,High cholesterol,13644009,0.80629027,0,3,250.7
250.7,Diabetic retinopathy,endocrine/metabolic,Diabetic retinopathy,RLF - Retrolental fibroplasia,415297005,0.996021,1,1,250.7
250.7,Diabetic retinopathy,endocrine/metabolic,Diabetic retinopathy,Foot injury,125604000,0.92028856,1,3,250.7
250.7,Diabetic retinopathy,endocrine/metabolic,Diabetic retinopathy,AAMD - Age related macular degeneration,267718000,0.9637445,1,3,250.7
250.7,Diabetic retinopathy,endocrine/metabolic,Diabetic retinopathy,Rupture of ovarian cyst,95598005,-0.78275776,0,1,250.7
250.7,Diabetic retinopathy,endocrine/metabolic,Diabetic retinopathy,Hyperglycaemia,80394007,0.81598794,1,5,250.7
250.7,Diabetic retinopathy,endocrine/metabolic,Diabetic retinopathy,Disease of pituitary gland,399244003,-0.13784689,0,2,250.7
250.7,Diabetic retinopathy,endocrine/metabolic,Diabetic retinopathy,Groin pain,102570003,0.122498855,0,1,250.7
250.7,Diabetic retinopathy,endocrine/metabolic,Diabetic retinopathy,Chest discomfort,279084009,0.47919482,0,1,250.7
250.7,Diabetic retinopathy,endocrine/metabolic,Diabetic retinopathy,Diabetes mellitus with neuropathy,230572002,0.73213977,1,3,250.7
250.7,Diabetic retinopathy,endocrine/metabolic,Diabetic retinopathy,DKA - diabetic ketoacidosis,420422005,0.82645035,1,3,250.7
250.7,Diabetic retinopathy,endocrine/metabolic,Diabetic retinopathy,CVD - cardiovascular disease,49601007,0.79123604,1,3,250.7
250.7,Diabetic retinopathy,endocrine/metabolic,Diabetic retinopathy,Microalbuminuria,312975006,0.8943256,1,3,250.7
250.7,Diabetic retinopathy,endocrine/metabolic,Diabetic retinopathy,Amblyopia,387742006,0.9642304,1,1,250.7
252.2,Hypoparathyroidism,endocrine/metabolic,Hypoparathyroidism,Separation anxiety,126943008,0.69130445,0,2,252.2
252.2,Hypoparathyroidism,endocrine/metabolic,Hypoparathyroidism,Hypesthesia,397974008,0.67996204,0,5,252.2
252.2,Hypoparathyroidism,endocrine/metabolic,Hypoparathyroidism,PAN - Polyarteritis nodosa,155441006,-0.7857764,0,1,252.2
252.2,Hypoparathyroidism,endocrine/metabolic,Hypoparathyroidism,Bruit,70466008,0.8044996,1,4,252.2
252.2,Hypoparathyroidism,endocrine/metabolic,Hypoparathyroidism,APN - Acute pyelonephritis,36689008,0.3180365,0,2,252.2
252.2,Hypoparathyroidism,endocrine/metabolic,Hypoparathyroidism,Cardiomegaly,8186001,0.83156025,0,4,252.2
252.2,Hypoparathyroidism,endocrine/metabolic,Hypoparathyroidism,ASHD - Atherosclerotic heart disease,53741008,0.8545784,0,2,252.2
252.2,Hypoparathyroidism,endocrine/metabolic,Hypoparathyroidism,BDR - Background diabetic retinopathy,390834004,0.6220974,1,2,252.2
252.2,Hypoparathyroidism,endocrine/metabolic,Hypoparathyroidism,Retinopathy due to diabetes mellitus,4855003,0.8628217,1,1,252.2
252.2,Hypoparathyroidism,endocrine/metabolic,Hypoparathyroidism,Marfan syndrome,19346006,0.8062806,1,1,252.2
252.2,Hypoparathyroidism,endocrine/metabolic,Hypoparathyroidism,Examination of visual fields,86944008,0.6937865,0,1,252.2
252.2,Hypoparathyroidism,endocrine/metabolic,Hypoparathyroidism,Cholesterol measurement,77068002,0.9343393,1,1,252.2
252.2,Hypoparathyroidism,endocrine/metabolic,Hypoparathyroidism,Naevus flammeus,416377005,0.8470129,1,1,252.2
252.2,Hypoparathyroidism,endocrine/metabolic,Hypoparathyroidism,Hypoglycaemia unawareness,170766006,0.83959043,1,1,252.2
252.2,Hypoparathyroidism,endocrine/metabolic,Hypoparathyroidism,Blurred vision,111516008,0.89166796,1,1,252.2
252.2,Hypoparathyroidism,endocrine/metabolic,Hypoparathyroidism,Blurred vision,111516008,0.89166796,1,2,252.2
252.2,Hypoparathyroidism,endocrine/metabolic,Hypoparathyroidism,Centesis,86088003,-0.40883857,0,1,252.2
252.2,Hypoparathyroidism,endocrine/metabolic,Hypoparathyroidism,ERCP,386718000,0.35331896,0,1,252.2
252.2,Hypoparathyroidism,endocrine/metabolic,Hypoparathyroidism,Adrenal tumor,127021009,0.58070683,0,3,252.2
252.2,Hypoparathyroidism,endocrine/metabolic,Hypoparathyroidism,Dysarthria,8011004,0.68355596,0,5,252.2
252.2,Hypoparathyroidism,endocrine/metabolic,Hypoparathyroidism,Delusion,2073000,0.67867744,0,3,252.2
252.2,Hypoparathyroidism,endocrine/metabolic,Hypoparathyroidism,Belching,271834000,0.1188931,0,5,252.2
252.2,Hypoparathyroidism,endocrine/metabolic,Hypoparathyroidism,Diabetes mellitus with neuropathy,230572002,0.8941802,1,3,252.2
252.2,Hypoparathyroidism,endocrine/metabolic,Hypoparathyroidism,Foot injury,125604000,0.790807,1,4,252.2
252.2,Hypoparathyroidism,endocrine/metabolic,Hypoparathyroidism,LVF - Left ventricular failure,85232009,0.472992,0,1,252.2
252.2,Hypoparathyroidism,endocrine/metabolic,Hypoparathyroidism,Leg pain,10601006,0.6444752,0,5,252.2
252.2,Hypoparathyroidism,endocrine/metabolic,Hypoparathyroidism,Arteriovenous fistula,439470001,0.66261363,1,2,252.2
252.2,Hypoparathyroidism,endocrine/metabolic,Hypoparathyroidism,Drug abuse,26416006,0.5212017,0,1,252.2
252.2,Hypoparathyroidism,endocrine/metabolic,Hypoparathyroidism,Keratoplasty,293820001,0.6555656,0,2,252.2
252.2,Hypoparathyroidism,endocrine/metabolic,Hypoparathyroidism,Autonomic neuropathy,277879009,-0.5557151,1,4,252.2
252.2,Hypoparathyroidism,endocrine/metabolic,Hypoparathyroidism,Retinal disease,29555009,0.7531756,1,1,252.2
253.2,Pituitary hypofunction,endocrine/metabolic,Pituitary hypofunction,Erb-Goldflam disease,91637004,0.64727414,1,1,253.2
253.2,Pituitary hypofunction,endocrine/metabolic,Pituitary hypofunction,Enlargement of spleen,16294009,0.31252772,0,1,253.2
253.2,Pituitary hypofunction,endocrine/metabolic,Pituitary hypofunction,Bruise,125667009,0.7323437,0,1,253.2
253.2,Pituitary hypofunction,endocrine/metabolic,Pituitary hypofunction,Focal epilepsy,29753000,0.955981,1,4,253.2
253.2,Pituitary hypofunction,endocrine/metabolic,Pituitary hypofunction,Neoplasm of brain,126952004,0.719571,1,5,253.2
253.2,Pituitary hypofunction,endocrine/metabolic,Pituitary hypofunction,EF - Epileptic fit,246545002,0.9923591,1,3,253.2
253.2,Pituitary hypofunction,endocrine/metabolic,Pituitary hypofunction,MI - Mitral incompetence,48724000,0.353398,0,1,253.2
253.2,Pituitary hypofunction,endocrine/metabolic,Pituitary hypofunction,EP - Epilepsy,84757009,0.9869782,1,4,253.2
253.2,Pituitary hypofunction,endocrine/metabolic,Pituitary hypofunction,CAT scan of head,34227000,0.9300824,1,5,253.2
253.2,Pituitary hypofunction,endocrine/metabolic,Pituitary hypofunction,PA (Psoriatic arthritis),156370009,0.54896766,0,1,253.2
253.2,Pituitary hypofunction,endocrine/metabolic,Pituitary hypofunction,Wheeze,56018004,0.2083798,0,1,253.2
253.2,Pituitary hypofunction,endocrine/metabolic,Pituitary hypofunction,Dysarthria,8011004,0.8331724,1,4,253.2
253.2,Pituitary hypofunction,endocrine/metabolic,Pituitary hypofunction,Human papilloma virus infection,240532009,0.38768363,0,1,253.2
253.2,Pituitary hypofunction,endocrine/metabolic,Pituitary hypofunction,Has a tremor,26079004,0.9517019,1,3,253.2
253.2,Pituitary hypofunction,endocrine/metabolic,Pituitary hypofunction,Keratitis,5888003,0.5451795,0,1,253.2
253.2,Pituitary hypofunction,endocrine/metabolic,Pituitary hypofunction,Behavioral problem,277843001,0.97735333,1,4,253.2
253.2,Pituitary hypofunction,endocrine/metabolic,Pituitary hypofunction,Convulsion,91175000,0.9785191,1,4,253.2
253.2,Pituitary hypofunction,endocrine/metabolic,Pituitary hypofunction,Inoculation,33879002,0.5010727,0,1,253.2
253.2,Pituitary hypofunction,endocrine/metabolic,Pituitary hypofunction,Intellectual developmental disorder,110359009,0.9130988,1,4,253.2
253.2,Pituitary hypofunction,endocrine/metabolic,Pituitary hypofunction,Hospice care,385763009,-0.71395975,0,1,253.2
253.2,Pituitary hypofunction,endocrine/metabolic,Pituitary hypofunction,Ankle injury,125603006,-0.6764417,0,1,253.2
253.2,Pituitary hypofunction,endocrine/metabolic,Pituitary hypofunction,AG - Atrophic gastritis,84568007,-0.031430174,0,1,253.2
253.2,Pituitary hypofunction,endocrine/metabolic,Pituitary hypofunction,Celioscopy,73632009,0.46599227,0,1,253.2
253.2,Pituitary hypofunction,endocrine/metabolic,Pituitary hypofunction,VAD - Vascular dementia,56267009,0.9784025,1,4,253.2
253.2,Pituitary hypofunction,endocrine/metabolic,Pituitary hypofunction,Hydrocephalus,230745008,-0.1631797,1,4,253.2
253.2,Pituitary hypofunction,endocrine/metabolic,Pituitary hypofunction,Acute hepatitis,37871000,-0.33289742,0,3,253.2
253.2,Pituitary hypofunction,endocrine/metabolic,Pituitary hypofunction,Disorder of eye,371409005,0.5887259,0,5,253.2
253.2,Pituitary hypofunction,endocrine/metabolic,Pituitary hypofunction,OP - Osteoporosis,64859006,0.8184347,0,4,253.2
253.2,Pituitary hypofunction,endocrine/metabolic,Pituitary hypofunction,Fasciculation,82470000,-0.44520634,1,1,253.2
253.2,Pituitary hypofunction,endocrine/metabolic,Pituitary hypofunction,Intellectual disability,1855002,0.9769135,1,4,253.2
253.2,Pituitary hypofunction,endocrine/metabolic,Pituitary hypofunction,Intellectual disability,1855002,0.9769135,1,4,253.2
253.3,Diabetes insipidus,endocrine/metabolic,Diabetes insipidus,Hyperglycaemia,80394007,0.73402256,1,3,253.3
253.3,Diabetes insipidus,endocrine/metabolic,Diabetes insipidus,Abnormal presence of protein in urine,29738008,0.66211593,1,3,253.3
253.3,Diabetes insipidus,endocrine/metabolic,Diabetes insipidus,Overweight,238131007,0.89495194,1,2,253.3
253.3,Diabetes insipidus,endocrine/metabolic,Diabetes insipidus,Obesity,414916001,0.73113275,1,2,253.3
253.3,Diabetes insipidus,endocrine/metabolic,Diabetes insipidus,Blood in stool,2901004,0.31576896,0,1,253.3
253.3,Diabetes insipidus,endocrine/metabolic,Diabetes insipidus,CKD stage 5,433146000,0.5774216,1,1,253.3
253.3,Diabetes insipidus,endocrine/metabolic,Diabetes insipidus,BDR - Background diabetic retinopathy,390834004,0.4080013,0,1,253.3
253.3,Diabetes insipidus,endocrine/metabolic,Diabetes insipidus,Chronic lung disease,413839001,0.4461454,0,1,253.3
253.3,Diabetes insipidus,endocrine/metabolic,Diabetes insipidus,Deformity of foot,229844004,0.43655127,0,1,253.3
253.3,Diabetes insipidus,endocrine/metabolic,Diabetes insipidus,Fracture of skull,71642004,0.8288945,0,1,253.3
253.3,Diabetes insipidus,endocrine/metabolic,Diabetes insipidus,"Dermatosis, NOS",80659006,0.5851983,0,1,253.3
253.3,Diabetes insipidus,endocrine/metabolic,Diabetes insipidus,CAH - Chronic active hepatitis,197284004,0.51194155,0,1,253.3
253.3,Diabetes insipidus,endocrine/metabolic,Diabetes insipidus,Blood in urine,34436003,0.38997823,0,1,253.3
253.3,Diabetes insipidus,endocrine/metabolic,Diabetes insipidus,Herpes simplex,88594005,0.55316865,0,1,253.3
253.3,Diabetes insipidus,endocrine/metabolic,Diabetes insipidus,CRF - Chronic renal failure,90688005,0.7237933,1,4,253.3
253.3,Diabetes insipidus,endocrine/metabolic,Diabetes insipidus,Allergic rhinitis caused by pollen,21719001,0.5674881,0,1,253.3
253.3,Diabetes insipidus,endocrine/metabolic,Diabetes insipidus,PTB - Pulmonary tuberculosis,154283005,0.58730316,0,1,253.3
253.3,Diabetes insipidus,endocrine/metabolic,Diabetes insipidus,Disease of kidney,90708001,0.75248086,1,5,253.3
253.3,Diabetes insipidus,endocrine/metabolic,Diabetes insipidus,Acid reflux,235595009,0.4115349,0,1,253.3
253.3,Diabetes insipidus,endocrine/metabolic,Diabetes insipidus,Diabetic nephropathy,127013003,0.7232579,1,2,253.3
253.3,Diabetes insipidus,endocrine/metabolic,Diabetes insipidus,NGB - New growth of bladder,126885006,0.23279202,0,1,253.3
253.3,Diabetes insipidus,endocrine/metabolic,Diabetes insipidus,Infection due to Mycobacterium tuberculosis,56717001,0.5600846,0,1,253.3
253.3,Diabetes insipidus,endocrine/metabolic,Diabetes insipidus,Absence of menstruation,14302001,0.57616186,0,1,253.3
253.3,Diabetes insipidus,endocrine/metabolic,Diabetes insipidus,OM - Otitis media,65363002,0.4521572,0,1,253.3
253.3,Diabetes insipidus,endocrine/metabolic,Diabetes insipidus,BPH - benign prostatic hyperplasia,266569009,0.3756749,0,1,253.3
253.3,Diabetes insipidus,endocrine/metabolic,Diabetes insipidus,Hyperkalaemia,14140009,0.514839,1,4,253.3
253.3,Diabetes insipidus,endocrine/metabolic,Diabetes insipidus,Kidney transplant,70536003,0.5778814,1,1,253.3
253.3,Diabetes insipidus,endocrine/metabolic,Diabetes insipidus,Managing pain,278414003,0.88636535,0,1,253.3
253.3,Diabetes insipidus,endocrine/metabolic,Diabetes insipidus,DKA - diabetic ketoacidosis,420422005,0.78016484,1,1,253.3
253.3,Diabetes insipidus,endocrine/metabolic,Diabetes insipidus,Microalbuminuria,312975006,0.5545018,1,1,253.3
253.3,Diabetes insipidus,endocrine/metabolic,Diabetes insipidus,ALD - Alcoholic liver disease,41309000,0.49341917,0,1,253.3
270.12,Phenylketonuria [PKU],endocrine/metabolic,Phenylketonuria [PKU],Traumatic brain injury,127295002,0.95765966,1,3,270.12
270.12,Phenylketonuria [PKU],endocrine/metabolic,Phenylketonuria [PKU],Dementia,52448006,0.93473643,1,1,270.12
270.12,Phenylketonuria [PKU],endocrine/metabolic,Phenylketonuria [PKU],Chronic progressive chorea,58756001,0.8978237,1,1,270.12
270.12,Phenylketonuria [PKU],endocrine/metabolic,Phenylketonuria [PKU],Fracture of skull,71642004,0.8483076,0,3,270.12
270.12,Phenylketonuria [PKU],endocrine/metabolic,Phenylketonuria [PKU],Dysarthria,8011004,0.84214044,1,1,270.12
270.12,Phenylketonuria [PKU],endocrine/metabolic,Phenylketonuria [PKU],Diastolic dysfunction,3545003,0.5085871,0,1,270.12
270.12,Phenylketonuria [PKU],endocrine/metabolic,Phenylketonuria [PKU],Nephritis,52845002,0.35609007,0,3,270.12
270.12,Phenylketonuria [PKU],endocrine/metabolic,Phenylketonuria [PKU],Cerebral herniation,49453006,0.96161044,1,1,270.12
270.12,Phenylketonuria [PKU],endocrine/metabolic,Phenylketonuria [PKU],Blood clotting disorder,64779008,0.44578028,0,1,270.12
270.12,Phenylketonuria [PKU],endocrine/metabolic,Phenylketonuria [PKU],Night sweats,42984000,0.054806054,0,1,270.12
270.12,Phenylketonuria [PKU],endocrine/metabolic,Phenylketonuria [PKU],Disturbance in speech,29164008,0.8723076,1,2,270.12
270.12,Phenylketonuria [PKU],endocrine/metabolic,Phenylketonuria [PKU],Uraemia,44730006,0.6338927,0,1,270.12
270.12,Phenylketonuria [PKU],endocrine/metabolic,Phenylketonuria [PKU],Fasciculation,82470000,-0.3134247,1,2,270.12
270.12,Phenylketonuria [PKU],endocrine/metabolic,Phenylketonuria [PKU],Fracture of hip,5913000,0.77393353,0,4,270.12
270.12,Phenylketonuria [PKU],endocrine/metabolic,Phenylketonuria [PKU],Neoplasm of brain,126952004,0.6268232,1,1,270.12
270.12,Phenylketonuria [PKU],endocrine/metabolic,Phenylketonuria [PKU],Deformity of foot,229844004,0.36854544,0,1,270.12
270.12,Phenylketonuria [PKU],endocrine/metabolic,Phenylketonuria [PKU],Change in personality,192073007,0.97909594,1,3,270.12
270.12,Phenylketonuria [PKU],endocrine/metabolic,Phenylketonuria [PKU],Stomatitis,95361005,0.30387625,0,1,270.12
270.12,Phenylketonuria [PKU],endocrine/metabolic,Phenylketonuria [PKU],VAD - Vascular dementia,56267009,0.9869668,1,1,270.12
270.12,Phenylketonuria [PKU],endocrine/metabolic,Phenylketonuria [PKU],FP - Food poisoning,75258004,-0.74515224,0,1,270.12
270.12,Phenylketonuria [PKU],endocrine/metabolic,Phenylketonuria [PKU],Eye pain,41652007,0.6582811,0,1,270.12
270.12,Phenylketonuria [PKU],endocrine/metabolic,Phenylketonuria [PKU],Erythema contagiosum,34730008,-0.71004313,0,1,270.12
270.12,Phenylketonuria [PKU],endocrine/metabolic,Phenylketonuria [PKU],Convulsion,91175000,0.93465656,1,5,270.12
270.12,Phenylketonuria [PKU],endocrine/metabolic,Phenylketonuria [PKU],Precocious puberty,400179000,0.27831298,0,1,270.12
270.12,Phenylketonuria [PKU],endocrine/metabolic,Phenylketonuria [PKU],Ataxia,20262006,-0.3236019,1,1,270.12
270.12,Phenylketonuria [PKU],endocrine/metabolic,Phenylketonuria [PKU],AD - Alzheimer's disease,26929004,0.9169553,1,1,270.12
270.12,Phenylketonuria [PKU],endocrine/metabolic,Phenylketonuria [PKU],Aphasia,87486003,0.05140321,1,2,270.12
270.12,Phenylketonuria [PKU],endocrine/metabolic,Phenylketonuria [PKU],APC - Adenomatous polyposis coli,72900001,0.3974973,0,1,270.12
270.12,Phenylketonuria [PKU],endocrine/metabolic,Phenylketonuria [PKU],EP - Ectopic pregnancy,34801009,0.40268567,0,1,270.12
270.12,Phenylketonuria [PKU],endocrine/metabolic,Phenylketonuria [PKU],Low pressure hydrocephalus,30753002,0.95057297,1,1,270.12
270.12,Phenylketonuria [PKU],endocrine/metabolic,Phenylketonuria [PKU],Status epilepticus,13973009,0.9303291,1,5,270.12
270.12,Phenylketonuria [PKU],endocrine/metabolic,Phenylketonuria [PKU],Calculus of kidney,95570007,0.52665347,0,1,270.12
270.12,Phenylketonuria [PKU],endocrine/metabolic,Phenylketonuria [PKU],Apraxia of phonation,74227009,-0.29982027,1,1,270.12
270.12,Phenylketonuria [PKU],endocrine/metabolic,Phenylketonuria [PKU],Frontotemporal dementia,230270009,0.8448846,1,1,270.12
270.12,Phenylketonuria [PKU],endocrine/metabolic,Phenylketonuria [PKU],Synovitis,416209007,0.44153744,0,1,270.12
270.34,Alpha-1-antitrypsin deficiency,endocrine/metabolic,Alpha-1-antitrypsin deficiency,HD - Hodgkin's disease,118599009,0.6340275,0,1,270.34
270.34,Alpha-1-antitrypsin deficiency,endocrine/metabolic,Alpha-1-antitrypsin deficiency,Absent salivary secretion,87715008,0.6233741,0,3,270.34
270.34,Alpha-1-antitrypsin deficiency,endocrine/metabolic,Alpha-1-antitrypsin deficiency,ABS - Acute brain syndrome,2776000,0.5320145,0,1,270.34
270.34,Alpha-1-antitrypsin deficiency,endocrine/metabolic,Alpha-1-antitrypsin deficiency,Bradycardia,48867003,0.84272647,0,1,270.34
270.34,Alpha-1-antitrypsin deficiency,endocrine/metabolic,Alpha-1-antitrypsin deficiency,Insomnia,193462001,0.57048345,0,1,270.34
270.34,Alpha-1-antitrypsin deficiency,endocrine/metabolic,Alpha-1-antitrypsin deficiency,Decreased oxygen supply,389086002,0.936221,1,5,270.34
270.34,Alpha-1-antitrypsin deficiency,endocrine/metabolic,Alpha-1-antitrypsin deficiency,Collagen disease,81573002,0.7980989,1,3,270.34
270.34,Alpha-1-antitrypsin deficiency,endocrine/metabolic,Alpha-1-antitrypsin deficiency,OP - Osteoporosis,64859006,0.7145184,0,1,270.34
270.34,Alpha-1-antitrypsin deficiency,endocrine/metabolic,Alpha-1-antitrypsin deficiency,Chronic lung disease,413839001,0.93380654,1,5,270.34
270.34,Alpha-1-antitrypsin deficiency,endocrine/metabolic,Alpha-1-antitrypsin deficiency,PE - Pulmonary embolism,59282003,0.8453282,1,1,270.34
270.34,Alpha-1-antitrypsin deficiency,endocrine/metabolic,Alpha-1-antitrypsin deficiency,Cardiac US scan,40701008,0.89031553,1,3,270.34
270.34,Alpha-1-antitrypsin deficiency,endocrine/metabolic,Alpha-1-antitrypsin deficiency,ARDS,67782005,-0.17144506,1,4,270.34
270.34,Alpha-1-antitrypsin deficiency,endocrine/metabolic,Alpha-1-antitrypsin deficiency,EN - Erythema nodosum,32861005,0.50495315,0,3,270.34
270.34,Alpha-1-antitrypsin deficiency,endocrine/metabolic,Alpha-1-antitrypsin deficiency,Osteotomy,150062003,-0.22545788,0,1,270.34
270.34,Alpha-1-antitrypsin deficiency,endocrine/metabolic,Alpha-1-antitrypsin deficiency,Cor pulmonale,83291003,0.8744154,1,3,270.34
270.34,Alpha-1-antitrypsin deficiency,endocrine/metabolic,Alpha-1-antitrypsin deficiency,Pressure in chest,23924001,0.7597845,1,5,270.34
270.34,Alpha-1-antitrypsin deficiency,endocrine/metabolic,Alpha-1-antitrypsin deficiency,Cyanosis,3415004,0.9252585,1,4,270.34
270.34,Alpha-1-antitrypsin deficiency,endocrine/metabolic,Alpha-1-antitrypsin deficiency,Portopulmonary hypertension,445237003,0.9597266,1,5,270.34
270.34,Alpha-1-antitrypsin deficiency,endocrine/metabolic,Alpha-1-antitrypsin deficiency,Arterial hypoxaemia,389087006,0.8984187,1,5,270.34
270.34,Alpha-1-antitrypsin deficiency,endocrine/metabolic,Alpha-1-antitrypsin deficiency,Flooding during periods,386692008,0.83664817,0,1,270.34
270.34,Alpha-1-antitrypsin deficiency,endocrine/metabolic,Alpha-1-antitrypsin deficiency,Sinusitis,36971009,0.60772073,0,4,270.34
270.34,Alpha-1-antitrypsin deficiency,endocrine/metabolic,Alpha-1-antitrypsin deficiency,Mediastinal emphysema,16838000,-0.7479807,1,5,270.34
270.34,Alpha-1-antitrypsin deficiency,endocrine/metabolic,Alpha-1-antitrypsin deficiency,Paranoia,48500005,0.26087725,0,1,270.34
270.34,Alpha-1-antitrypsin deficiency,endocrine/metabolic,Alpha-1-antitrypsin deficiency,Bacteraemia,5758002,0.59162056,0,2,270.34
270.34,Alpha-1-antitrypsin deficiency,endocrine/metabolic,Alpha-1-antitrypsin deficiency,LVF - Left ventricular failure,85232009,0.842388,1,3,270.34
270.34,Alpha-1-antitrypsin deficiency,endocrine/metabolic,Alpha-1-antitrypsin deficiency,ND - Normal delivery,177184002,0.5315653,0,1,270.34
270.34,Alpha-1-antitrypsin deficiency,endocrine/metabolic,Alpha-1-antitrypsin deficiency,FOS - Fiberoptic sigmoidoscopy,44441009,0.934221,0,1,270.34
270.34,Alpha-1-antitrypsin deficiency,endocrine/metabolic,Alpha-1-antitrypsin deficiency,Tracheostomy,48387007,0.51229465,1,3,270.34
270.34,Alpha-1-antitrypsin deficiency,endocrine/metabolic,Alpha-1-antitrypsin deficiency,Cyst,441457006,0.79384285,0,3,270.34
270.34,Alpha-1-antitrypsin deficiency,endocrine/metabolic,Alpha-1-antitrypsin deficiency,HV - Hyperventilation,68978004,0.96291685,1,5,270.34
270.34,Alpha-1-antitrypsin deficiency,endocrine/metabolic,Alpha-1-antitrypsin deficiency,"45, X syndrome",38804009,0.57459843,0,3,270.34
270.34,Alpha-1-antitrypsin deficiency,endocrine/metabolic,Alpha-1-antitrypsin deficiency,Pulmonary edema,19242006,0.83654565,1,5,270.34
272.11,Hypercholesterolemia,endocrine/metabolic,Hypercholesterolemia,Aneurysm,432119003,0.7990104,1,4,272.11
272.11,Hypercholesterolemia,endocrine/metabolic,Hypercholesterolemia,Carotid artery disease,371160000,0.54637766,1,5,272.11
272.11,Hypercholesterolemia,endocrine/metabolic,Hypercholesterolemia,Bruit,70466008,0.93382406,1,3,272.11
272.11,Hypercholesterolemia,endocrine/metabolic,Hypercholesterolemia,Perforated eardrum,60442001,0.05387212,0,1,272.11
272.11,Hypercholesterolemia,endocrine/metabolic,Hypercholesterolemia,Essential hypertension,59621000,0.8733124,1,4,272.11
272.11,Hypercholesterolemia,endocrine/metabolic,Hypercholesterolemia,Inflammation of testis,274718005,0.21177971,0,1,272.11
272.11,Hypercholesterolemia,endocrine/metabolic,Hypercholesterolemia,Cauda equina syndrome,192970008,0.28710005,0,1,272.11
272.11,Hypercholesterolemia,endocrine/metabolic,Hypercholesterolemia,Clap,15628003,0.2814104,0,1,272.11
272.11,Hypercholesterolemia,endocrine/metabolic,Hypercholesterolemia,RAS - Renal artery stenosis,302233006,0.4895539,1,5,272.11
272.11,Hypercholesterolemia,endocrine/metabolic,Hypercholesterolemia,Bloody diarrhea,95545007,0.15830594,0,1,272.11
272.11,Hypercholesterolemia,endocrine/metabolic,Hypercholesterolemia,Gynaecomastia,4754008,-0.01494696,0,1,272.11
272.11,Hypercholesterolemia,endocrine/metabolic,Hypercholesterolemia,CEA - Carotid endarterectomy,66951008,-0.108344615,1,2,272.11
272.11,Hypercholesterolemia,endocrine/metabolic,Hypercholesterolemia,Dysmetabolic syndrome X,237602007,0.84804386,1,3,272.11
272.11,Hypercholesterolemia,endocrine/metabolic,Hypercholesterolemia,Arterial occlusion,2929001,0.8196424,1,4,272.11
272.11,Hypercholesterolemia,endocrine/metabolic,Hypercholesterolemia,Peripheral arterial disease,399957001,0.9066926,1,4,272.11
272.11,Hypercholesterolemia,endocrine/metabolic,Hypercholesterolemia,Dialysis procedure,108241001,0.100942284,0,3,272.11
272.11,Hypercholesterolemia,endocrine/metabolic,Hypercholesterolemia,Charcot's syndrome,63491006,0.83334255,1,1,272.11
272.11,Hypercholesterolemia,endocrine/metabolic,Hypercholesterolemia,At risk of CHD,315016007,-0.44955796,1,5,272.11
272.11,Hypercholesterolemia,endocrine/metabolic,Hypercholesterolemia,AAA - Abdominal aortic aneurysm,233985008,0.80099773,1,4,272.11
272.11,Hypercholesterolemia,endocrine/metabolic,Hypercholesterolemia,Abnormal cervical smear,309081009,-0.72252095,0,1,272.11
272.11,Hypercholesterolemia,endocrine/metabolic,Hypercholesterolemia,Hypertriglyceridaemia,302870006,0.92323184,1,5,272.11
272.11,Hypercholesterolemia,endocrine/metabolic,Hypercholesterolemia,Dupuytren contracture,274142002,0.5609991,0,1,272.11
272.11,Hypercholesterolemia,endocrine/metabolic,Hypercholesterolemia,FLS - Phantom limb syndrome,193114000,-0.6263296,0,1,272.11
272.11,Hypercholesterolemia,endocrine/metabolic,Hypercholesterolemia,Deformity of foot,229844004,-0.11612731,0,1,272.11
272.11,Hypercholesterolemia,endocrine/metabolic,Hypercholesterolemia,Lump on neck,299703001,-0.71984684,0,1,272.11
272.11,Hypercholesterolemia,endocrine/metabolic,Hypercholesterolemia,Angiopathy,27550009,0.9003304,1,4,272.11
272.11,Hypercholesterolemia,endocrine/metabolic,Hypercholesterolemia,Primary insomnia,3972004,0.5206973,0,1,272.11
272.12,Hyperglyceridemia,endocrine/metabolic,Hyperglyceridemia,Angiogram,77343006,0.8573254,1,2,272.12
272.12,Hyperglyceridemia,endocrine/metabolic,Hyperglyceridemia,Peripheral arterial disease,399957001,0.89824224,1,3,272.12
272.12,Hyperglyceridemia,endocrine/metabolic,Hyperglyceridemia,Neurogenic bladder,398064005,0.8497601,0,3,272.12
272.12,Hyperglyceridemia,endocrine/metabolic,Hyperglyceridemia,At risk of CHD,315016007,-0.7005318,1,5,272.12
272.12,Hyperglyceridemia,endocrine/metabolic,Hyperglyceridemia,TSH - Thyroid stimulating hormone level,61167004,0.66819793,0,4,272.12
272.12,Hyperglyceridemia,endocrine/metabolic,Hyperglyceridemia,Cardiac infarction,22298006,0.9610367,1,2,272.12
272.12,Hyperglyceridemia,endocrine/metabolic,Hyperglyceridemia,Hypertensive urgency,443482000,0.8158064,1,2,272.12
272.12,Hyperglyceridemia,endocrine/metabolic,Hyperglyceridemia,ERCP,386718000,0.7434459,0,1,272.12
272.12,Hyperglyceridemia,endocrine/metabolic,Hyperglyceridemia,Endocarditis,56819008,0.46616918,0,1,272.12
272.12,Hyperglyceridemia,endocrine/metabolic,Hyperglyceridemia,Recurrent UTI - urinary tract infection,197927001,0.7615968,0,4,272.12
272.12,Hyperglyceridemia,endocrine/metabolic,Hyperglyceridemia,Fatty stool,66187002,0.64026195,0,1,272.12
272.12,Hyperglyceridemia,endocrine/metabolic,Hyperglyceridemia,Dysmetabolic syndrome X,237602007,0.832517,1,5,272.12
272.12,Hyperglyceridemia,endocrine/metabolic,Hyperglyceridemia,Cardiac ischemia,414795007,0.92534745,1,2,272.12
272.12,Hyperglyceridemia,endocrine/metabolic,Hyperglyceridemia,HB - Heart block,233916004,0.93213737,0,2,272.12
272.12,Hyperglyceridemia,endocrine/metabolic,Hyperglyceridemia,Aggression,61372001,0.4442061,0,1,272.12
272.12,Hyperglyceridemia,endocrine/metabolic,Hyperglyceridemia,RAS - Renal artery stenosis,302233006,0.30972973,1,3,272.12
272.12,Hyperglyceridemia,endocrine/metabolic,Hyperglyceridemia,Essential hypertension,59621000,0.9737355,1,3,272.12
272.12,Hyperglyceridemia,endocrine/metabolic,Hyperglyceridemia,Haemolytic anaemia,61261009,0.7802923,0,1,272.12
272.12,Hyperglyceridemia,endocrine/metabolic,Hyperglyceridemia,Manual pelvic examination,35025007,0.67665935,0,1,272.12
272.12,Hyperglyceridemia,endocrine/metabolic,Hyperglyceridemia,Atheromatosis,38716007,0.93291575,1,4,272.12
272.12,Hyperglyceridemia,endocrine/metabolic,Hyperglyceridemia,Anger,75408008,0.5138916,0,1,272.12
272.12,Hyperglyceridemia,endocrine/metabolic,Hyperglyceridemia,Abdomen distended,60728008,0.70129347,0,2,272.12
272.12,Hyperglyceridemia,endocrine/metabolic,Hyperglyceridemia,Conjunctivitis,9826008,0.6316507,0,1,272.12
272.12,Hyperglyceridemia,endocrine/metabolic,Hyperglyceridemia,CVD - cardiovascular disease,49601007,0.9382078,1,3,272.12
272.12,Hyperglyceridemia,endocrine/metabolic,Hyperglyceridemia,IBM - Inclusion body myositis,72315009,-0.81473935,0,1,272.12
272.12,Hyperglyceridemia,endocrine/metabolic,Hyperglyceridemia,Carious lesion,80967001,0.34434873,0,1,272.12
272.12,Hyperglyceridemia,endocrine/metabolic,Hyperglyceridemia,Functional dyspepsia,3696007,0.7128904,0,1,272.12
272.12,Hyperglyceridemia,endocrine/metabolic,Hyperglyceridemia,Cholesterol measurement,77068002,0.88576543,1,5,272.12
272.12,Hyperglyceridemia,endocrine/metabolic,Hyperglyceridemia,AP - Angina pectoris,194828000,0.9700513,1,2,272.12
272.12,Hyperglyceridemia,endocrine/metabolic,Hyperglyceridemia,BP - Bullous pemphigoid,77090002,-0.89115673,0,3,272.12
272.12,Hyperglyceridemia,endocrine/metabolic,Hyperglyceridemia,Heart rate fast,3424008,0.954484,1,1,272.12
272.12,Hyperglyceridemia,endocrine/metabolic,Hyperglyceridemia,Delusion,2073000,0.50982714,0,1,272.12
272.14,Hyperchylomicronemia,endocrine/metabolic,Hyperchylomicronemia,Deficiency of G-6PD,124134002,-0.28263575,1,1,272.14
272.14,Hyperchylomicronemia,endocrine/metabolic,Hyperchylomicronemia,Alcoholic fatty liver,50325005,-0.6859553,1,2,272.14
272.14,Hyperchylomicronemia,endocrine/metabolic,Hyperchylomicronemia,Cobalamin deficiency,190634004,0.67118573,1,1,272.14
272.14,Hyperchylomicronemia,endocrine/metabolic,Hyperchylomicronemia,Hepatic transplantation,18027006,0.57412493,1,3,272.14
272.14,Hyperchylomicronemia,endocrine/metabolic,Hyperchylomicronemia,Hypochromic microcytic anaemia,44666001,0.46128303,0,1,272.14
272.14,Hyperchylomicronemia,endocrine/metabolic,Hyperchylomicronemia,Fracture of spinal vertebra,50448004,-0.4907243,0,1,272.14
272.14,Hyperchylomicronemia,endocrine/metabolic,Hyperchylomicronemia,ALD - Alcoholic liver disease,41309000,0.61266994,1,2,272.14
272.14,Hyperchylomicronemia,endocrine/metabolic,Hyperchylomicronemia,CA - Liver cancer,93870000,0.47134712,1,3,272.14
272.14,Hyperchylomicronemia,endocrine/metabolic,Hyperchylomicronemia,Dental calculus,17552000,-0.57890916,0,1,272.14
272.14,Hyperchylomicronemia,endocrine/metabolic,Hyperchylomicronemia,Pleurisy,196075003,0.12328238,0,1,272.14
272.14,Hyperchylomicronemia,endocrine/metabolic,Hyperchylomicronemia,Gaustad's syndrome,13920009,0.5918581,1,1,272.14
272.14,Hyperchylomicronemia,endocrine/metabolic,Hyperchylomicronemia,HCM - Hypertrophic cardiomyopathy,233873004,0.4776335,0,1,272.14
272.14,Hyperchylomicronemia,endocrine/metabolic,Hyperchylomicronemia,Lactic acidosis,91273001,0.52439487,1,1,272.14
272.14,Hyperchylomicronemia,endocrine/metabolic,Hyperchylomicronemia,Unexplained weight loss,422868009,0.35560226,0,1,272.14
272.14,Hyperchylomicronemia,endocrine/metabolic,Hyperchylomicronemia,Callosity,201040000,-0.5994032,0,1,272.14
272.14,Hyperchylomicronemia,endocrine/metabolic,Hyperchylomicronemia,Low pressure hydrocephalus,30753002,0.34959608,0,1,272.14
272.14,Hyperchylomicronemia,endocrine/metabolic,Hyperchylomicronemia,"Genodermatosis, NOS",199879009,0.71323967,1,1,272.14
272.14,Hyperchylomicronemia,endocrine/metabolic,Hyperchylomicronemia,BSO - Bilateral salpingo-oophorectomy,29827000,-0.741725,0,1,272.14
272.14,Hyperchylomicronemia,endocrine/metabolic,Hyperchylomicronemia,Hallucination,7011001,0.57700294,0,1,272.14
272.14,Hyperchylomicronemia,endocrine/metabolic,Hyperchylomicronemia,ALF - Acute liver failure,197270009,0.46497416,1,3,272.14
272.14,Hyperchylomicronemia,endocrine/metabolic,Hyperchylomicronemia,Pressure in chest,23924001,0.58879626,0,3,272.14
272.14,Hyperchylomicronemia,endocrine/metabolic,Hyperchylomicronemia,AIDS,62479008,0.68924713,0,1,272.14
272.14,Hyperchylomicronemia,endocrine/metabolic,Hyperchylomicronemia,Exodontia,55162003,0.21320638,0,1,272.14
272.14,Hyperchylomicronemia,endocrine/metabolic,Hyperchylomicronemia,Balloon angioplasty of coronary artery,11101003,0.7966517,1,3,272.14
272.14,Hyperchylomicronemia,endocrine/metabolic,Hyperchylomicronemia,Hyperhidrosis,312230002,0.53745604,0,1,272.14
272.14,Hyperchylomicronemia,endocrine/metabolic,Hyperchylomicronemia,Dyssplenism,58381000,0.48692027,1,1,272.14
272.14,Hyperchylomicronemia,endocrine/metabolic,Hyperchylomicronemia,Apraxia of phonation,74227009,-0.4334728,0,1,272.14
272.14,Hyperchylomicronemia,endocrine/metabolic,Hyperchylomicronemia,Naevus flammeus,416377005,0.7220326,1,1,272.14
274.11,Gouty arthropathy,endocrine/metabolic,Gouty arthropathy,Overweight,238131007,0.5354998,1,4,274.11
274.11,Gouty arthropathy,endocrine/metabolic,Gouty arthropathy,Chest discomfort,279084009,-0.0576104,0,1,274.11
274.11,Gouty arthropathy,endocrine/metabolic,Gouty arthropathy,OM - Otitis media,65363002,0.12825483,0,1,274.11
274.11,Gouty arthropathy,endocrine/metabolic,Gouty arthropathy,Pyelonephritis,45816000,0.17268288,1,1,274.11
274.11,Gouty arthropathy,endocrine/metabolic,Gouty arthropathy,Must hurry to pass urine,75088002,0.38707298,1,1,274.11
274.11,Gouty arthropathy,endocrine/metabolic,Gouty arthropathy,Hyperthyroidism,34486009,0.23674452,0,3,274.11
274.11,Gouty arthropathy,endocrine/metabolic,Gouty arthropathy,Neurogenic bladder,398064005,0.4661484,1,1,274.11
274.11,Gouty arthropathy,endocrine/metabolic,Gouty arthropathy,Enlarged prostate,249607009,0.4034284,1,1,274.11
274.11,Gouty arthropathy,endocrine/metabolic,Gouty arthropathy,"Chronic thyroiditis, NOS",66944004,0.20902377,0,3,274.11
274.11,Gouty arthropathy,endocrine/metabolic,Gouty arthropathy,Inflammation of lymphatics,1415005,-0.40391633,0,1,274.11
274.11,Gouty arthropathy,endocrine/metabolic,Gouty arthropathy,Adaptive colitis,10743008,0.29073054,0,1,274.11
274.11,Gouty arthropathy,endocrine/metabolic,Gouty arthropathy,Raised serum calcium level,166702002,0.6916541,1,4,274.11
274.11,Gouty arthropathy,endocrine/metabolic,Gouty arthropathy,Bladder instability,786457000,0.46292472,1,1,274.11
274.11,Gouty arthropathy,endocrine/metabolic,Gouty arthropathy,FOM - Frequency of micturition,162116003,0.35245755,1,1,274.11
274.11,Gouty arthropathy,endocrine/metabolic,Gouty arthropathy,Hypercalcaemia,66931009,0.4795852,1,4,274.11
274.11,Gouty arthropathy,endocrine/metabolic,Gouty arthropathy,Carcinoma of stomach,372143007,0.24718814,0,1,274.11
274.11,Gouty arthropathy,endocrine/metabolic,Gouty arthropathy,Frank haematuria,197941005,0.31266004,1,1,274.11
274.11,Gouty arthropathy,endocrine/metabolic,Gouty arthropathy,Bladder infection,38822007,0.27025217,1,1,274.11
274.11,Gouty arthropathy,endocrine/metabolic,Gouty arthropathy,Has a tremor,26079004,0.13732022,0,1,274.11
274.11,Gouty arthropathy,endocrine/metabolic,Gouty arthropathy,VT - Ventricular tachycardia,25569003,0.2204819,0,1,274.11
274.11,Gouty arthropathy,endocrine/metabolic,Gouty arthropathy,AIDS,62479008,-0.06248623,0,1,274.11
274.11,Gouty arthropathy,endocrine/metabolic,Gouty arthropathy,Chorioamnionitis,11612004,0.32207942,0,1,274.11
274.11,Gouty arthropathy,endocrine/metabolic,Gouty arthropathy,Renal transplant rejection,236570004,0.0069706477,1,1,274.11
274.11,Gouty arthropathy,endocrine/metabolic,Gouty arthropathy,Recurrent UTI - urinary tract infection,197927001,0.4393726,1,1,274.11
274.11,Gouty arthropathy,endocrine/metabolic,Gouty arthropathy,PCK - Polycystic kidney disease,82525005,0.372752,1,1,274.11
274.11,Gouty arthropathy,endocrine/metabolic,Gouty arthropathy,Complete trisomy 21 syndrome,41040004,0.24203338,0,3,274.11
274.11,Gouty arthropathy,endocrine/metabolic,Gouty arthropathy,Recurrent cystitis,197853008,0.4769445,1,1,274.11
274.11,Gouty arthropathy,endocrine/metabolic,Gouty arthropathy,BPH - benign prostatic hyperplasia,266569009,0.43961766,1,1,274.11
274.11,Gouty arthropathy,endocrine/metabolic,Gouty arthropathy,Antiphospholipid syndrome,19267009,0.42029905,0,1,274.11
274.11,Gouty arthropathy,endocrine/metabolic,Gouty arthropathy,Blood in urine,34436003,0.37423885,1,1,274.11
274.11,Gouty arthropathy,endocrine/metabolic,Gouty arthropathy,Renal tubular acidosis,1776003,0.491595,1,2,274.11
290.11,Alzheimer's disease,mental disorders/neuro,Alzheimer's disease,"Brain damage, NOS",81308009,0.8019334,1,4,290.11
290.11,Alzheimer's disease,mental disorders/neuro,Alzheimer's disease,CAT scan of head,34227000,0.73603785,1,5,290.11
290.11,Alzheimer's disease,mental disorders/neuro,Alzheimer's disease,DS - Disseminated sclerosis,24700007,0.68617326,1,4,290.11
290.11,Alzheimer's disease,mental disorders/neuro,Alzheimer's disease,Sicca syndrome,83901003,0.21232545,0,1,290.11
290.11,Alzheimer's disease,mental disorders/neuro,Alzheimer's disease,Jaw pain,274667000,0.6259788,0,1,290.11
290.11,Alzheimer's disease,mental disorders/neuro,Alzheimer's disease,Intrauterine polyp,11314008,-0.47119072,0,2,290.11
290.11,Alzheimer's disease,mental disorders/neuro,Alzheimer's disease,Cardiomegaly,8186001,0.7334201,0,1,290.11
290.11,Alzheimer's disease,mental disorders/neuro,Alzheimer's disease,"EPH - Edema, proteinuria and hypertension of pregnancy",46764007,0.7141933,0,1,290.11
290.11,Alzheimer's disease,mental disorders/neuro,Alzheimer's disease,VT - Ventricular tachycardia,25569003,0.7008923,0,1,290.11
290.11,Alzheimer's disease,mental disorders/neuro,Alzheimer's disease,Bronchitis,32398004,0.35510254,0,1,290.11
290.11,Alzheimer's disease,mental disorders/neuro,Alzheimer's disease,Erosion of skin,93448009,-0.20097727,0,1,290.11
290.11,Alzheimer's disease,mental disorders/neuro,Alzheimer's disease,Chronic progressive chorea,58756001,0.96450037,1,3,290.11
290.11,Alzheimer's disease,mental disorders/neuro,Alzheimer's disease,Spasm,45352006,0.86002445,1,4,290.11
290.11,Alzheimer's disease,mental disorders/neuro,Alzheimer's disease,Bladder infection,38822007,0.41997802,0,4,290.11
290.11,Alzheimer's disease,mental disorders/neuro,Alzheimer's disease,ABS - Acute brain syndrome,2776000,0.9382537,1,1,290.11
290.11,Alzheimer's disease,mental disorders/neuro,Alzheimer's disease,Anxiety,48694002,0.9894415,0,4,290.11
290.11,Alzheimer's disease,mental disorders/neuro,Alzheimer's disease,Inoculation,33879002,0.49028534,0,1,290.11
290.11,Alzheimer's disease,mental disorders/neuro,Alzheimer's disease,ALS - Amyotrophic lateral sclerosis,86044005,0.9617854,1,2,290.11
290.11,Alzheimer's disease,mental disorders/neuro,Alzheimer's disease,Flooding during periods,386692008,0.7213129,0,1,290.11
290.11,Alzheimer's disease,mental disorders/neuro,Alzheimer's disease,Idiopathic Parkinson's disease,49049000,0.94079983,1,4,290.11
290.11,Alzheimer's disease,mental disorders/neuro,Alzheimer's disease,Drowsiness,271782001,0.9971509,1,1,290.11
290.11,Alzheimer's disease,mental disorders/neuro,Alzheimer's disease,Excision of thyroid gland,13619001,-0.06889957,0,1,290.11
290.11,Alzheimer's disease,mental disorders/neuro,Alzheimer's disease,Convulsion,91175000,0.95818377,1,4,290.11
290.11,Alzheimer's disease,mental disorders/neuro,Alzheimer's disease,Aneurysm,432119003,0.5419774,0,1,290.11
290.11,Alzheimer's disease,mental disorders/neuro,Alzheimer's disease,Neoplasm of brain,126952004,0.6308604,1,1,290.11
290.11,Alzheimer's disease,mental disorders/neuro,Alzheimer's disease,Diabetes mellitus with neuropathy,230572002,0.77844965,0,3,290.11
290.11,Alzheimer's disease,mental disorders/neuro,Alzheimer's disease,Low pressure hydrocephalus,30753002,0.8488424,1,5,290.11
290.11,Alzheimer's disease,mental disorders/neuro,Alzheimer's disease,Fracture of hip,5913000,0.39159343,0,1,290.11
290.16,Vascular dementia,mental disorders/neuro,Vascular dementia,Restless,24199005,0.9564452,1,4,290.16
290.16,Vascular dementia,mental disorders/neuro,Vascular dementia,ABS - Acute brain syndrome,2776000,0.932233,1,3,290.16
290.16,Vascular dementia,mental disorders/neuro,Vascular dementia,Cutaneous ulcer,46742003,0.40128267,0,1,290.16
290.16,Vascular dementia,mental disorders/neuro,Vascular dementia,Fracture of hip,5913000,0.55630124,0,1,290.16
290.16,Vascular dementia,mental disorders/neuro,Vascular dementia,Disease caused by fungus,3218000,0.26114702,0,1,290.16
290.16,Vascular dementia,mental disorders/neuro,Vascular dementia,Heart rate fast,3424008,0.87501216,0,3,290.16
290.16,Vascular dementia,mental disorders/neuro,Vascular dementia,Anisometropia,3289004,0.36848372,0,1,290.16
290.16,Vascular dementia,mental disorders/neuro,Vascular dementia,Cyst,441457006,0.65007776,0,1,290.16
290.16,Vascular dementia,mental disorders/neuro,Vascular dementia,Deficiency of macronutrients,238107002,0.67114097,0,1,290.16
290.16,Vascular dementia,mental disorders/neuro,Vascular dementia,Cerebral aneurysm,128609009,0.8930588,1,3,290.16
290.16,Vascular dementia,mental disorders/neuro,Vascular dementia,Convulsion,91175000,0.94436026,1,2,290.16
290.16,Vascular dementia,mental disorders/neuro,Vascular dementia,Postnatal care,133906008,0.4080106,0,1,290.16
290.16,Vascular dementia,mental disorders/neuro,Vascular dementia,EM - Erythema multiforme,36715001,0.4926023,0,1,290.16
290.16,Vascular dementia,mental disorders/neuro,Vascular dementia,Ischaemic stroke,422504002,0.95698255,1,5,290.16
290.16,Vascular dementia,mental disorders/neuro,Vascular dementia,Hepatic failure,59927004,0.61805993,0,1,290.16
290.16,Vascular dementia,mental disorders/neuro,Vascular dementia,Transient ischemic attack,266257000,0.93883365,1,5,290.16
290.16,Vascular dementia,mental disorders/neuro,Vascular dementia,Bleeding per rectum,12063002,0.24108574,0,1,290.16
290.16,Vascular dementia,mental disorders/neuro,Vascular dementia,Infection due to Mycobacterium tuberculosis,56717001,0.4173579,0,1,290.16
290.16,Vascular dementia,mental disorders/neuro,Vascular dementia,"Brain damage, NOS",81308009,0.9349708,1,5,290.16
290.16,Vascular dementia,mental disorders/neuro,Vascular dementia,Bladder instability,786457000,0.5475488,0,1,290.16
290.16,Vascular dementia,mental disorders/neuro,Vascular dementia,CEA - Carotid endarterectomy,66951008,-0.19036041,1,4,290.16
290.16,Vascular dementia,mental disorders/neuro,Vascular dementia,Idiopathic Parkinson's disease,49049000,0.88765603,1,1,290.16
290.16,Vascular dementia,mental disorders/neuro,Vascular dementia,Eosinophilic esophagitis,235599003,0.051318824,0,1,290.16
290.16,Vascular dementia,mental disorders/neuro,Vascular dementia,Drowsiness,271782001,0.86716115,1,2,290.16
290.16,Vascular dementia,mental disorders/neuro,Vascular dementia,SAH - Subarachnoid haemorrhage,21454007,0.96058726,1,3,290.16
296.22,Major depressive disorder,mental disorders/neuro,Major depressive disorder,Hospice care,385763009,-0.51111007,0,1,296.22
296.22,Major depressive disorder,mental disorders/neuro,Major depressive disorder,Separation anxiety,126943008,0.9975873,1,3,296.22
296.22,Major depressive disorder,mental disorders/neuro,Major depressive disorder,Social anxiety disorder,25501002,0.5944444,1,4,296.22
296.22,Major depressive disorder,mental disorders/neuro,Major depressive disorder,Blepharospasm,59026006,0.661078,0,1,296.22
296.22,Major depressive disorder,mental disorders/neuro,Major depressive disorder,Atypical psychosis,69322001,0.91918164,1,3,296.22
296.22,Major depressive disorder,mental disorders/neuro,Major depressive disorder,Difficulty sleeping,301345002,0.9945172,1,4,296.22
296.22,Major depressive disorder,mental disorders/neuro,Major depressive disorder,ADHD - Attention deficit disorder with hyperactivity,406506008,0.9054637,1,4,296.22
296.22,Major depressive disorder,mental disorders/neuro,Major depressive disorder,IDA - Iron deficiency anaemia,87522002,0.34618562,0,1,296.22
296.22,Major depressive disorder,mental disorders/neuro,Major depressive disorder,Deliberate self-harm,248062006,0.9720404,1,4,296.22
296.22,Major depressive disorder,mental disorders/neuro,Major depressive disorder,Muscle spasm - tone,221360009,0.816378,0,1,296.22
296.22,Major depressive disorder,mental disorders/neuro,Major depressive disorder,ACS - Acute coronary syndrome,394659003,0.14983118,0,1,296.22
296.22,Major depressive disorder,mental disorders/neuro,Major depressive disorder,Intragel vitreous haemorrhage,31341008,-0.20600894,0,1,296.22
296.22,Major depressive disorder,mental disorders/neuro,Major depressive disorder,Acute bronchitis,10509002,-0.5327502,0,1,296.22
296.22,Major depressive disorder,mental disorders/neuro,Major depressive disorder,Deformity of foot,229844004,-0.038034104,0,1,296.22
296.22,Major depressive disorder,mental disorders/neuro,Major depressive disorder,"Malignant lymphoma, centrocytic [obs]",74654000,-0.049105175,0,1,296.22
296.22,Major depressive disorder,mental disorders/neuro,Major depressive disorder,SA - Sexual abuse,213017001,0.94378984,1,3,296.22
296.22,Major depressive disorder,mental disorders/neuro,Major depressive disorder,Herpes simplex gingivostomatitis,57920007,-0.4084596,0,1,296.22
296.22,Major depressive disorder,mental disorders/neuro,Major depressive disorder,Isolated phobia,54587008,0.8851746,1,1,296.22
296.22,Major depressive disorder,mental disorders/neuro,Major depressive disorder,Impulse control disorder,66347000,0.9066315,1,3,296.22
296.22,Major depressive disorder,mental disorders/neuro,Major depressive disorder,Cardiac syndrome X,233845001,-0.31439525,0,1,296.22
296.22,Major depressive disorder,mental disorders/neuro,Major depressive disorder,Anxiety,48694002,0.9331287,1,4,296.22
296.22,Major depressive disorder,mental disorders/neuro,Major depressive disorder,CA - Mouth cancer,363505006,-0.16172959,0,1,296.22
296.22,Major depressive disorder,mental disorders/neuro,Major depressive disorder,Gelineau's syndrome,60380001,0.95174074,1,3,296.22
296.22,Major depressive disorder,mental disorders/neuro,Major depressive disorder,Fracture of skull,71642004,0.38646358,0,1,296.22
296.22,Major depressive disorder,mental disorders/neuro,Major depressive disorder,BN - Bulimia nervosa,78004001,0.9027263,1,3,296.22
296.22,Major depressive disorder,mental disorders/neuro,Major depressive disorder,Episodic paroxysmal anxiety disorder,371631005,0.9148083,1,4,296.22
296.22,Major depressive disorder,mental disorders/neuro,Major depressive disorder,Schizophrenia,58214004,0.9093793,1,4,296.22
296.22,Major depressive disorder,mental disorders/neuro,Major depressive disorder,Anancastic neurosis,191736004,0.93822473,1,3,296.22
296.22,Major depressive disorder,mental disorders/neuro,Major depressive disorder,Borderline personality disorder,20010003,0.9676169,1,4,296.22
296.22,Major depressive disorder,mental disorders/neuro,Major depressive disorder,CCF - Congestive cardiac failure,42343007,0.5322194,0,1,296.22
296.22,Major depressive disorder,mental disorders/neuro,Major depressive disorder,Hallucination,7011001,0.9591627,1,3,296.22
296.22,Major depressive disorder,mental disorders/neuro,Major depressive disorder,Cardiac failure,84114007,0.4570968,0,1,296.22
296.22,Major depressive disorder,mental disorders/neuro,Major depressive disorder,Carcinoma of stomach,372143007,0.24385287,0,1,296.22
297.2,Suicide or self-inflicted injury,mental disorders/neuro,Suicide or self-inflicted injury,Degenerative joint disease of knee,239873007,-0.40358263,0,2,297.2
297.2,Suicide or self-inflicted injury,mental disorders/neuro,Suicide or self-inflicted injury,Keratoplasty,293820001,0.32317457,0,1,297.2
297.2,Suicide or self-inflicted injury,mental disorders/neuro,Suicide or self-inflicted injury,Cor pulmonale,83291003,0.39980176,0,1,297.2
297.2,Suicide or self-inflicted injury,mental disorders/neuro,Suicide or self-inflicted injury,Combined vocal and multiple motor tic disorder,5158005,0.9016181,1,3,297.2
297.2,Suicide or self-inflicted injury,mental disorders/neuro,Suicide or self-inflicted injury,Difficulty sleeping,301345002,0.89231837,1,4,297.2
297.2,Suicide or self-inflicted injury,mental disorders/neuro,Suicide or self-inflicted injury,Excessive sleep,77692006,0.8597815,1,4,297.2
297.2,Suicide or self-inflicted injury,mental disorders/neuro,Suicide or self-inflicted injury,Mouth ulcer,26284000,0.44871718,0,1,297.2
297.2,Suicide or self-inflicted injury,mental disorders/neuro,Suicide or self-inflicted injury,Changeable mood,18963009,0.7217673,1,4,297.2
297.2,Suicide or self-inflicted injury,mental disorders/neuro,Suicide or self-inflicted injury,Human papilloma virus infection,240532009,0.30081773,0,1,297.2
297.2,Suicide or self-inflicted injury,mental disorders/neuro,Suicide or self-inflicted injury,Hallucination,7011001,0.94959044,1,4,297.2
297.2,Suicide or self-inflicted injury,mental disorders/neuro,Suicide or self-inflicted injury,Thyroid nodule,237495005,0.62146056,0,1,297.2
297.2,Suicide or self-inflicted injury,mental disorders/neuro,Suicide or self-inflicted injury,Pericoronitis,22240003,-0.5268552,0,1,297.2
297.2,Suicide or self-inflicted injury,mental disorders/neuro,Suicide or self-inflicted injury,Insomnia,193462001,0.9266826,1,3,297.2
297.2,Suicide or self-inflicted injury,mental disorders/neuro,Suicide or self-inflicted injury,REM sleep behavior disorder,415238003,0.7961129,1,2,297.2
297.2,Suicide or self-inflicted injury,mental disorders/neuro,Suicide or self-inflicted injury,Sleep disorder,39898005,0.90868545,1,2,297.2
297.2,Suicide or self-inflicted injury,mental disorders/neuro,Suicide or self-inflicted injury,Blood in stool,2901004,0.27702102,0,2,297.2
297.2,Suicide or self-inflicted injury,mental disorders/neuro,Suicide or self-inflicted injury,ADHD - Attention deficit disorder with hyperactivity,406506008,0.8987877,1,3,297.2
297.2,Suicide or self-inflicted injury,mental disorders/neuro,Suicide or self-inflicted injury,Anancastic neurosis,191736004,0.90351045,1,3,297.2
297.2,Suicide or self-inflicted injury,mental disorders/neuro,Suicide or self-inflicted injury,Tic disorder,568005,0.9104661,1,3,297.2
297.2,Suicide or self-inflicted injury,mental disorders/neuro,Suicide or self-inflicted injury,Bad memory,386807006,0.9476913,1,1,297.2
297.2,Suicide or self-inflicted injury,mental disorders/neuro,Suicide or self-inflicted injury,Reading disorder,52824009,0.97296107,1,1,297.2
297.2,Suicide or self-inflicted injury,mental disorders/neuro,Suicide or self-inflicted injury,Chronic hepatitis C,128302006,0.045679115,0,3,297.2
297.2,Suicide or self-inflicted injury,mental disorders/neuro,Suicide or self-inflicted injury,Gelineau's syndrome,60380001,0.8802935,1,1,297.2
297.2,Suicide or self-inflicted injury,mental disorders/neuro,Suicide or self-inflicted injury,Agnogenic myeloid metaplasia,52967002,-0.2851161,0,1,297.2
297.2,Suicide or self-inflicted injury,mental disorders/neuro,Suicide or self-inflicted injury,Endocarditis lenta,73774007,0.14768597,0,1,297.2
297.2,Suicide or self-inflicted injury,mental disorders/neuro,Suicide or self-inflicted injury,Alcohol withdrawal syndrome,191480000,0.9816109,1,3,297.2
297.2,Suicide or self-inflicted injury,mental disorders/neuro,Suicide or self-inflicted injury,HA - Hyperactivity,44548000,0.91994774,1,2,297.2
297.2,Suicide or self-inflicted injury,mental disorders/neuro,Suicide or self-inflicted injury,Atypical psychosis,69322001,0.8885076,1,4,297.2
297.2,Suicide or self-inflicted injury,mental disorders/neuro,Suicide or self-inflicted injury,Fracture of hip,5913000,0.63409674,0,3,297.2
297.2,Suicide or self-inflicted injury,mental disorders/neuro,Suicide or self-inflicted injury,Hyperhidrosis,312230002,0.21358733,0,1,297.2
297.2,Suicide or self-inflicted injury,mental disorders/neuro,Suicide or self-inflicted injury,Delusion,2073000,0.9480401,1,4,297.2
297.2,Suicide or self-inflicted injury,mental disorders/neuro,Suicide or self-inflicted injury,Bruit,70466008,0.74635595,0,1,297.2
300.3,Obsessive-compulsive disorders,mental disorders/neuro,Obsessive-compulsive disorders,Deep venous thrombosis,128053003,0.29701328,0,1,300.3
300.3,Obsessive-compulsive disorders,mental disorders/neuro,Obsessive-compulsive disorders,Impulse control disorder,66347000,0.8436735,1,5,300.3
300.3,Obsessive-compulsive disorders,mental disorders/neuro,Obsessive-compulsive disorders,Erythroderma,399992009,0.31663823,0,3,300.3
300.3,Obsessive-compulsive disorders,mental disorders/neuro,Obsessive-compulsive disorders,Malignant neoplasm of bone,93725000,-0.31285626,0,1,300.3
300.3,Obsessive-compulsive disorders,mental disorders/neuro,Obsessive-compulsive disorders,Mania,231494001,0.7530978,1,3,300.3
300.3,Obsessive-compulsive disorders,mental disorders/neuro,Obsessive-compulsive disorders,Major depression,370143000,0.9935681,1,4,300.3
300.3,Obsessive-compulsive disorders,mental disorders/neuro,Obsessive-compulsive disorders,Major depression,370143000,0.9935681,1,4,300.3
300.3,Obsessive-compulsive disorders,mental disorders/neuro,Obsessive-compulsive disorders,Affective disorder,46206005,0.9793471,1,4,300.3
300.3,Obsessive-compulsive disorders,mental disorders/neuro,Obsessive-compulsive disorders,Changeable mood,18963009,0.82350016,1,4,300.3
300.3,Obsessive-compulsive disorders,mental disorders/neuro,Obsessive-compulsive disorders,Atypical psychosis,69322001,0.9616046,1,3,300.3
300.3,Obsessive-compulsive disorders,mental disorders/neuro,Obsessive-compulsive disorders,Hallucination,7011001,0.97373873,1,3,300.3
300.3,Obsessive-compulsive disorders,mental disorders/neuro,Obsessive-compulsive disorders,Excessive sleep,77692006,0.9832286,1,3,300.3
300.3,Obsessive-compulsive disorders,mental disorders/neuro,Obsessive-compulsive disorders,Absence of menstruation,14302001,0.8167015,0,1,300.3
300.3,Obsessive-compulsive disorders,mental disorders/neuro,Obsessive-compulsive disorders,Coronary artery spasm,23687008,0.54126304,0,1,300.3
300.3,Obsessive-compulsive disorders,mental disorders/neuro,Obsessive-compulsive disorders,Cardiomyopathy,85898001,0.4279431,0,1,300.3
300.3,Obsessive-compulsive disorders,mental disorders/neuro,Obsessive-compulsive disorders,Malignant neoplasm of lung,93880001,0.50889146,0,1,300.3
300.3,Obsessive-compulsive disorders,mental disorders/neuro,Obsessive-compulsive disorders,Premenstrual dysphoric disorder,596004,-0.45518547,1,1,300.3
300.3,Obsessive-compulsive disorders,mental disorders/neuro,Obsessive-compulsive disorders,Delusion,2073000,0.9377173,1,3,300.3
300.3,Obsessive-compulsive disorders,mental disorders/neuro,Obsessive-compulsive disorders,Rhabdomyolysis,240131006,0.8104583,0,1,300.3
300.3,Obsessive-compulsive disorders,mental disorders/neuro,Obsessive-compulsive disorders,Neurosensory deafness,60700002,0.7764131,0,1,300.3
300.3,Obsessive-compulsive disorders,mental disorders/neuro,Obsessive-compulsive disorders,Leg pain,10601006,0.39536607,0,1,300.3
300.3,Obsessive-compulsive disorders,mental disorders/neuro,Obsessive-compulsive disorders,Manual pelvic examination,35025007,0.6367564,0,1,300.3
300.3,Obsessive-compulsive disorders,mental disorders/neuro,Obsessive-compulsive disorders,Bipolar affective disorder,13746004,0.97136784,1,3,300.3
300.3,Obsessive-compulsive disorders,mental disorders/neuro,Obsessive-compulsive disorders,Anger,75408008,0.9875375,1,4,300.3
300.3,Obsessive-compulsive disorders,mental disorders/neuro,Obsessive-compulsive disorders,Electrolyte imbalance,105593004,0.617134,0,1,300.3
300.3,Obsessive-compulsive disorders,mental disorders/neuro,Obsessive-compulsive disorders,ADHD - Attention deficit disorder with hyperactivity,406506008,0.94936883,1,3,300.3
300.3,Obsessive-compulsive disorders,mental disorders/neuro,Obsessive-compulsive disorders,Insomnia,193462001,0.97561795,1,3,300.3
300.3,Obsessive-compulsive disorders,mental disorders/neuro,Obsessive-compulsive disorders,Gelineau's syndrome,60380001,0.9850531,1,3,300.3
300.3,Obsessive-compulsive disorders,mental disorders/neuro,Obsessive-compulsive disorders,Sick sinus syndrome,36083008,0.4494377,0,1,300.3
300.3,Obsessive-compulsive disorders,mental disorders/neuro,Obsessive-compulsive disorders,Cancer of skin,372130007,0.36095256,0,1,300.3
300.3,Obsessive-compulsive disorders,mental disorders/neuro,Obsessive-compulsive disorders,Major depression,35489007,0.9739511,1,4,300.3
300.3,Obsessive-compulsive disorders,mental disorders/neuro,Obsessive-compulsive disorders,Major depression,35489007,0.9739511,1,4,300.3
300.3,Obsessive-compulsive disorders,mental disorders/neuro,Obsessive-compulsive disorders,SA - Sexual abuse,213017001,0.9557005,1,3,300.3
300.3,Obsessive-compulsive disorders,mental disorders/neuro,Obsessive-compulsive disorders,Measles,14189004,0.48756102,0,1,300.3
300.4,Dysthymic disorder,mental disorders/neuro,Dysthymic disorder,Atypical psychosis,69322001,0.928618,1,3,300.4
300.4,Dysthymic disorder,mental disorders/neuro,Dysthymic disorder,Social anxiety disorder,25501002,0.57618463,1,4,300.4
300.4,Dysthymic disorder,mental disorders/neuro,Dysthymic disorder,Gelineau's syndrome,60380001,0.9587449,1,3,300.4
300.4,Dysthymic disorder,mental disorders/neuro,Dysthymic disorder,Hallucination,7011001,0.9645503,1,2,300.4
300.4,Dysthymic disorder,mental disorders/neuro,Dysthymic disorder,Isolated phobia,54587008,0.8757789,1,2,300.4
300.4,Dysthymic disorder,mental disorders/neuro,Dysthymic disorder,Coronary artery spasm,23687008,0.51317775,0,1,300.4
300.4,Dysthymic disorder,mental disorders/neuro,Dysthymic disorder,Extracorporeal haemodialysis,302497006,0.32197997,0,1,300.4
300.4,Dysthymic disorder,mental disorders/neuro,Dysthymic disorder,Anancastic neurosis,191736004,0.94584227,1,3,300.4
300.4,Dysthymic disorder,mental disorders/neuro,Dysthymic disorder,Impulse control disorder,66347000,0.8982705,1,3,300.4
300.4,Dysthymic disorder,mental disorders/neuro,Dysthymic disorder,SA - Sexual abuse,213017001,0.952585,1,3,300.4
300.4,Dysthymic disorder,mental disorders/neuro,Dysthymic disorder,BN - Bulimia nervosa,78004001,0.90825915,1,3,300.4
300.4,Dysthymic disorder,mental disorders/neuro,Dysthymic disorder,Osteosarcoma,307576001,0.4128626,0,1,300.4
300.4,Dysthymic disorder,mental disorders/neuro,Dysthymic disorder,Injury,417746004,0.46412277,0,1,300.4
300.4,Dysthymic disorder,mental disorders/neuro,Dysthymic disorder,Menstrual molimen,82639001,0.57199997,1,3,300.4
300.4,Dysthymic disorder,mental disorders/neuro,Dysthymic disorder,"Airway obstruction, NOS",68372009,0.34362745,0,1,300.4
300.4,Dysthymic disorder,mental disorders/neuro,Dysthymic disorder,Aneurysmal haematoma,22036004,0.33364487,0,1,300.4
300.4,Dysthymic disorder,mental disorders/neuro,Dysthymic disorder,Premenstrual dysphoric disorder,596004,-0.36186683,1,3,300.4
300.4,Dysthymic disorder,mental disorders/neuro,Dysthymic disorder,Delusion,2073000,0.9664993,1,2,300.4
300.4,Dysthymic disorder,mental disorders/neuro,Dysthymic disorder,Paraganglioma,302833002,-0.08295399,0,1,300.4
300.4,Dysthymic disorder,mental disorders/neuro,Dysthymic disorder,AAA - Abdominal aortic aneurysm,233985008,0.32905132,0,1,300.4
300.4,Dysthymic disorder,mental disorders/neuro,Dysthymic disorder,Insomnia,193462001,0.9594157,1,4,300.4
300.4,Dysthymic disorder,mental disorders/neuro,Dysthymic disorder,Anxiety,48694002,0.9401964,1,4,300.4
300.4,Dysthymic disorder,mental disorders/neuro,Dysthymic disorder,PE - Pulmonary embolism,59282003,0.39135176,0,1,300.4
300.4,Dysthymic disorder,mental disorders/neuro,Dysthymic disorder,Borderline personality disorder,20010003,0.96359366,1,3,300.4
300.4,Dysthymic disorder,mental disorders/neuro,Dysthymic disorder,Disorder of muscle,129565002,0.5208523,0,1,300.4
300.4,Dysthymic disorder,mental disorders/neuro,Dysthymic disorder,Schizophrenia,58214004,0.91917855,1,3,300.4
300.4,Dysthymic disorder,mental disorders/neuro,Dysthymic disorder,Episodic paroxysmal anxiety disorder,371631005,0.92382056,1,4,300.4
300.4,Dysthymic disorder,mental disorders/neuro,Dysthymic disorder,Orbital cellulitis,194005002,-0.060734957,0,1,300.4
300.4,Dysthymic disorder,mental disorders/neuro,Dysthymic disorder,Adenoid excision,119954001,-0.3796291,0,1,300.4
300.4,Dysthymic disorder,mental disorders/neuro,Dysthymic disorder,Varices,128060009,0.40118235,0,1,300.4
300.4,Dysthymic disorder,mental disorders/neuro,Dysthymic disorder,Administration of steroid,297279009,0.0065385513,0,1,300.4
300.4,Dysthymic disorder,mental disorders/neuro,Dysthymic disorder,Separation anxiety,126943008,0.99860036,1,2,300.4
300.4,Dysthymic disorder,mental disorders/neuro,Dysthymic disorder,Changeable mood,18963009,0.8752068,1,4,300.4
300.9,Posttraumatic stress disorder,mental disorders/neuro,Posttraumatic stress disorder,Menstrual molimen,82639001,0.62323105,1,1,300.9
300.9,Posttraumatic stress disorder,mental disorders/neuro,Posttraumatic stress disorder,Impulse control disorder,66347000,0.84946054,1,2,300.9
300.9,Posttraumatic stress disorder,mental disorders/neuro,Posttraumatic stress disorder,Mania,231494001,0.7546103,1,2,300.9
300.9,Posttraumatic stress disorder,mental disorders/neuro,Posttraumatic stress disorder,Affective disorder,46206005,0.9674182,1,3,300.9
300.9,Posttraumatic stress disorder,mental disorders/neuro,Posttraumatic stress disorder,Premenstrual dysphoric disorder,596004,-0.43760285,1,1,300.9
300.9,Posttraumatic stress disorder,mental disorders/neuro,Posttraumatic stress disorder,Burning on urination,58250006,0.564384,0,1,300.9
300.9,Posttraumatic stress disorder,mental disorders/neuro,Posttraumatic stress disorder,Anancastic neurosis,191736004,0.963786,1,3,300.9
300.9,Posttraumatic stress disorder,mental disorders/neuro,Posttraumatic stress disorder,Major depression,35489007,0.96283233,1,4,300.9
300.9,Posttraumatic stress disorder,mental disorders/neuro,Posttraumatic stress disorder,Major depression,35489007,0.96283233,1,4,300.9
300.9,Posttraumatic stress disorder,mental disorders/neuro,Posttraumatic stress disorder,OM - Otitis media,65363002,0.2799888,0,1,300.9
300.9,Posttraumatic stress disorder,mental disorders/neuro,Posttraumatic stress disorder,Examination of visual fields,86944008,0.32620618,0,1,300.9
300.9,Posttraumatic stress disorder,mental disorders/neuro,Posttraumatic stress disorder,Changeable mood,18963009,0.80612934,1,3,300.9
300.9,Posttraumatic stress disorder,mental disorders/neuro,Posttraumatic stress disorder,Auditory vertigo,13445001,0.6293212,0,1,300.9
300.9,Posttraumatic stress disorder,mental disorders/neuro,Posttraumatic stress disorder,Social anxiety disorder,25501002,0.4911887,1,3,300.9
300.9,Posttraumatic stress disorder,mental disorders/neuro,Posttraumatic stress disorder,Bipolar affective disorder,13746004,0.9591317,1,3,300.9
300.9,Posttraumatic stress disorder,mental disorders/neuro,Posttraumatic stress disorder,Gelineau's syndrome,60380001,0.97183514,1,1,300.9
300.9,Posttraumatic stress disorder,mental disorders/neuro,Posttraumatic stress disorder,Atypical psychosis,69322001,0.945436,1,2,300.9
300.9,Posttraumatic stress disorder,mental disorders/neuro,Posttraumatic stress disorder,Delusion,2073000,0.9354783,1,2,300.9
300.9,Posttraumatic stress disorder,mental disorders/neuro,Posttraumatic stress disorder,Hallucination,7011001,0.9658014,1,4,300.9
300.9,Posttraumatic stress disorder,mental disorders/neuro,Posttraumatic stress disorder,ADHD - Attention deficit disorder with hyperactivity,406506008,0.93777573,1,4,300.9
300.9,Posttraumatic stress disorder,mental disorders/neuro,Posttraumatic stress disorder,CCA - Cardiac catheterisation,41976001,0.54488575,0,1,300.9
300.9,Posttraumatic stress disorder,mental disorders/neuro,Posttraumatic stress disorder,Relational problem,160822004,0.73836076,0,3,300.9
300.9,Posttraumatic stress disorder,mental disorders/neuro,Posttraumatic stress disorder,Excessive sleep,77692006,0.9829032,1,1,300.9
300.9,Posttraumatic stress disorder,mental disorders/neuro,Posttraumatic stress disorder,Steatosis of liver,197321007,0.5599,0,1,300.9
300.9,Posttraumatic stress disorder,mental disorders/neuro,Posttraumatic stress disorder,Major depression,370143000,0.98438203,1,4,300.9
300.9,Posttraumatic stress disorder,mental disorders/neuro,Posttraumatic stress disorder,Major depression,370143000,0.98438203,1,4,300.9
300.9,Posttraumatic stress disorder,mental disorders/neuro,Posttraumatic stress disorder,SA - Sexual abuse,213017001,0.9462676,1,5,300.9
300.9,Posttraumatic stress disorder,mental disorders/neuro,Posttraumatic stress disorder,Intracranial haemorrhage,1386000,-0.022653395,0,1,300.9
300.9,Posttraumatic stress disorder,mental disorders/neuro,Posttraumatic stress disorder,Insomnia,193462001,0.97264624,1,2,300.9
300.9,Posttraumatic stress disorder,mental disorders/neuro,Posttraumatic stress disorder,Groin pain,102570003,0.4208866,0,1,300.9
300.9,Posttraumatic stress disorder,mental disorders/neuro,Posttraumatic stress disorder,Pressure in chest,23924001,0.5362989,0,5,300.9
300.9,Posttraumatic stress disorder,mental disorders/neuro,Posttraumatic stress disorder,Swelling of scrotum,271687003,0.37787825,0,1,300.9
300.9,Posttraumatic stress disorder,mental disorders/neuro,Posttraumatic stress disorder,Episodic paroxysmal anxiety disorder,371631005,0.94780236,1,5,300.9
300.9,Posttraumatic stress disorder,mental disorders/neuro,Posttraumatic stress disorder,Consumptive coagulopathy,67406007,0.6371366,0,1,300.9
300.9,Posttraumatic stress disorder,mental disorders/neuro,Posttraumatic stress disorder,Emotional stress,442347009,0.3391172,0,5,300.9
300.9,Posttraumatic stress disorder,mental disorders/neuro,Posttraumatic stress disorder,Hot flashes,198436008,0.7957619,0,4,300.9
300.9,Posttraumatic stress disorder,mental disorders/neuro,Posttraumatic stress disorder,Hypesthesia,397974008,0.6254407,0,2,300.9
334.21,Amyotrophic Lateral Sclerosis,mental disorders/neuro,Amyotrophic Lateral Sclerosis,Communicable disease,191415002,0.26009607,0,1,334.21
334.21,Amyotrophic Lateral Sclerosis,mental disorders/neuro,Amyotrophic Lateral Sclerosis,Cardiac infarction,22298006,0.6530483,0,1,334.21
334.21,Amyotrophic Lateral Sclerosis,mental disorders/neuro,Amyotrophic Lateral Sclerosis,Low pressure hydrocephalus,30753002,0.8059846,1,1,334.21
334.21,Amyotrophic Lateral Sclerosis,mental disorders/neuro,Amyotrophic Lateral Sclerosis,Convulsion,91175000,0.9550587,1,1,334.21
334.21,Amyotrophic Lateral Sclerosis,mental disorders/neuro,Amyotrophic Lateral Sclerosis,Focal epilepsy,29753000,0.8873395,1,2,334.21
334.21,Amyotrophic Lateral Sclerosis,mental disorders/neuro,Amyotrophic Lateral Sclerosis,Hair plucking,17155009,-0.14876159,0,1,334.21
334.21,Amyotrophic Lateral Sclerosis,mental disorders/neuro,Amyotrophic Lateral Sclerosis,"Airway obstruction, NOS",68372009,0.3238544,0,1,334.21
334.21,Amyotrophic Lateral Sclerosis,mental disorders/neuro,Amyotrophic Lateral Sclerosis,Adenoma of pituitary,254956000,-0.26321512,0,1,334.21
334.21,Amyotrophic Lateral Sclerosis,mental disorders/neuro,Amyotrophic Lateral Sclerosis,Neoplasm of brain,126952004,0.6867895,1,1,334.21
334.21,Amyotrophic Lateral Sclerosis,mental disorders/neuro,Amyotrophic Lateral Sclerosis,Status epilepticus,13973009,0.70580906,1,1,334.21
334.21,Amyotrophic Lateral Sclerosis,mental disorders/neuro,Amyotrophic Lateral Sclerosis,Amniocele,18735004,0.71413887,0,1,334.21
334.21,Amyotrophic Lateral Sclerosis,mental disorders/neuro,Amyotrophic Lateral Sclerosis,Spasmodic torticollis,74333002,0.11606612,1,2,334.21
334.21,Amyotrophic Lateral Sclerosis,mental disorders/neuro,Amyotrophic Lateral Sclerosis,Apraxia of phonation,74227009,-0.17419055,1,5,334.21
334.21,Amyotrophic Lateral Sclerosis,mental disorders/neuro,Amyotrophic Lateral Sclerosis,Disturbance in speech,29164008,0.750796,1,5,334.21
334.21,Amyotrophic Lateral Sclerosis,mental disorders/neuro,Amyotrophic Lateral Sclerosis,Gaustad's syndrome,13920009,0.4421923,0,3,334.21
334.21,Amyotrophic Lateral Sclerosis,mental disorders/neuro,Amyotrophic Lateral Sclerosis,Spasm,45352006,0.9080113,1,3,334.21
334.21,Amyotrophic Lateral Sclerosis,mental disorders/neuro,Amyotrophic Lateral Sclerosis,Cerebral herniation,49453006,0.7875733,1,1,334.21
334.21,Amyotrophic Lateral Sclerosis,mental disorders/neuro,Amyotrophic Lateral Sclerosis,Dysarthria,8011004,0.83018374,1,5,334.21
334.21,Amyotrophic Lateral Sclerosis,mental disorders/neuro,Amyotrophic Lateral Sclerosis,Cardiac failure,84114007,0.6370535,0,4,334.21
334.21,Amyotrophic Lateral Sclerosis,mental disorders/neuro,Amyotrophic Lateral Sclerosis,Palsy,44695005,0.8877232,1,5,334.21
334.21,Amyotrophic Lateral Sclerosis,mental disorders/neuro,Amyotrophic Lateral Sclerosis,Sinusitis,36971009,0.4146077,0,1,334.21
334.21,Amyotrophic Lateral Sclerosis,mental disorders/neuro,Amyotrophic Lateral Sclerosis,Idiopathic scoliosis,203639008,0.80469346,0,1,334.21
334.21,Amyotrophic Lateral Sclerosis,mental disorders/neuro,Amyotrophic Lateral Sclerosis,BDR - Background diabetic retinopathy,390834004,0.1878444,0,1,334.21
334.21,Amyotrophic Lateral Sclerosis,mental disorders/neuro,Amyotrophic Lateral Sclerosis,Aphasia,87486003,-0.14058502,1,2,334.21
334.21,Amyotrophic Lateral Sclerosis,mental disorders/neuro,Amyotrophic Lateral Sclerosis,Traumatic brain injury,127295002,0.66578174,1,1,334.21
334.21,Amyotrophic Lateral Sclerosis,mental disorders/neuro,Amyotrophic Lateral Sclerosis,Thyroid nodule,237495005,0.87044144,0,1,334.21
334.21,Amyotrophic Lateral Sclerosis,mental disorders/neuro,Amyotrophic Lateral Sclerosis,Mediastinal emphysema,16838000,-0.6870693,0,1,334.21
334.21,Amyotrophic Lateral Sclerosis,mental disorders/neuro,Amyotrophic Lateral Sclerosis,CAT scan of head,34227000,0.74203813,1,1,334.21
334.21,Amyotrophic Lateral Sclerosis,mental disorders/neuro,Amyotrophic Lateral Sclerosis,Psychogenic seizures,191714002,0.3157843,1,1,334.21
334.21,Amyotrophic Lateral Sclerosis,mental disorders/neuro,Amyotrophic Lateral Sclerosis,Dupuytren contracture,274142002,0.8339866,0,3,334.21
334.21,Amyotrophic Lateral Sclerosis,mental disorders/neuro,Amyotrophic Lateral Sclerosis,Bladder pain,15803009,0.585749,0,1,334.21
334.21,Amyotrophic Lateral Sclerosis,mental disorders/neuro,Amyotrophic Lateral Sclerosis,Pulmonary edema,19242006,0.48206988,0,1,334.21
334.21,Amyotrophic Lateral Sclerosis,mental disorders/neuro,Amyotrophic Lateral Sclerosis,DS - Disseminated sclerosis,24700007,0.7406598,1,2,334.21
359.1,Muscular dystrophies,mental disorders/neuro,Muscular dystrophies,MDS - Myelodysplastic syndrome,109995007,0.3504008,0,1,359.1
359.1,Muscular dystrophies,mental disorders/neuro,Muscular dystrophies,Ischaemia,52674009,0.53368175,1,1,359.1
359.1,Muscular dystrophies,mental disorders/neuro,Muscular dystrophies,Endometriosis,129103003,0.8410201,0,1,359.1
359.1,Muscular dystrophies,mental disorders/neuro,Muscular dystrophies,Essential thrombocythaemia,109994006,0.57789505,1,1,359.1
359.1,Muscular dystrophies,mental disorders/neuro,Muscular dystrophies,"Lumbar radiculopathy, NOS",2415007,0.53868926,0,4,359.1
359.1,Muscular dystrophies,mental disorders/neuro,Muscular dystrophies,Debility,13791008,0.8032688,1,5,359.1
359.1,Muscular dystrophies,mental disorders/neuro,Muscular dystrophies,SMCD - systemic mast cell disease,397016004,0.03580244,0,1,359.1
359.1,Muscular dystrophies,mental disorders/neuro,Muscular dystrophies,Subacromial bursitis,40799003,-0.3098166,0,3,359.1
359.1,Muscular dystrophies,mental disorders/neuro,Muscular dystrophies,AS - Aortic stenosis,60573004,0.23635834,0,1,359.1
359.1,Muscular dystrophies,mental disorders/neuro,Muscular dystrophies,Premature infant,395507008,0.72147095,0,2,359.1
359.1,Muscular dystrophies,mental disorders/neuro,Muscular dystrophies,Polypharmacy,129846003,-0.7827335,0,1,359.1
359.1,Muscular dystrophies,mental disorders/neuro,Muscular dystrophies,Rhabdomyolysis,240131006,0.84874773,1,4,359.1
359.1,Muscular dystrophies,mental disorders/neuro,Muscular dystrophies,Bruise,125667009,0.3516599,1,2,359.1
359.1,Muscular dystrophies,mental disorders/neuro,Muscular dystrophies,Acute circulatory failure,27942005,0.8469088,0,1,359.1
359.1,Muscular dystrophies,mental disorders/neuro,Muscular dystrophies,Inflammation of urethra,31822004,0.68652004,0,1,359.1
359.1,Muscular dystrophies,mental disorders/neuro,Muscular dystrophies,Hip fracture,263225007,0.50756705,1,3,359.1
359.1,Muscular dystrophies,mental disorders/neuro,Muscular dystrophies,Deadness - numbness,44077006,-0.7478329,1,1,359.1
359.1,Muscular dystrophies,mental disorders/neuro,Muscular dystrophies,Wheeze,56018004,0.7428813,0,1,359.1
359.1,Muscular dystrophies,mental disorders/neuro,Muscular dystrophies,Leg pain,10601006,0.50946677,1,2,359.1
359.1,Muscular dystrophies,mental disorders/neuro,Muscular dystrophies,Itchy skin eruption,64144002,-0.4209618,0,1,359.1
359.1,Muscular dystrophies,mental disorders/neuro,Muscular dystrophies,Erythermalgia,37151006,-0.31696954,1,1,359.1
359.1,Muscular dystrophies,mental disorders/neuro,Muscular dystrophies,Aneurysm,432119003,0.56189644,1,1,359.1
359.1,Muscular dystrophies,mental disorders/neuro,Muscular dystrophies,Dysarthria,8011004,0.43972486,0,1,359.1
359.1,Muscular dystrophies,mental disorders/neuro,Muscular dystrophies,Injury,417746004,0.4997933,1,1,359.1
359.1,Muscular dystrophies,mental disorders/neuro,Muscular dystrophies,Amputee,41944006,0.31356356,1,1,359.1
359.1,Muscular dystrophies,mental disorders/neuro,Muscular dystrophies,Fracture of hip,5913000,0.5142423,1,2,359.1
359.1,Muscular dystrophies,mental disorders/neuro,Muscular dystrophies,Pain in toe,285365001,0.2951022,1,1,359.1
359.1,Muscular dystrophies,mental disorders/neuro,Muscular dystrophies,Pseudoaneurysm,443089001,0.53743327,1,1,359.1
359.1,Muscular dystrophies,mental disorders/neuro,Muscular dystrophies,Cor pulmonale,83291003,0.8289074,0,1,359.1
359.1,Muscular dystrophies,mental disorders/neuro,Muscular dystrophies,Abnormal vaginal bleeding,301822002,0.29823226,0,1,359.1
359.1,Muscular dystrophies,mental disorders/neuro,Muscular dystrophies,Aneurysmal haematoma,22036004,0.5238546,1,1,359.1
359.1,Muscular dystrophies,mental disorders/neuro,Muscular dystrophies,Superficial vein thrombosis,275517008,-0.48484305,0,1,359.1
359.1,Muscular dystrophies,mental disorders/neuro,Muscular dystrophies,Hepatic failure,59927004,0.7879938,0,1,359.1
359.2,Myopathy,mental disorders/neuro,Myopathy,Paraesthesia,91019004,0.46497658,1,1,359.2
359.2,Myopathy,mental disorders/neuro,Myopathy,Arteritis,52089001,0.52665544,0,2,359.2
359.2,Myopathy,mental disorders/neuro,Myopathy,Aneurysmal haematoma,22036004,0.3755219,1,1,359.2
359.2,Myopathy,mental disorders/neuro,Myopathy,Essential familial hypercholesterolaemia,398036000,0.587654,0,1,359.2
359.2,Myopathy,mental disorders/neuro,Myopathy,Disease of neck,118939000,-0.793153,1,1,359.2
359.2,Myopathy,mental disorders/neuro,Myopathy,Essential thrombocythaemia,109994006,0.80106956,1,1,359.2
359.2,Myopathy,mental disorders/neuro,Myopathy,ALS - Amyotrophic lateral sclerosis,86044005,0.88349164,1,1,359.2
359.2,Myopathy,mental disorders/neuro,Myopathy,Laryngitis,45913009,0.51662,0,1,359.2
359.2,Myopathy,mental disorders/neuro,Myopathy,Bruise,125667009,0.24006918,1,1,359.2
359.2,Myopathy,mental disorders/neuro,Myopathy,Cyanosis,3415004,0.695766,0,1,359.2
359.2,Myopathy,mental disorders/neuro,Myopathy,Deadness - numbness,44077006,-0.6522222,1,1,359.2
359.2,Myopathy,mental disorders/neuro,Myopathy,Hanot's cirrhosis,31712002,0.3513788,0,3,359.2
359.2,Myopathy,mental disorders/neuro,Myopathy,"Pressure, NOS",73595000,0.5475732,1,1,359.2
359.2,Myopathy,mental disorders/neuro,Myopathy,Leg pain,10601006,0.6554872,1,4,359.2
359.2,Myopathy,mental disorders/neuro,Myopathy,Fracture of hip,5913000,0.40319002,1,1,359.2
359.2,Myopathy,mental disorders/neuro,Myopathy,Pseudoaneurysm,443089001,0.39212763,1,1,359.2
359.2,Myopathy,mental disorders/neuro,Myopathy,AV - Congenital arteriovenous anomaly,234141001,0.2692775,1,1,359.2
359.2,Myopathy,mental disorders/neuro,Myopathy,Must hurry to pass urine,75088002,0.5017247,0,1,359.2
359.2,Myopathy,mental disorders/neuro,Myopathy,Abdomen feels bloated,116289008,0.65835714,0,1,359.2
359.2,Myopathy,mental disorders/neuro,Myopathy,Farsightedness,38101003,0.14368689,0,1,359.2
359.2,Myopathy,mental disorders/neuro,Myopathy,Injury,417746004,0.48915133,1,1,359.2
359.2,Myopathy,mental disorders/neuro,Myopathy,Metabolic acidosis,59455009,0.6412182,0,3,359.2
359.2,Myopathy,mental disorders/neuro,Myopathy,Abdominal lump,271860004,-0.093291104,0,1,359.2
359.2,Myopathy,mental disorders/neuro,Myopathy,Amputee,41944006,0.05704955,1,1,359.2
359.2,Myopathy,mental disorders/neuro,Myopathy,Back ache,161891005,0.9055798,0,4,359.2
359.2,Myopathy,mental disorders/neuro,Myopathy,Abnormal gait,22325002,-0.77304316,0,3,359.2
359.2,Myopathy,mental disorders/neuro,Myopathy,Hypomagnesaemia,190855004,0.6787141,0,2,359.2
359.2,Myopathy,mental disorders/neuro,Myopathy,Intellectual disability,1855002,0.7792373,0,1,359.2
359.2,Myopathy,mental disorders/neuro,Myopathy,Connective tissue disease,105969002,0.906729,1,2,359.2
359.2,Myopathy,mental disorders/neuro,Myopathy,Open wound,125643001,0.5255735,1,1,359.2
359.2,Myopathy,mental disorders/neuro,Myopathy,Bad memory,386807006,0.41721436,0,1,359.2
359.2,Myopathy,mental disorders/neuro,Myopathy,Cyst,441457006,0.8685448,0,1,359.2
362.31,Separation of retinal layers,sense organs,Separation of retinal layers,Lens opacity,193570009,0.8926889,1,4,362.31
362.31,Separation of retinal layers,sense organs,Separation of retinal layers,Proliferative retinopathy due to diabetes mellitus,59276001,0.85255,1,5,362.31
362.31,Separation of retinal layers,sense organs,Separation of retinal layers,Chemical diabetes,9414007,0.7684655,0,3,362.31
362.31,Separation of retinal layers,sense organs,Separation of retinal layers,Near syncope,427461000,0.34849954,0,1,362.31
362.31,Separation of retinal layers,sense organs,Separation of retinal layers,CNV - Choroidal neovascularisation,75971007,0.5199879,1,5,362.31
362.31,Separation of retinal layers,sense organs,Separation of retinal layers,Amblyopia,387742006,0.8892631,1,3,362.31
362.31,Separation of retinal layers,sense organs,Separation of retinal layers,Congenital cataract,79410001,0.11557374,1,4,362.31
362.31,Separation of retinal layers,sense organs,Separation of retinal layers,Impacted shoulders,89700002,-0.6032057,0,1,362.31
362.31,Separation of retinal layers,sense organs,Separation of retinal layers,Deficiency of macronutrients,238107002,0.0067607574,0,1,362.31
362.31,Separation of retinal layers,sense organs,Separation of retinal layers,Lumbar radiculopathy,128196005,-0.39499804,0,1,362.31
362.31,Separation of retinal layers,sense organs,Separation of retinal layers,Pericoronitis,22240003,-0.4152531,0,1,362.31
362.31,Separation of retinal layers,sense organs,Separation of retinal layers,Farsightedness,38101003,0.86523855,1,4,362.31
362.31,Separation of retinal layers,sense organs,Separation of retinal layers,Cervical radiculopathy,54404000,-0.3586231,0,1,362.31
362.31,Separation of retinal layers,sense organs,Separation of retinal layers,AH - Alcoholic hepatitis,235875008,-0.44419,0,1,362.31
362.31,Separation of retinal layers,sense organs,Separation of retinal layers,Iris neovascularisation,51995000,0.7413482,1,4,362.31
362.31,Separation of retinal layers,sense organs,Separation of retinal layers,VFD - Visual field defect,12184005,0.58926487,0,5,362.31
362.31,Separation of retinal layers,sense organs,Separation of retinal layers,AAMD - Age related macular degeneration,267718000,0.83554095,1,5,362.31
362.31,Separation of retinal layers,sense organs,Separation of retinal layers,Pseudoexfoliation syndrome,44219007,0.88525057,1,4,362.31
362.31,Separation of retinal layers,sense organs,Separation of retinal layers,Deprivation amblyopia,193638002,0.82357657,1,3,362.31
362.31,Separation of retinal layers,sense organs,Separation of retinal layers,Simmond's disease,32390006,0.33342737,0,1,362.31
362.31,Separation of retinal layers,sense organs,Separation of retinal layers,Macular edema,37231002,0.80807686,1,5,362.31
362.31,Separation of retinal layers,sense organs,Separation of retinal layers,Impaired vision,397540003,0.92214787,1,5,362.31
362.31,Separation of retinal layers,sense organs,Separation of retinal layers,Decreased vision,7973008,0.914609,1,5,362.31
362.31,Separation of retinal layers,sense organs,Separation of retinal layers,CA - Mouth cancer,363505006,-0.5157459,0,1,362.31
362.31,Separation of retinal layers,sense organs,Separation of retinal layers,Thyrotoxicosis,90739004,0.4358596,0,1,362.31
362.31,Separation of retinal layers,sense organs,Separation of retinal layers,Abdominal colic,9991008,-0.029935846,0,1,362.31
362.31,Separation of retinal layers,sense organs,Separation of retinal layers,PSC - posterior subcapsular cataract,315353005,0.771081,1,4,362.31
362.31,Separation of retinal layers,sense organs,Separation of retinal layers,Chill,43724002,0.33789927,0,1,362.31
362.31,Separation of retinal layers,sense organs,Separation of retinal layers,Intragel vitreous haemorrhage,31341008,0.46597058,1,4,362.31
362.31,Separation of retinal layers,sense organs,Separation of retinal layers,RP - Retinitis pigmentosa,28835009,0.8047599,1,4,362.31
365.11,Primary open angle glaucoma,sense organs,Primary open angle glaucoma,Musca volitans,15013002,0.95601875,1,2,365.11
365.11,Primary open angle glaucoma,sense organs,Primary open angle glaucoma,Bleeding per rectum,12063002,-0.11239091,0,1,365.11
365.11,Primary open angle glaucoma,sense organs,Primary open angle glaucoma,LBP - Low back pain,279039007,0.29620025,0,1,365.11
365.11,Primary open angle glaucoma,sense organs,Primary open angle glaucoma,CAH - Chronic active hepatitis,197284004,0.19180934,0,1,365.11
365.11,Primary open angle glaucoma,sense organs,Primary open angle glaucoma,Bradycardia,48867003,0.54346395,0,1,365.11
365.11,Primary open angle glaucoma,sense organs,Primary open angle glaucoma,Ataxia,20262006,-0.22632977,0,1,365.11
365.11,Primary open angle glaucoma,sense organs,Primary open angle glaucoma,Pseudoexfoliation syndrome,44219007,0.99451846,1,4,365.11
365.11,Primary open angle glaucoma,sense organs,Primary open angle glaucoma,Normal pregnancy,72892002,-0.49220476,0,1,365.11
365.11,Primary open angle glaucoma,sense organs,Primary open angle glaucoma,Intragel vitreous haemorrhage,31341008,0.56162035,1,2,365.11
365.11,Primary open angle glaucoma,sense organs,Primary open angle glaucoma,Amblyopia,387742006,0.99194735,1,1,365.11
365.11,Primary open angle glaucoma,sense organs,Primary open angle glaucoma,TRD - Traction retinal detachment,34711008,0.50901306,1,2,365.11
365.11,Primary open angle glaucoma,sense organs,Primary open angle glaucoma,Cough,49727002,0.3414451,0,1,365.11
365.11,Primary open angle glaucoma,sense organs,Primary open angle glaucoma,ASD - Atrial septal defect,70142008,0.31615946,0,1,365.11
365.11,Primary open angle glaucoma,sense organs,Primary open angle glaucoma,Excision of vitreous opacity,75732000,0.96228147,1,2,365.11
365.11,Primary open angle glaucoma,sense organs,Primary open angle glaucoma,Dolor,22253000,0.46031404,0,1,365.11
365.11,Primary open angle glaucoma,sense organs,Primary open angle glaucoma,Retinal detachment due to full thickness retinal tear,19620000,0.8553828,1,2,365.11
365.11,Primary open angle glaucoma,sense organs,Primary open angle glaucoma,Aching muscles,68962001,0.5782398,0,1,365.11
365.11,Primary open angle glaucoma,sense organs,Primary open angle glaucoma,AAMD - Age related macular degeneration,267718000,0.96020114,1,1,365.11
365.11,Primary open angle glaucoma,sense organs,Primary open angle glaucoma,Diffuse parenchymal lung disease,233703007,-0.57804716,0,1,365.11
365.11,Primary open angle glaucoma,sense organs,Primary open angle glaucoma,Leucocytopenia,84828003,0.028272979,0,1,365.11
365.11,Primary open angle glaucoma,sense organs,Primary open angle glaucoma,Iris neovascularisation,51995000,0.8291189,1,2,365.11
365.11,Primary open angle glaucoma,sense organs,Primary open angle glaucoma,Disorder of eye,371409005,0.96079123,1,5,365.11
365.11,Primary open angle glaucoma,sense organs,Primary open angle glaucoma,Decreased vision,7973008,0.9717305,1,5,365.11
365.11,Primary open angle glaucoma,sense organs,Primary open angle glaucoma,CE - Cataract extraction,54885007,0.96446943,1,2,365.11
365.11,Primary open angle glaucoma,sense organs,Primary open angle glaucoma,Idiopathic Parkinson's disease,49049000,0.5944693,0,1,365.11
365.11,Primary open angle glaucoma,sense organs,Primary open angle glaucoma,Impaired vision,397540003,0.98638594,1,5,365.11
365.11,Primary open angle glaucoma,sense organs,Primary open angle glaucoma,Osteosarcoma,307576001,-0.0048607048,0,1,365.11
365.11,Primary open angle glaucoma,sense organs,Primary open angle glaucoma,Farsightedness,38101003,0.956673,1,2,365.11
365.11,Primary open angle glaucoma,sense organs,Primary open angle glaucoma,Chest discomfort,279084009,0.32351926,0,1,365.11
365.11,Primary open angle glaucoma,sense organs,Primary open angle glaucoma,PSC - posterior subcapsular cataract,315353005,0.9023774,1,2,365.11
365.11,Primary open angle glaucoma,sense organs,Primary open angle glaucoma,Detached retina,42059000,0.974629,1,2,365.11
365.11,Primary open angle glaucoma,sense organs,Primary open angle glaucoma,Disease of eyeball,371405004,0.9700898,1,5,365.11
365.2,Primary angle-closure glaucoma,sense organs,Primary angle-closure glaucoma,Mechanical vitrectomy by pars plana approach,87021001,0.07462773,0,3,365.2
365.2,Primary angle-closure glaucoma,sense organs,Primary angle-closure glaucoma,Lens opacity,193570009,0.9752537,1,2,365.2
365.2,Primary angle-closure glaucoma,sense organs,Primary angle-closure glaucoma,Impaired vision,397540003,0.96560824,1,5,365.2
365.2,Primary angle-closure glaucoma,sense organs,Primary angle-closure glaucoma,Disease of eyeball,371405004,0.95808285,1,5,365.2
365.2,Primary angle-closure glaucoma,sense organs,Primary angle-closure glaucoma,AP - Angina pectoris,194828000,0.5550666,0,1,365.2
365.2,Primary angle-closure glaucoma,sense organs,Primary angle-closure glaucoma,RP - Retinitis pigmentosa,28835009,0.969046,1,2,365.2
365.2,Primary angle-closure glaucoma,sense organs,Primary angle-closure glaucoma,PSC - posterior subcapsular cataract,315353005,0.922971,1,2,365.2
365.2,Primary angle-closure glaucoma,sense organs,Primary angle-closure glaucoma,Esophageal ulcer,30811009,-0.7633732,0,1,365.2
365.2,Primary angle-closure glaucoma,sense organs,Primary angle-closure glaucoma,Degenerative joint disease of knee,239873007,-0.27626097,0,1,365.2
365.2,Primary angle-closure glaucoma,sense organs,Primary angle-closure glaucoma,Transplant rejection,213148006,-0.299436,0,1,365.2
365.2,Primary angle-closure glaucoma,sense organs,Primary angle-closure glaucoma,Collagen disease,81573002,0.39752948,0,1,365.2
365.2,Primary angle-closure glaucoma,sense organs,Primary angle-closure glaucoma,CE - Cataract extraction,54885007,0.95897543,1,2,365.2
365.2,Primary angle-closure glaucoma,sense organs,Primary angle-closure glaucoma,Low pressure hydrocephalus,30753002,0.49858522,0,1,365.2
365.2,Primary angle-closure glaucoma,sense organs,Primary angle-closure glaucoma,Decreased vision,7973008,0.9433933,1,5,365.2
365.2,Primary angle-closure glaucoma,sense organs,Primary angle-closure glaucoma,Paroxysmal digital cyanosis,266261006,0.20219702,0,1,365.2
365.2,Primary angle-closure glaucoma,sense organs,Primary angle-closure glaucoma,TRD - Traction retinal detachment,34711008,0.54737484,1,2,365.2
365.2,Primary angle-closure glaucoma,sense organs,Primary angle-closure glaucoma,Conjunctivitis,9826008,0.610883,0,1,365.2
365.2,Primary angle-closure glaucoma,sense organs,Primary angle-closure glaucoma,Retinal detachment due to full thickness retinal tear,19620000,0.86308837,1,2,365.2
365.2,Primary angle-closure glaucoma,sense organs,Primary angle-closure glaucoma,Absent salivary secretion,87715008,0.45498785,0,1,365.2
365.2,Primary angle-closure glaucoma,sense organs,Primary angle-closure glaucoma,AAMD - Age related macular degeneration,267718000,0.93652344,1,2,365.2
365.2,Primary angle-closure glaucoma,sense organs,Primary angle-closure glaucoma,"MEA, type 1",30664006,0.0887043,0,1,365.2
365.2,Primary angle-closure glaucoma,sense organs,Primary angle-closure glaucoma,Disorder of eye,371409005,0.9410405,1,5,365.2
365.2,Primary angle-closure glaucoma,sense organs,Primary angle-closure glaucoma,Renal colic,7093002,-0.541088,0,1,365.2
365.2,Primary angle-closure glaucoma,sense organs,Primary angle-closure glaucoma,HRT - Hormone replacement therapy,266717002,0.30154538,0,1,365.2
365.2,Primary angle-closure glaucoma,sense organs,Primary angle-closure glaucoma,Congenital cataract,79410001,0.18390644,1,2,365.2
365.2,Primary angle-closure glaucoma,sense organs,Primary angle-closure glaucoma,Amblyopia,387742006,0.9763458,1,1,365.2
365.2,Primary angle-closure glaucoma,sense organs,Primary angle-closure glaucoma,Allergic granulomatosis angiitis,82275008,0.16098651,0,1,365.2
365.2,Primary angle-closure glaucoma,sense organs,Primary angle-closure glaucoma,Intragel vitreous haemorrhage,31341008,0.60993314,1,2,365.2
365.2,Primary angle-closure glaucoma,sense organs,Primary angle-closure glaucoma,Iris neovascularisation,51995000,0.8550918,1,2,365.2
365.2,Primary angle-closure glaucoma,sense organs,Primary angle-closure glaucoma,Abdominal lump,271860004,-0.4769802,0,1,365.2
365.2,Primary angle-closure glaucoma,sense organs,Primary angle-closure glaucoma,CP - Cerebral palsy,128188000,0.3789655,0,1,365.2
365.2,Primary angle-closure glaucoma,sense organs,Primary angle-closure glaucoma,Excision of vitreous opacity,75732000,0.95034504,1,2,365.2
365.2,Primary angle-closure glaucoma,sense organs,Primary angle-closure glaucoma,Musca volitans,15013002,0.95775115,1,2,365.2
365.2,Primary angle-closure glaucoma,sense organs,Primary angle-closure glaucoma,Gelineau's syndrome,60380001,0.4219143,0,1,365.2
365.2,Primary angle-closure glaucoma,sense organs,Primary angle-closure glaucoma,Detached retina,42059000,0.9685283,1,2,365.2
401.1,Essential hypertension,circulatory system,Essential hypertension,Coronary artery spasm,23687008,0.9609888,1,3,401.1
401.1,Essential hypertension,circulatory system,Essential hypertension,Esophagitis,16761005,0.36357605,0,1,401.1
401.1,Essential hypertension,circulatory system,Essential hypertension,NS - Nephrotic syndrome,52254009,0.7398649,0,2,401.1
401.1,Essential hypertension,circulatory system,Essential hypertension,AAA - Abdominal aortic aneurysm,233985008,0.8920155,1,4,401.1
401.1,Essential hypertension,circulatory system,Essential hypertension,Detachment of nail,75789001,-0.3570709,0,1,401.1
401.1,Essential hypertension,circulatory system,Essential hypertension,Atheromatosis,38716007,0.97998923,1,5,401.1
401.1,Essential hypertension,circulatory system,Essential hypertension,CLBP - Chronic low back pain,278860009,0.62267804,0,1,401.1
401.1,Essential hypertension,circulatory system,Essential hypertension,Cutaneous mycosis,14560005,0.2960074,0,1,401.1
401.1,Essential hypertension,circulatory system,Essential hypertension,Secondary thyroid hyperplasia,26389007,0.6612427,0,1,401.1
401.1,Essential hypertension,circulatory system,Essential hypertension,"45, X syndrome",38804009,0.54166555,0,1,401.1
401.1,Essential hypertension,circulatory system,Essential hypertension,Arterial hypoxaemia,389087006,0.71403366,0,3,401.1
401.1,Essential hypertension,circulatory system,Essential hypertension,ACS - Acute coronary syndrome,394659003,0.78595144,1,4,401.1
401.1,Essential hypertension,circulatory system,Essential hypertension,OM - Osteomyelitis,60168000,0.3673652,0,1,401.1
401.1,Essential hypertension,circulatory system,Essential hypertension,Cholesterol measurement,77068002,0.97820306,0,5,401.1
401.1,Essential hypertension,circulatory system,Essential hypertension,AP - Angina pectoris,194828000,0.91399384,1,4,401.1
401.1,Essential hypertension,circulatory system,Essential hypertension,Dysmetabolic syndrome X,237602007,0.8773905,1,5,401.1
401.1,Essential hypertension,circulatory system,Essential hypertension,Cardiac ischemia,414795007,0.92953956,1,5,401.1
401.1,Essential hypertension,circulatory system,Essential hypertension,Heart rate fast,3424008,0.92203116,1,4,401.1
401.1,Essential hypertension,circulatory system,Essential hypertension,Angiogram,77343006,0.94860196,1,4,401.1
401.1,Essential hypertension,circulatory system,Essential hypertension,DM - Diabetes mellitus,73211009,0.974473,1,4,401.1
401.1,Essential hypertension,circulatory system,Essential hypertension,Carious lesion,80967001,0.30846146,0,1,401.1
401.1,Essential hypertension,circulatory system,Essential hypertension,CS - Caesarean section,11466000,0.67415595,0,1,401.1
401.1,Essential hypertension,circulatory system,Essential hypertension,Compression fracture,21947006,-0.690298,0,1,401.1
401.1,Essential hypertension,circulatory system,Essential hypertension,AR - Allergic rhinitis,61582004,0.3956035,0,1,401.1
401.1,Essential hypertension,circulatory system,Essential hypertension,AF - Atrial fibrillation,49436004,0.9419931,1,4,401.1
401.1,Essential hypertension,circulatory system,Essential hypertension,Peripheral arterial disease,399957001,0.9730097,1,5,401.1
401.1,Essential hypertension,circulatory system,Essential hypertension,Good neonatal condition at birth,102500002,0.8035233,0,1,401.1
401.1,Essential hypertension,circulatory system,Essential hypertension,At risk of CHD,315016007,-0.5691578,1,5,401.1
401.1,Essential hypertension,circulatory system,Essential hypertension,Arrhythmia,44808001,0.9466867,1,4,401.1
401.1,Essential hypertension,circulatory system,Essential hypertension,Human papilloma virus infection,240532009,0.21588159,0,1,401.1
401.1,Essential hypertension,circulatory system,Essential hypertension,Pain in shoulder,45326000,0.54309267,0,3,401.1
401.1,Essential hypertension,circulatory system,Essential hypertension,ASHD - Atherosclerotic heart disease,53741008,0.9615511,1,5,401.1
411.1,Unstable angina (intermediate coronary syndrome),circulatory system,Unstable angina (intermediate coronary syndrome),HCM - Hypertrophic cardiomyopathy,233873004,0.9156002,1,3,411.1
411.1,Unstable angina (intermediate coronary syndrome),circulatory system,Unstable angina (intermediate coronary syndrome),Dissecting aneurysm of aorta,308546005,-0.38605008,1,3,411.1
411.1,Unstable angina (intermediate coronary syndrome),circulatory system,Unstable angina (intermediate coronary syndrome),VT - Ventricular tachycardia,25569003,0.9529427,1,5,411.1
411.1,Unstable angina (intermediate coronary syndrome),circulatory system,Unstable angina (intermediate coronary syndrome),Bradycardia,48867003,0.9460039,1,3,411.1
411.1,Unstable angina (intermediate coronary syndrome),circulatory system,Unstable angina (intermediate coronary syndrome),CCF - Congestive cardiac failure,42343007,0.97611195,1,4,411.1
411.1,Unstable angina (intermediate coronary syndrome),circulatory system,Unstable angina (intermediate coronary syndrome),Palsy,44695005,0.4849939,0,1,411.1
411.1,Unstable angina (intermediate coronary syndrome),circulatory system,Unstable angina (intermediate coronary syndrome),Has a tremor,26079004,0.6831976,0,1,411.1
411.1,Unstable angina (intermediate coronary syndrome),circulatory system,Unstable angina (intermediate coronary syndrome),At risk of CHD,315016007,-0.50649,1,5,411.1
411.1,Unstable angina (intermediate coronary syndrome),circulatory system,Unstable angina (intermediate coronary syndrome),Antisocial personality disorder,26665006,0.1064621,0,1,411.1
411.1,Unstable angina (intermediate coronary syndrome),circulatory system,Unstable angina (intermediate coronary syndrome),Anger,75408008,0.36419713,0,1,411.1
411.1,Unstable angina (intermediate coronary syndrome),circulatory system,Unstable angina (intermediate coronary syndrome),SVT - Supraventricular tachycardia,6456007,0.95019305,1,3,411.1
411.1,Unstable angina (intermediate coronary syndrome),circulatory system,Unstable angina (intermediate coronary syndrome),Constrictive cardiomyopathy,415295002,0.1181091,1,2,411.1
411.1,Unstable angina (intermediate coronary syndrome),circulatory system,Unstable angina (intermediate coronary syndrome),TEE procedure,105376000,0.90752256,1,3,411.1
411.1,Unstable angina (intermediate coronary syndrome),circulatory system,Unstable angina (intermediate coronary syndrome),AHG deficiency disease,28293008,0.8399064,0,1,411.1
411.1,Unstable angina (intermediate coronary syndrome),circulatory system,Unstable angina (intermediate coronary syndrome),Heart rate fast,3424008,0.97912836,1,4,411.1
411.1,Unstable angina (intermediate coronary syndrome),circulatory system,Unstable angina (intermediate coronary syndrome),Cardiac arrest - ventricular fibrillation,71908006,0.947784,1,5,411.1
411.1,Unstable angina (intermediate coronary syndrome),circulatory system,Unstable angina (intermediate coronary syndrome),AF - Atrial fibrillation,49436004,0.9671334,1,3,411.1
411.1,Unstable angina (intermediate coronary syndrome),circulatory system,Unstable angina (intermediate coronary syndrome),HD - Hodgkin's disease,118599009,0.31428573,0,2,411.1
411.1,Unstable angina (intermediate coronary syndrome),circulatory system,Unstable angina (intermediate coronary syndrome),Impacted teeth,235104008,0.21621192,0,1,411.1
411.1,Unstable angina (intermediate coronary syndrome),circulatory system,Unstable angina (intermediate coronary syndrome),Cellulitis of face,200652002,-0.30327448,0,1,411.1
411.1,Unstable angina (intermediate coronary syndrome),circulatory system,Unstable angina (intermediate coronary syndrome),Histoplasmosis,12962009,0.28988096,0,1,411.1
411.1,Unstable angina (intermediate coronary syndrome),circulatory system,Unstable angina (intermediate coronary syndrome),HB - Heart block,233916004,0.9583543,1,4,411.1
411.1,Unstable angina (intermediate coronary syndrome),circulatory system,Unstable angina (intermediate coronary syndrome),Abnormal sexual function,56925008,-0.62453127,0,2,411.1
411.1,Unstable angina (intermediate coronary syndrome),circulatory system,Unstable angina (intermediate coronary syndrome),Excessive sleep,77692006,0.4276479,0,1,411.1
411.1,Unstable angina (intermediate coronary syndrome),circulatory system,Unstable angina (intermediate coronary syndrome),Cardiac disorder,56265001,0.97475135,1,5,411.1
411.1,Unstable angina (intermediate coronary syndrome),circulatory system,Unstable angina (intermediate coronary syndrome),Sick sinus syndrome,36083008,0.9813707,1,3,411.1
411.1,Unstable angina (intermediate coronary syndrome),circulatory system,Unstable angina (intermediate coronary syndrome),Blackout,271594007,0.9858683,1,1,411.1
411.1,Unstable angina (intermediate coronary syndrome),circulatory system,Unstable angina (intermediate coronary syndrome),CN - Constipation,14760008,0.6579374,0,1,411.1
411.1,Unstable angina (intermediate coronary syndrome),circulatory system,Unstable angina (intermediate coronary syndrome),Feeling suicidal,225457007,0.35347605,0,1,411.1
411.2,Myocardial infarction,circulatory system,Myocardial infarction,AI - Aortic incompetence,60234000,0.6353569,1,3,411.2
411.2,Myocardial infarction,circulatory system,Myocardial infarction,Heart rate fast,3424008,0.7910611,1,4,411.2
411.2,Myocardial infarction,circulatory system,Myocardial infarction,Blackout,271594007,0.82788944,1,4,411.2
411.2,Myocardial infarction,circulatory system,Myocardial infarction,At risk of CHD,315016007,-0.6376095,1,5,411.2
411.2,Myocardial infarction,circulatory system,Myocardial infarction,Constrictive cardiomyopathy,415295002,-0.2111116,1,4,411.2
411.2,Myocardial infarction,circulatory system,Myocardial infarction,TEE procedure,105376000,0.67028075,1,3,411.2
411.2,Myocardial infarction,circulatory system,Myocardial infarction,Discharge from back of nose,75803007,-0.08144821,0,1,411.2
411.2,Myocardial infarction,circulatory system,Myocardial infarction,CCA - Cardiac catheterisation,41976001,0.76348746,1,4,411.2
411.2,Myocardial infarction,circulatory system,Myocardial infarction,Necrotising cellulitis,52486002,0.1751555,0,3,411.2
411.2,Myocardial infarction,circulatory system,Myocardial infarction,Acute epidemic vertigo,186738001,0.11708997,0,1,411.2
411.2,Myocardial infarction,circulatory system,Myocardial infarction,Hyperhidrosis,312230002,0.53798056,0,5,411.2
411.2,Myocardial infarction,circulatory system,Myocardial infarction,Hospice care,385763009,-0.6189712,1,1,411.2
411.2,Myocardial infarction,circulatory system,Myocardial infarction,Changeable mood,18963009,0.1365919,0,1,411.2
411.2,Myocardial infarction,circulatory system,Myocardial infarction,Sick sinus syndrome,36083008,0.8468441,1,1,411.2
411.2,Myocardial infarction,circulatory system,Myocardial infarction,Urticaria,126485001,0.59787476,0,1,411.2
411.2,Myocardial infarction,circulatory system,Myocardial infarction,Apnea,1023001,0.7496904,0,3,411.2
411.2,Myocardial infarction,circulatory system,Myocardial infarction,SVT - Supraventricular tachycardia,6456007,0.8626213,1,5,411.2
411.2,Myocardial infarction,circulatory system,Myocardial infarction,Bleeding peptic ulcer,64121000,0.13823833,0,2,411.2
411.2,Myocardial infarction,circulatory system,Myocardial infarction,CGL - Chronic granulocytic leukaemia,92818009,0.29665762,0,1,411.2
411.2,Myocardial infarction,circulatory system,Myocardial infarction,Adenoma sebaceum syndrome,7199000,-0.014652488,0,1,411.2
411.2,Myocardial infarction,circulatory system,Myocardial infarction,Bradycardia,48867003,0.8349722,1,4,411.2
411.2,Myocardial infarction,circulatory system,Myocardial infarction,AF - Atrial fibrillation,49436004,0.86879885,1,5,411.2
411.2,Myocardial infarction,circulatory system,Myocardial infarction,CTx - Cardiac transplant,32413006,0.7114905,1,2,411.2
411.2,Myocardial infarction,circulatory system,Myocardial infarction,CCF - Congestive cardiac failure,42343007,0.7998386,1,4,411.2
411.2,Myocardial infarction,circulatory system,Myocardial infarction,Icterus neonatorum,387712008,0.046643466,0,1,411.2
411.2,Myocardial infarction,circulatory system,Myocardial infarction,Schizophrenia,58214004,0.6690955,0,1,411.2
411.2,Myocardial infarction,circulatory system,Myocardial infarction,Dissecting aneurysm of aorta,308546005,-0.49844307,1,4,411.2
411.2,Myocardial infarction,circulatory system,Myocardial infarction,HB - Heart block,233916004,0.8413044,1,4,411.2
411.2,Myocardial infarction,circulatory system,Myocardial infarction,VT - Ventricular tachycardia,25569003,0.86496925,1,5,411.2
411.2,Myocardial infarction,circulatory system,Myocardial infarction,Bony metastasis,94222008,-0.3141784,0,1,411.2
411.2,Myocardial infarction,circulatory system,Myocardial infarction,Oral cavity pain,102616008,-0.7426535,0,1,411.2
411.2,Myocardial infarction,circulatory system,Myocardial infarction,Subacromial bursitis,40799003,0.1395527,0,1,411.2
411.2,Myocardial infarction,circulatory system,Myocardial infarction,HCM - Hypertrophic cardiomyopathy,233873004,0.63392067,1,4,411.2
411.3,Angina pectoris,circulatory system,Angina pectoris,TEE procedure,105376000,0.72254,1,3,411.3
411.3,Angina pectoris,circulatory system,Angina pectoris,Constrictive cardiomyopathy,415295002,-0.19852798,1,2,411.3
411.3,Angina pectoris,circulatory system,Angina pectoris,Ankle sprain,44465007,-0.017093685,0,1,411.3
411.3,Angina pectoris,circulatory system,Angina pectoris,Nephroblastoma,302849000,0.6759499,0,1,411.3
411.3,Angina pectoris,circulatory system,Angina pectoris,Unexplained weight loss,422868009,0.37278804,0,1,411.3
411.3,Angina pectoris,circulatory system,Angina pectoris,AF - Atrial fibrillation,49436004,0.9494519,1,3,411.3
411.3,Angina pectoris,circulatory system,Angina pectoris,Pharyngitis,405737000,0.40099633,0,1,411.3
411.3,Angina pectoris,circulatory system,Angina pectoris,HB - Heart block,233916004,0.9059411,1,3,411.3
411.3,Angina pectoris,circulatory system,Angina pectoris,AC - Amniocentesis,34536000,0.6872316,0,1,411.3
411.3,Angina pectoris,circulatory system,Angina pectoris,Fibrous cavernositis,1335005,-0.37087074,0,1,411.3
411.3,Angina pectoris,circulatory system,Angina pectoris,Arrhythmia,44808001,0.94143176,1,4,411.3
411.3,Angina pectoris,circulatory system,Angina pectoris,Renal tubular acidosis,1776003,0.7788528,0,1,411.3
411.3,Angina pectoris,circulatory system,Angina pectoris,Bradycardia,48867003,0.92572653,1,4,411.3
411.3,Angina pectoris,circulatory system,Angina pectoris,ABS - Acute brain syndrome,2776000,0.81062806,0,1,411.3
411.3,Angina pectoris,circulatory system,Angina pectoris,Degeneration of intervertebral disc,77547008,-0.3194077,0,1,411.3
411.3,Angina pectoris,circulatory system,Angina pectoris,Peripheral arterial disease,399957001,0.9450913,1,5,411.3
411.3,Angina pectoris,circulatory system,Angina pectoris,Heart rate fast,3424008,0.89670175,1,4,411.3
411.3,Angina pectoris,circulatory system,Angina pectoris,BDR - Background diabetic retinopathy,390834004,0.5603915,0,4,411.3
411.3,Angina pectoris,circulatory system,Angina pectoris,EP - Ectopic pregnancy,34801009,0.67718077,0,1,411.3
411.3,Angina pectoris,circulatory system,Angina pectoris,VT - Ventricular tachycardia,25569003,0.94418144,1,5,411.3
411.3,Angina pectoris,circulatory system,Angina pectoris,AAA - Abdominal aortic aneurysm,233985008,0.84902275,1,4,411.3
411.3,Angina pectoris,circulatory system,Angina pectoris,Discharge from back of nose,75803007,-0.25734705,0,1,411.3
411.3,Angina pectoris,circulatory system,Angina pectoris,Decreased vision,7973008,0.69525945,0,1,411.3
411.3,Angina pectoris,circulatory system,Angina pectoris,SVT - Supraventricular tachycardia,6456007,0.947288,1,4,411.3
411.3,Angina pectoris,circulatory system,Angina pectoris,Dissecting aneurysm of aorta,308546005,-0.61379963,1,5,411.3
411.3,Angina pectoris,circulatory system,Angina pectoris,Aphasia,87486003,-0.47233257,0,1,411.3
411.3,Angina pectoris,circulatory system,Angina pectoris,CCF - Congestive cardiac failure,42343007,0.9257549,1,4,411.3
411.3,Angina pectoris,circulatory system,Angina pectoris,Angiogram,77343006,0.9306612,1,5,411.3
411.3,Angina pectoris,circulatory system,Angina pectoris,EN - Erythema nodosum,32861005,0.39778188,0,1,411.3
411.3,Angina pectoris,circulatory system,Angina pectoris,Sick sinus syndrome,36083008,0.8882079,1,3,411.3
411.3,Angina pectoris,circulatory system,Angina pectoris,Aspergillosis,65553006,0.3960702,0,1,411.3
411.3,Angina pectoris,circulatory system,Angina pectoris,HCM - Hypertrophic cardiomyopathy,233873004,0.7257776,1,3,411.3
411.3,Angina pectoris,circulatory system,Angina pectoris,RAS - Renal artery stenosis,302233006,0.27448922,1,3,411.3
411.3,Angina pectoris,circulatory system,Angina pectoris,Atheromatosis,38716007,0.9550965,1,5,411.3
415.11,"Pulmonary embolism and infarction, acute",circulatory system,"Pulmonary embolism and infarction, acute",OSA - Obstructive sleep apnea,78275009,0.7934844,1,5,415.11
415.11,"Pulmonary embolism and infarction, acute",circulatory system,"Pulmonary embolism and infarction, acute",Disorder of heart valve,368009,0.9522424,1,3,415.11
415.11,"Pulmonary embolism and infarction, acute",circulatory system,"Pulmonary embolism and infarction, acute",PP - Placenta praevia,36813001,0.60749733,0,1,415.11
415.11,"Pulmonary embolism and infarction, acute",circulatory system,"Pulmonary embolism and infarction, acute",AI - Aortic incompetence,60234000,0.9106007,1,3,415.11
415.11,"Pulmonary embolism and infarction, acute",circulatory system,"Pulmonary embolism and infarction, acute",Borderline personality disorder,20010003,0.060436707,0,1,415.11
415.11,"Pulmonary embolism and infarction, acute",circulatory system,"Pulmonary embolism and infarction, acute",CTx - Cardiac transplant,32413006,0.9298092,1,3,415.11
415.11,"Pulmonary embolism and infarction, acute",circulatory system,"Pulmonary embolism and infarction, acute",Rotary vertigo,399153001,-0.052880198,0,1,415.11
415.11,"Pulmonary embolism and infarction, acute",circulatory system,"Pulmonary embolism and infarction, acute",Postnatal care,133906008,0.16829908,0,5,415.11
415.11,"Pulmonary embolism and infarction, acute",circulatory system,"Pulmonary embolism and infarction, acute",HHT - Hereditary haemorrhagic telangiectasia,21877004,0.7686721,1,3,415.11
415.11,"Pulmonary embolism and infarction, acute",circulatory system,"Pulmonary embolism and infarction, acute",Dissecting aneurysm of aorta,308546005,-0.31665036,1,3,415.11
415.11,"Pulmonary embolism and infarction, acute",circulatory system,"Pulmonary embolism and infarction, acute",CCF - Congestive cardiac failure,42343007,0.8868277,1,5,415.11
415.11,"Pulmonary embolism and infarction, acute",circulatory system,"Pulmonary embolism and infarction, acute",Cardiac failure,84114007,0.83345497,1,5,415.11
415.11,"Pulmonary embolism and infarction, acute",circulatory system,"Pulmonary embolism and infarction, acute",Rhabdomyolysis,240131006,0.5815567,0,5,415.11
415.11,"Pulmonary embolism and infarction, acute",circulatory system,"Pulmonary embolism and infarction, acute",Pressure in chest,23924001,0.77093244,0,5,415.11
415.11,"Pulmonary embolism and infarction, acute",circulatory system,"Pulmonary embolism and infarction, acute",Osteotomy,150062003,-0.1576954,0,3,415.11
415.11,"Pulmonary embolism and infarction, acute",circulatory system,"Pulmonary embolism and infarction, acute",Decreased oxygen supply,389086002,0.8769963,1,5,415.11
415.11,"Pulmonary embolism and infarction, acute",circulatory system,"Pulmonary embolism and infarction, acute",TEE procedure,105376000,0.9094207,1,3,415.11
415.11,"Pulmonary embolism and infarction, acute",circulatory system,"Pulmonary embolism and infarction, acute",Traumatic brain injury,127295002,0.22302186,0,2,415.11
415.11,"Pulmonary embolism and infarction, acute",circulatory system,"Pulmonary embolism and infarction, acute",Lump on neck,299703001,-0.81887656,0,1,415.11
415.11,"Pulmonary embolism and infarction, acute",circulatory system,"Pulmonary embolism and infarction, acute",Pulmonary edema,19242006,0.93747056,1,5,415.11
415.11,"Pulmonary embolism and infarction, acute",circulatory system,"Pulmonary embolism and infarction, acute",CCA - Cardiac catheterisation,41976001,0.9244585,1,3,415.11
415.11,"Pulmonary embolism and infarction, acute",circulatory system,"Pulmonary embolism and infarction, acute",Dementia,52448006,0.41998765,0,3,415.11
415.11,"Pulmonary embolism and infarction, acute",circulatory system,"Pulmonary embolism and infarction, acute",Merkel cell carcinoma,253001006,-0.16477743,0,3,415.11
415.11,"Pulmonary embolism and infarction, acute",circulatory system,"Pulmonary embolism and infarction, acute",Granulomatosis with polyangiitis,195353004,0.5596781,0,3,415.11
415.11,"Pulmonary embolism and infarction, acute",circulatory system,"Pulmonary embolism and infarction, acute",CHD - Congenital heart disease,13213009,0.89564556,1,4,415.11
415.11,"Pulmonary embolism and infarction, acute",circulatory system,"Pulmonary embolism and infarction, acute",AS - Aortic stenosis,60573004,0.8873367,1,3,415.11
415.11,"Pulmonary embolism and infarction, acute",circulatory system,"Pulmonary embolism and infarction, acute",Aspergillosis,65553006,0.18695019,0,1,415.11
415.11,"Pulmonary embolism and infarction, acute",circulatory system,"Pulmonary embolism and infarction, acute",Celioscopy,73632009,0.6042968,0,1,415.11
415.11,"Pulmonary embolism and infarction, acute",circulatory system,"Pulmonary embolism and infarction, acute",Septic sore throat,43878008,0.065133035,0,1,415.11
415.11,"Pulmonary embolism and infarction, acute",circulatory system,"Pulmonary embolism and infarction, acute",Endometriosis,129103003,0.48845652,0,1,415.11
415.11,"Pulmonary embolism and infarction, acute",circulatory system,"Pulmonary embolism and infarction, acute",Breaking out - eruption,271807003,0.2868183,0,1,415.11
415.11,"Pulmonary embolism and infarction, acute",circulatory system,"Pulmonary embolism and infarction, acute",Cardiac murmur,88610006,0.96138775,1,3,415.11
415.11,"Pulmonary embolism and infarction, acute",circulatory system,"Pulmonary embolism and infarction, acute",Cephalalgia,25064002,0.20160389,0,1,415.11
415.11,"Pulmonary embolism and infarction, acute",circulatory system,"Pulmonary embolism and infarction, acute",Peripheral venous insufficiency,20696009,0.96018887,1,5,415.11
415.11,"Pulmonary embolism and infarction, acute",circulatory system,"Pulmonary embolism and infarction, acute",LVF - Left ventricular failure,85232009,0.9860864,1,4,415.11
415.11,"Pulmonary embolism and infarction, acute",circulatory system,"Pulmonary embolism and infarction, acute",Arterial hypoxaemia,389087006,0.8524472,1,4,415.11
415.21,Primary pulmonary hypertension,circulatory system,Primary pulmonary hypertension,LVF - Left ventricular failure,85232009,0.9123763,1,5,415.21
415.21,Primary pulmonary hypertension,circulatory system,Primary pulmonary hypertension,Cardiac failure,84114007,0.9708028,1,5,415.21
415.21,Primary pulmonary hypertension,circulatory system,Primary pulmonary hypertension,Difficulty walking,228158008,0.2536572,0,4,415.21
415.21,Primary pulmonary hypertension,circulatory system,Primary pulmonary hypertension,Allergy to food,414285001,0.7228541,0,1,415.21
415.21,Primary pulmonary hypertension,circulatory system,Primary pulmonary hypertension,Chronic lung disease,413839001,0.9396893,1,4,415.21
415.21,Primary pulmonary hypertension,circulatory system,Primary pulmonary hypertension,BE - Bacterial endocarditis,301183007,0.6208516,1,2,415.21
415.21,Primary pulmonary hypertension,circulatory system,Primary pulmonary hypertension,Deficiency of PTH,36976004,0.8044039,0,1,415.21
415.21,Primary pulmonary hypertension,circulatory system,Primary pulmonary hypertension,Marfan syndrome,19346006,0.40666723,0,3,415.21
415.21,Primary pulmonary hypertension,circulatory system,Primary pulmonary hypertension,Pressure in chest,23924001,0.92381704,1,5,415.21
415.21,Primary pulmonary hypertension,circulatory system,Primary pulmonary hypertension,Systolic dysfunction,371037005,0.8594977,0,5,415.21
415.21,Primary pulmonary hypertension,circulatory system,Primary pulmonary hypertension,Collagen disease,81573002,0.79099166,1,1,415.21
415.21,Primary pulmonary hypertension,circulatory system,Primary pulmonary hypertension,Traumatic brain injury,127295002,0.3865173,0,1,415.21
415.21,Primary pulmonary hypertension,circulatory system,Primary pulmonary hypertension,CAFL - Chronic airflow limitation,13645005,0.92101556,1,1,415.21
415.21,Primary pulmonary hypertension,circulatory system,Primary pulmonary hypertension,AS - Aortic stenosis,60573004,0.66825074,1,2,415.21
415.21,Primary pulmonary hypertension,circulatory system,Primary pulmonary hypertension,Muscle spasm - tone,221360009,0.6854444,0,1,415.21
415.21,Primary pulmonary hypertension,circulatory system,Primary pulmonary hypertension,Burning reflux,16331000,0.85219896,0,1,415.21
415.21,Primary pulmonary hypertension,circulatory system,Primary pulmonary hypertension,Rheumatic mitral stenosis,86466006,-0.40040332,1,3,415.21
415.21,Primary pulmonary hypertension,circulatory system,Primary pulmonary hypertension,Fixation of spine with fusion,55705006,0.34386086,0,1,415.21
415.21,Primary pulmonary hypertension,circulatory system,Primary pulmonary hypertension,Agnogenic myeloid metaplasia,52967002,0.40316302,0,1,415.21
415.21,Primary pulmonary hypertension,circulatory system,Primary pulmonary hypertension,Neoplasm of brain,126952004,0.7794125,0,1,415.21
415.21,Primary pulmonary hypertension,circulatory system,Primary pulmonary hypertension,Decreased oxygen supply,389086002,0.9897688,1,5,415.21
415.21,Primary pulmonary hypertension,circulatory system,Primary pulmonary hypertension,Acquired pharyngo-oesophageal diverticulum,399291005,-0.75143003,0,1,415.21
415.21,Primary pulmonary hypertension,circulatory system,Primary pulmonary hypertension,Tracheostomy,48387007,0.65964556,1,1,415.21
415.21,Primary pulmonary hypertension,circulatory system,Primary pulmonary hypertension,AP - Angina pectoris,194828000,0.9561511,0,3,415.21
415.21,Primary pulmonary hypertension,circulatory system,Primary pulmonary hypertension,TIPS - Transjugular intrahepatic portosystemic shunt,233445008,0.4912631,0,3,415.21
415.21,Primary pulmonary hypertension,circulatory system,Primary pulmonary hypertension,Jaw pain,274667000,0.3618843,0,1,415.21
415.21,Primary pulmonary hypertension,circulatory system,Primary pulmonary hypertension,HV - Hyperventilation,68978004,0.9836956,1,4,415.21
415.21,Primary pulmonary hypertension,circulatory system,Primary pulmonary hypertension,Portopulmonary hypertension,445237003,0.9498927,1,4,415.21
415.21,Primary pulmonary hypertension,circulatory system,Primary pulmonary hypertension,Pulmonary edema,19242006,0.9590149,1,5,415.21
415.21,Primary pulmonary hypertension,circulatory system,Primary pulmonary hypertension,Arterial hypoxaemia,389087006,0.9743674,1,4,415.21
415.21,Primary pulmonary hypertension,circulatory system,Primary pulmonary hypertension,Pericarditis,3238004,0.72136176,1,3,415.21
415.21,Primary pulmonary hypertension,circulatory system,Primary pulmonary hypertension,Lung function tests,23426006,0.95868903,1,5,415.21
420.1,Myocarditis,circulatory system,Myocarditis,Hip fracture,263225007,0.2118445,0,1,420.1
420.1,Myocarditis,circulatory system,Myocarditis,Endemic pneumonia,46970008,0.9779382,1,4,420.1
420.1,Myocarditis,circulatory system,Myocarditis,Anxiety,48694002,0.5654778,0,1,420.1
420.1,Myocarditis,circulatory system,Myocarditis,Bronchiectasis,12295008,0.9042859,1,2,420.1
420.1,Myocarditis,circulatory system,Myocarditis,Noise in ears,60862001,0.5400092,0,1,420.1
420.1,Myocarditis,circulatory system,Myocarditis,Pneumonia,233604007,0.96712893,1,5,420.1
420.1,Myocarditis,circulatory system,Myocarditis,Chill,43724002,0.9396646,1,5,420.1
420.1,Myocarditis,circulatory system,Myocarditis,Croup,71186008,0.6191771,1,2,420.1
420.1,Myocarditis,circulatory system,Myocarditis,AAMD - Age related macular degeneration,267718000,0.5644738,0,1,420.1
420.1,Myocarditis,circulatory system,Myocarditis,Pharyngitis,405737000,0.9631586,1,4,420.1
420.1,Myocarditis,circulatory system,Myocarditis,Crowding of teeth,12351004,-0.6968407,0,3,420.1
420.1,Myocarditis,circulatory system,Myocarditis,GF - Glandular fever,271558008,0.99008995,1,4,420.1
420.1,Myocarditis,circulatory system,Myocarditis,Airway hyperreactivity,195967001,0.9788475,1,1,420.1
420.1,Myocarditis,circulatory system,Myocarditis,Coughing up blood,66857006,0.7249491,1,1,420.1
420.1,Myocarditis,circulatory system,Myocarditis,Inoculation,33879002,0.97876394,1,1,420.1
420.1,Myocarditis,circulatory system,Myocarditis,Bronchitis,32398004,0.9780078,1,3,420.1
420.1,Myocarditis,circulatory system,Myocarditis,Benign lymphogranulomatosis of Schaumann,31541009,0.94881904,1,3,420.1
420.1,Myocarditis,circulatory system,Myocarditis,Cardiomegaly,8186001,0.55219233,0,4,420.1
420.1,Myocarditis,circulatory system,Myocarditis,Disorder due to presence of foreign body,125670008,0.90724874,1,1,420.1
420.1,Myocarditis,circulatory system,Myocarditis,Acute bronchitis,10509002,-0.75558746,1,4,420.1
420.1,Myocarditis,circulatory system,Myocarditis,Abnormal presence of protein in urine,29738008,0.54976165,0,2,420.1
420.1,Myocarditis,circulatory system,Myocarditis,Extracorporeal haemodialysis,302497006,0.616627,0,2,420.1
420.1,Myocarditis,circulatory system,Myocarditis,Raised serum calcium level,166702002,0.6182879,0,1,420.1
420.1,Myocarditis,circulatory system,Myocarditis,Decreased muscle strength,26544005,0.7576005,0,3,420.1
420.1,Myocarditis,circulatory system,Myocarditis,Cough,49727002,0.9381238,1,4,420.1
420.1,Myocarditis,circulatory system,Myocarditis,Endocarditis,56819008,0.9639714,1,4,420.1
420.1,Myocarditis,circulatory system,Myocarditis,Cancer metastatic to liver,94381002,0.72250885,0,1,420.1
420.1,Myocarditis,circulatory system,Myocarditis,Adaptive colitis,10743008,0.7906141,0,1,420.1
420.1,Myocarditis,circulatory system,Myocarditis,Pseudofolliculitis barbae,399205006,-0.7584936,0,1,420.1
420.1,Myocarditis,circulatory system,Myocarditis,Cystic Fibrosis,190905008,0.92712206,1,2,420.1
420.1,Myocarditis,circulatory system,Myocarditis,Centesis,86088003,-0.20098177,0,2,420.1
420.1,Myocarditis,circulatory system,Myocarditis,I and D,56783008,0.82897055,1,1,420.1
420.1,Myocarditis,circulatory system,Myocarditis,RTI - Respiratory tract infection,275498002,0.9612686,1,5,420.1
420.1,Myocarditis,circulatory system,Myocarditis,Palliative care,103735009,0.87356603,0,2,420.1
420.1,Myocarditis,circulatory system,Myocarditis,Histoplasmosis,12962009,0.96684134,1,1,420.1
420.1,Myocarditis,circulatory system,Myocarditis,Hepatomegaly,80515008,0.6023978,0,3,420.1
420.21,Acute pericarditis,circulatory system,Acute pericarditis,AVR - Aortic valve replacement,26212005,-0.6467135,1,5,420.21
420.21,Acute pericarditis,circulatory system,Acute pericarditis,CVD - cardiovascular disease,49601007,0.626271,0,5,420.21
420.21,Acute pericarditis,circulatory system,Acute pericarditis,AI - Aortic incompetence,60234000,0.5801411,1,3,420.21
420.21,Acute pericarditis,circulatory system,Acute pericarditis,FLS - Phantom limb syndrome,193114000,-0.8004017,0,1,420.21
420.21,Acute pericarditis,circulatory system,Acute pericarditis,BE - Bacterial endocarditis,301183007,0.83675635,1,3,420.21
420.21,Acute pericarditis,circulatory system,Acute pericarditis,Neoplasm of kidney,126880001,0.85518366,1,1,420.21
420.21,Acute pericarditis,circulatory system,Acute pericarditis,Tuberculosis of lymph node,10893003,0.096791394,1,2,420.21
420.21,Acute pericarditis,circulatory system,Acute pericarditis,Compression fracture,21947006,-0.75566876,0,1,420.21
420.21,Acute pericarditis,circulatory system,Acute pericarditis,Heart valve replacement,34068001,0.42292145,1,5,420.21
420.21,Acute pericarditis,circulatory system,Acute pericarditis,CCM - Congestive cardiomyopathy,399020009,0.2685445,0,4,420.21
420.21,Acute pericarditis,circulatory system,Acute pericarditis,Dissociative identity disorder,31611000,-0.6170241,0,1,420.21
420.21,Acute pericarditis,circulatory system,Acute pericarditis,Measles,14189004,0.6736404,0,1,420.21
420.21,Acute pericarditis,circulatory system,Acute pericarditis,Musculoskeletal pain,279069000,-0.006138526,0,2,420.21
420.21,Acute pericarditis,circulatory system,Acute pericarditis,Disease of intestine,85919009,0.43267858,0,1,420.21
420.21,Acute pericarditis,circulatory system,Acute pericarditis,COR - Chronic cor pulmonale,79955004,0.63905007,1,2,420.21
420.21,Acute pericarditis,circulatory system,Acute pericarditis,Chest discomfort,279084009,0.37470227,1,5,420.21
420.21,Acute pericarditis,circulatory system,Acute pericarditis,Primary red cell aplasia,50715003,0.76364267,0,1,420.21
420.21,Acute pericarditis,circulatory system,Acute pericarditis,CPDD - Calcium pyrophosphate deposition disease,239832006,0.382635,0,1,420.21
420.21,Acute pericarditis,circulatory system,Acute pericarditis,Pressure in chest,23924001,0.69922125,1,5,420.21
420.21,Acute pericarditis,circulatory system,Acute pericarditis,TEE procedure,105376000,0.31955668,1,4,420.21
420.21,Acute pericarditis,circulatory system,Acute pericarditis,Sick sinus syndrome,36083008,0.46848857,0,3,420.21
420.21,Acute pericarditis,circulatory system,Acute pericarditis,Kidney mass,309088003,0.60167956,1,1,420.21
420.21,Acute pericarditis,circulatory system,Acute pericarditis,Severe intellectual development disorder,40700009,-0.5932622,0,1,420.21
420.21,Acute pericarditis,circulatory system,Acute pericarditis,TI - Tricuspid incompetence,111287006,0.08899646,1,3,420.21
420.21,Acute pericarditis,circulatory system,Acute pericarditis,MI - Mitral incompetence,48724000,0.22781995,1,3,420.21
420.21,Acute pericarditis,circulatory system,Acute pericarditis,PTB - Pulmonary tuberculosis,154283005,0.89826095,1,2,420.21
420.21,Acute pericarditis,circulatory system,Acute pericarditis,Venous stasis,71897006,-0.15175758,0,1,420.21
420.21,Acute pericarditis,circulatory system,Acute pericarditis,Rheumatic mitral stenosis,86466006,-0.43203366,1,3,420.21
420.21,Acute pericarditis,circulatory system,Acute pericarditis,Palsy,44695005,0.2239031,0,1,420.21
420.21,Acute pericarditis,circulatory system,Acute pericarditis,AVM - Cerebral arteriovenous malformation,234142008,-0.5386038,0,1,420.21
420.21,Acute pericarditis,circulatory system,Acute pericarditis,Sclerosing cholangitis,235917005,0.45684046,0,1,420.21
420.21,Acute pericarditis,circulatory system,Acute pericarditis,Nephroblastoma,302849000,0.75554854,1,1,420.21
420.21,Acute pericarditis,circulatory system,Acute pericarditis,Haemangioma,400210000,0.8402961,0,1,420.21
420.21,Acute pericarditis,circulatory system,Acute pericarditis,Systolic dysfunction,371037005,0.32772323,1,3,420.21
420.21,Acute pericarditis,circulatory system,Acute pericarditis,Cold sore,1475003,0.6694865,0,2,420.21
420.22,Chronic pericarditis,circulatory system,Chronic pericarditis,Cluster headache,193031009,0.4324985,0,1,420.22
420.22,Chronic pericarditis,circulatory system,Chronic pericarditis,Perineal pain,225565007,-0.8880006,0,1,420.22
420.22,Chronic pericarditis,circulatory system,Chronic pericarditis,Tonsillitis,90176007,0.9005624,0,1,420.22
420.22,Chronic pericarditis,circulatory system,Chronic pericarditis,TI - Tricuspid incompetence,111287006,0.21977201,1,4,420.22
420.22,Chronic pericarditis,circulatory system,Chronic pericarditis,Kidney mass,309088003,0.6763444,1,1,420.22
420.22,Chronic pericarditis,circulatory system,Chronic pericarditis,AI - Aortic incompetence,60234000,0.65920305,1,4,420.22
420.22,Chronic pericarditis,circulatory system,Chronic pericarditis,FP - Food poisoning,75258004,0.061220087,0,1,420.22
420.22,Chronic pericarditis,circulatory system,Chronic pericarditis,COR - Chronic cor pulmonale,79955004,0.7917057,1,3,420.22
420.22,Chronic pericarditis,circulatory system,Chronic pericarditis,PTB - Pulmonary tuberculosis,154283005,0.9278699,1,1,420.22
420.22,Chronic pericarditis,circulatory system,Chronic pericarditis,OA - Optic atrophy,76976005,-0.4853561,0,1,420.22
420.22,Chronic pericarditis,circulatory system,Chronic pericarditis,Chest discomfort,279084009,0.4460255,1,5,420.22
420.22,Chronic pericarditis,circulatory system,Chronic pericarditis,Buttock pain,279043006,-0.905259,0,1,420.22
420.22,Chronic pericarditis,circulatory system,Chronic pericarditis,Abnormal gait,22325002,-0.8800733,0,1,420.22
420.22,Chronic pericarditis,circulatory system,Chronic pericarditis,Pruritic dermatitis,279333002,0.8664263,0,1,420.22
420.22,Chronic pericarditis,circulatory system,Chronic pericarditis,Rheumatic mitral stenosis,86466006,-0.3342087,1,3,420.22
420.22,Chronic pericarditis,circulatory system,Chronic pericarditis,Nephroblastoma,302849000,0.76297957,1,1,420.22
420.22,Chronic pericarditis,circulatory system,Chronic pericarditis,Clouded consciousness,40917007,0.4593297,0,1,420.22
420.22,Chronic pericarditis,circulatory system,Chronic pericarditis,Xeroderma,52475004,-0.7495833,0,1,420.22
420.22,Chronic pericarditis,circulatory system,Chronic pericarditis,Hypertensive urgency,443482000,0.29568538,0,1,420.22
420.22,Chronic pericarditis,circulatory system,Chronic pericarditis,Central hyperalimentation,225372007,0.6795001,0,1,420.22
420.22,Chronic pericarditis,circulatory system,Chronic pericarditis,Cor pulmonale,83291003,0.7517303,0,2,420.22
420.22,Chronic pericarditis,circulatory system,Chronic pericarditis,Pressure in chest,23924001,0.7503737,1,5,420.22
420.22,Chronic pericarditis,circulatory system,Chronic pericarditis,Chest cold,50417007,-0.68253183,1,1,420.22
420.22,Chronic pericarditis,circulatory system,Chronic pericarditis,Lung function tests,23426006,0.7886295,1,3,420.22
420.22,Chronic pericarditis,circulatory system,Chronic pericarditis,Solitary nodule of lung,427359005,-0.29549763,1,1,420.22
420.22,Chronic pericarditis,circulatory system,Chronic pericarditis,Interstitial lung disease,64667001,0.92216897,1,1,420.22
420.22,Chronic pericarditis,circulatory system,Chronic pericarditis,Iritis,65074000,0.9008156,0,1,420.22
420.22,Chronic pericarditis,circulatory system,Chronic pericarditis,Eating disorder,72366004,0.32864654,0,1,420.22
420.22,Chronic pericarditis,circulatory system,Chronic pericarditis,BE - Bacterial endocarditis,301183007,0.9368044,1,4,420.22
420.22,Chronic pericarditis,circulatory system,Chronic pericarditis,Tuberculosis of lymph node,10893003,0.08574457,1,3,420.22
420.22,Chronic pericarditis,circulatory system,Chronic pericarditis,Neoplasm of kidney,126880001,0.83903635,1,1,420.22
420.3,Endocarditis,circulatory system,Endocarditis,Disorder of eye,371409005,0.22236675,0,1,420.3
420.3,Endocarditis,circulatory system,Endocarditis,Sclerosing cholangitis,235917005,0.82188034,0,1,420.3
420.3,Endocarditis,circulatory system,Endocarditis,PTB - Pulmonary tuberculosis,154283005,0.6895976,0,3,420.3
420.3,Endocarditis,circulatory system,Endocarditis,CCA - Cardiac catheterisation,41976001,0.9623644,1,4,420.3
420.3,Endocarditis,circulatory system,Endocarditis,Chronic liver disease,328383001,0.95539933,0,1,420.3
420.3,Endocarditis,circulatory system,Endocarditis,Dissecting aneurysm of aorta,308546005,-0.56494987,1,1,420.3
420.3,Endocarditis,circulatory system,Endocarditis,Cardiomyopathy,85898001,0.9534812,1,4,420.3
420.3,Endocarditis,circulatory system,Endocarditis,Pulmonary edema,19242006,0.9662732,1,4,420.3
420.3,Endocarditis,circulatory system,Endocarditis,Sick sinus syndrome,36083008,0.9154866,1,5,420.3
420.3,Endocarditis,circulatory system,Endocarditis,Cyanosis,3415004,0.98077095,1,3,420.3
420.3,Endocarditis,circulatory system,Endocarditis,AIDS,62479008,0.78427905,0,1,420.3
420.3,Endocarditis,circulatory system,Endocarditis,Chest discomfort,279084009,0.7711474,1,5,420.3
420.3,Endocarditis,circulatory system,Endocarditis,Burning sensation,90673000,0.41911283,0,1,420.3
420.3,Endocarditis,circulatory system,Endocarditis,Pericarditis,3238004,0.68952227,1,4,420.3
420.3,Endocarditis,circulatory system,Endocarditis,Cor pulmonale,83291003,0.89171606,1,3,420.3
420.3,Endocarditis,circulatory system,Endocarditis,HLTx - Heart lung transplant,32477003,0.94377345,1,3,420.3
420.3,Endocarditis,circulatory system,Endocarditis,Systolic dysfunction,371037005,0.91942513,1,5,420.3
420.3,Endocarditis,circulatory system,Endocarditis,Dizziness - light-headed,386705008,0.9600843,1,4,420.3
420.3,Endocarditis,circulatory system,Endocarditis,Hepatitis,128241005,0.9720305,0,1,420.3
420.3,Endocarditis,circulatory system,Endocarditis,Breathless,267036007,0.9232076,1,5,420.3
420.3,Endocarditis,circulatory system,Endocarditis,Fatigue fracture,23382007,-0.3174162,0,1,420.3
420.3,Endocarditis,circulatory system,Endocarditis,Craniopharyngioma,189179009,-0.79606116,0,1,420.3
420.3,Endocarditis,circulatory system,Endocarditis,Arterial hypoxaemia,389087006,0.94449204,1,1,420.3
420.3,Endocarditis,circulatory system,Endocarditis,Rheumatic mitral stenosis,86466006,-0.26357216,1,5,420.3
420.3,Endocarditis,circulatory system,Endocarditis,LVF - Left ventricular failure,85232009,0.96051466,1,4,420.3
420.3,Endocarditis,circulatory system,Endocarditis,CTx - Cardiac transplant,32413006,0.9828327,1,3,420.3
420.3,Endocarditis,circulatory system,Endocarditis,Pressure in chest,23924001,0.89117044,1,4,420.3
420.3,Endocarditis,circulatory system,Endocarditis,AVR - Aortic valve replacement,26212005,-0.4701277,1,4,420.3
420.3,Endocarditis,circulatory system,Endocarditis,Discharge from back of nose,75803007,-0.07743487,0,1,420.3
420.3,Endocarditis,circulatory system,Endocarditis,Anoxic brain damage,389098007,0.52436215,0,1,420.3
420.3,Endocarditis,circulatory system,Endocarditis,Aphasia,87486003,-0.61471826,0,1,420.3
425.11,Hypertrophic obstructive cardiomyopathy,circulatory system,Hypertrophic obstructive cardiomyopathy,Dissecting aneurysm of aorta,308546005,-0.4619568,1,4,425.11
425.11,Hypertrophic obstructive cardiomyopathy,circulatory system,Hypertrophic obstructive cardiomyopathy,Systolic dysfunction,371037005,0.9612991,1,5,425.11
425.11,Hypertrophic obstructive cardiomyopathy,circulatory system,Hypertrophic obstructive cardiomyopathy,Incontinence,48340000,0.66222674,0,1,425.11
425.11,Hypertrophic obstructive cardiomyopathy,circulatory system,Hypertrophic obstructive cardiomyopathy,Atrial flutter,5370000,0.96133053,1,5,425.11
425.11,Hypertrophic obstructive cardiomyopathy,circulatory system,Hypertrophic obstructive cardiomyopathy,HB - Heart block,233916004,0.968614,1,4,425.11
425.11,Hypertrophic obstructive cardiomyopathy,circulatory system,Hypertrophic obstructive cardiomyopathy,ACS - Acute coronary syndrome,394659003,0.85670507,1,5,425.11
425.11,Hypertrophic obstructive cardiomyopathy,circulatory system,Hypertrophic obstructive cardiomyopathy,Lump on neck,299703001,-0.84618056,0,1,425.11
425.11,Hypertrophic obstructive cardiomyopathy,circulatory system,Hypertrophic obstructive cardiomyopathy,CCF - Congestive cardiac failure,42343007,0.99466,1,5,425.11
425.11,Hypertrophic obstructive cardiomyopathy,circulatory system,Hypertrophic obstructive cardiomyopathy,At risk of CHD,315016007,-0.56652087,1,5,425.11
425.11,Hypertrophic obstructive cardiomyopathy,circulatory system,Hypertrophic obstructive cardiomyopathy,Sick sinus syndrome,36083008,0.9638678,1,3,425.11
425.11,Hypertrophic obstructive cardiomyopathy,circulatory system,Hypertrophic obstructive cardiomyopathy,Obstructive uropathy,7163005,0.76896316,0,1,425.11
425.11,Hypertrophic obstructive cardiomyopathy,circulatory system,Hypertrophic obstructive cardiomyopathy,AI - Aortic incompetence,60234000,0.9583292,1,4,425.11
425.11,Hypertrophic obstructive cardiomyopathy,circulatory system,Hypertrophic obstructive cardiomyopathy,Bradycardia,48867003,0.9651835,1,4,425.11
425.11,Hypertrophic obstructive cardiomyopathy,circulatory system,Hypertrophic obstructive cardiomyopathy,Cardiac arrest - ventricular fibrillation,71908006,0.96165645,1,5,425.11
425.11,Hypertrophic obstructive cardiomyopathy,circulatory system,Hypertrophic obstructive cardiomyopathy,Functional dyspepsia,3696007,0.67029715,0,1,425.11
425.11,Hypertrophic obstructive cardiomyopathy,circulatory system,Hypertrophic obstructive cardiomyopathy,Mobitz type 2 second degree atrioventricular block,28189009,0.04561254,1,3,425.11
425.11,Hypertrophic obstructive cardiomyopathy,circulatory system,Hypertrophic obstructive cardiomyopathy,Cardiac disorder,56265001,0.9673834,1,5,425.11
425.11,Hypertrophic obstructive cardiomyopathy,circulatory system,Hypertrophic obstructive cardiomyopathy,Birth control,13197004,0.6614921,0,1,425.11
425.11,Hypertrophic obstructive cardiomyopathy,circulatory system,Hypertrophic obstructive cardiomyopathy,Croaky voice,50219008,0.5146856,0,1,425.11
425.11,Hypertrophic obstructive cardiomyopathy,circulatory system,Hypertrophic obstructive cardiomyopathy,Coronary artery spasm,23687008,0.91492784,1,3,425.11
425.11,Hypertrophic obstructive cardiomyopathy,circulatory system,Hypertrophic obstructive cardiomyopathy,Cardiac ischemia,414795007,0.9768064,1,5,425.11
425.11,Hypertrophic obstructive cardiomyopathy,circulatory system,Hypertrophic obstructive cardiomyopathy,LD - Lattice degeneration,3577000,0.0927381,0,1,425.11
425.11,Hypertrophic obstructive cardiomyopathy,circulatory system,Hypertrophic obstructive cardiomyopathy,AP - Angina pectoris,194828000,0.96104324,1,5,425.11
425.11,Hypertrophic obstructive cardiomyopathy,circulatory system,Hypertrophic obstructive cardiomyopathy,Measles,14189004,0.254844,0,1,425.11
425.11,Hypertrophic obstructive cardiomyopathy,circulatory system,Hypertrophic obstructive cardiomyopathy,"Dermatosis, NOS",80659006,0.3316372,0,1,425.11
425.11,Hypertrophic obstructive cardiomyopathy,circulatory system,Hypertrophic obstructive cardiomyopathy,Neuralgia-neuritis of sciatic nerve,23056005,-0.31815946,0,1,425.11
425.11,Hypertrophic obstructive cardiomyopathy,circulatory system,Hypertrophic obstructive cardiomyopathy,Heart rate fast,3424008,0.9862013,1,5,425.11
425.11,Hypertrophic obstructive cardiomyopathy,circulatory system,Hypertrophic obstructive cardiomyopathy,Deafness,15188001,0.31620243,0,1,425.11
425.11,Hypertrophic obstructive cardiomyopathy,circulatory system,Hypertrophic obstructive cardiomyopathy,OLP - Oral lichen planus,235049008,-0.5230862,0,1,425.11
425.11,Hypertrophic obstructive cardiomyopathy,circulatory system,Hypertrophic obstructive cardiomyopathy,SVT - Supraventricular tachycardia,6456007,0.955969,1,5,425.11
425.11,Hypertrophic obstructive cardiomyopathy,circulatory system,Hypertrophic obstructive cardiomyopathy,Flooding during periods,386692008,0.6204796,0,1,425.11
425.11,Hypertrophic obstructive cardiomyopathy,circulatory system,Hypertrophic obstructive cardiomyopathy,Anterior basement membrane dystrophy,373426005,-0.62071455,0,1,425.11
425.11,Hypertrophic obstructive cardiomyopathy,circulatory system,Hypertrophic obstructive cardiomyopathy,Foot pain,47933007,0.39864314,0,1,425.11
428.1,Congestive heart failure (CHF) NOS,circulatory system,Congestive heart failure (CHF) NOS,Cardiac ischemia,414795007,0.9809921,1,4,428.1
428.1,Congestive heart failure (CHF) NOS,circulatory system,Congestive heart failure (CHF) NOS,Fracture of skull,71642004,0.25171477,0,1,428.1
428.1,Congestive heart failure (CHF) NOS,circulatory system,Congestive heart failure (CHF) NOS,HV - Hyperventilation,68978004,0.8899412,0,4,428.1
428.1,Congestive heart failure (CHF) NOS,circulatory system,Congestive heart failure (CHF) NOS,Rickets,41345002,0.6986656,0,1,428.1
428.1,Congestive heart failure (CHF) NOS,circulatory system,Congestive heart failure (CHF) NOS,AF - Atrial fibrillation,49436004,0.97626436,1,4,428.1
428.1,Congestive heart failure (CHF) NOS,circulatory system,Congestive heart failure (CHF) NOS,IOL - Ins intraocular lens,69724002,0.5425298,0,1,428.1
428.1,Congestive heart failure (CHF) NOS,circulatory system,Congestive heart failure (CHF) NOS,Traumatic brain injury,127295002,0.46515608,0,1,428.1
428.1,Congestive heart failure (CHF) NOS,circulatory system,Congestive heart failure (CHF) NOS,CCA - Cardiac catheterisation,41976001,0.992087,1,4,428.1
428.1,Congestive heart failure (CHF) NOS,circulatory system,Congestive heart failure (CHF) NOS,Dissecting aneurysm of aorta,308546005,-0.500394,1,4,428.1
428.1,Congestive heart failure (CHF) NOS,circulatory system,Congestive heart failure (CHF) NOS,Vulvovaginitis,53277000,0.3173664,0,1,428.1
428.1,Congestive heart failure (CHF) NOS,circulatory system,Congestive heart failure (CHF) NOS,At risk of CHD,315016007,-0.60242766,1,5,428.1
428.1,Congestive heart failure (CHF) NOS,circulatory system,Congestive heart failure (CHF) NOS,Constrictive cardiomyopathy,415295002,0.029454317,1,4,428.1
428.1,Congestive heart failure (CHF) NOS,circulatory system,Congestive heart failure (CHF) NOS,Anisometropia,3289004,0.05595498,0,1,428.1
428.1,Congestive heart failure (CHF) NOS,circulatory system,Congestive heart failure (CHF) NOS,Hypoglycaemia unawareness,170766006,0.8523049,0,1,428.1
428.1,Congestive heart failure (CHF) NOS,circulatory system,Congestive heart failure (CHF) NOS,AP - Acute pancreatitis,197456007,0.7105572,0,1,428.1
428.1,Congestive heart failure (CHF) NOS,circulatory system,Congestive heart failure (CHF) NOS,Orbital cellulitis,194005002,-0.26419508,0,1,428.1
428.1,Congestive heart failure (CHF) NOS,circulatory system,Congestive heart failure (CHF) NOS,Heart rate fast,3424008,0.9813035,1,4,428.1
428.1,Congestive heart failure (CHF) NOS,circulatory system,Congestive heart failure (CHF) NOS,ACS - Acute coronary syndrome,394659003,0.8505291,1,4,428.1
428.1,Congestive heart failure (CHF) NOS,circulatory system,Congestive heart failure (CHF) NOS,Pyelonephritis,45816000,0.5159975,0,1,428.1
428.1,Congestive heart failure (CHF) NOS,circulatory system,Congestive heart failure (CHF) NOS,Sick sinus syndrome,36083008,0.9650202,1,3,428.1
428.1,Congestive heart failure (CHF) NOS,circulatory system,Congestive heart failure (CHF) NOS,Chicken pox,38907003,0.31380376,0,1,428.1
428.1,Congestive heart failure (CHF) NOS,circulatory system,Congestive heart failure (CHF) NOS,AP - Angina pectoris,194828000,0.9756246,1,4,428.1
428.1,Congestive heart failure (CHF) NOS,circulatory system,Congestive heart failure (CHF) NOS,Abdomen distended,60728008,0.65993226,0,3,428.1
428.1,Congestive heart failure (CHF) NOS,circulatory system,Congestive heart failure (CHF) NOS,Arterial hypotension,45007003,0.8974128,1,5,428.1
428.1,Congestive heart failure (CHF) NOS,circulatory system,Congestive heart failure (CHF) NOS,TEE procedure,105376000,0.8792794,1,3,428.1
428.1,Congestive heart failure (CHF) NOS,circulatory system,Congestive heart failure (CHF) NOS,Coronary artery spasm,23687008,0.93073726,1,4,428.1
428.1,Congestive heart failure (CHF) NOS,circulatory system,Congestive heart failure (CHF) NOS,Acquired pharyngo-oesophageal diverticulum,399291005,-0.7086768,0,1,428.1
428.1,Congestive heart failure (CHF) NOS,circulatory system,Congestive heart failure (CHF) NOS,AI - Aortic incompetence,60234000,0.9586166,1,5,428.1
428.1,Congestive heart failure (CHF) NOS,circulatory system,Congestive heart failure (CHF) NOS,HCM - Hypertrophic cardiomyopathy,233873004,0.8858703,1,4,428.1
428.3,Heart failure with reduced EF [Systolic or combined heart failure],circulatory system,Heart failure with reduced EF [Systolic or combined heart failure],Peripheral arterial disease,399957001,0.19628483,0,4,428.3
428.3,Heart failure with reduced EF [Systolic or combined heart failure],circulatory system,Heart failure with reduced EF [Systolic or combined heart failure],AVR - Aortic valve replacement,26212005,0.58502483,1,4,428.3
428.3,Heart failure with reduced EF [Systolic or combined heart failure],circulatory system,Heart failure with reduced EF [Systolic or combined heart failure],Ebstein anomaly of tricuspid valve,204357006,0.88944554,1,3,428.3
428.3,Heart failure with reduced EF [Systolic or combined heart failure],circulatory system,Heart failure with reduced EF [Systolic or combined heart failure],TEE procedure,105376000,0.5655179,1,3,428.3
428.3,Heart failure with reduced EF [Systolic or combined heart failure],circulatory system,Heart failure with reduced EF [Systolic or combined heart failure],Cardiac US scan,40701008,0.11275615,1,5,428.3
428.3,Heart failure with reduced EF [Systolic or combined heart failure],circulatory system,Heart failure with reduced EF [Systolic or combined heart failure],Cholesterol measurement,77068002,0.022654196,0,4,428.3
428.3,Heart failure with reduced EF [Systolic or combined heart failure],circulatory system,Heart failure with reduced EF [Systolic or combined heart failure],Enlarged glands,30746006,-0.46672845,0,1,428.3
428.3,Heart failure with reduced EF [Systolic or combined heart failure],circulatory system,Heart failure with reduced EF [Systolic or combined heart failure],Cardiac murmur,88610006,0.42456856,1,4,428.3
428.3,Heart failure with reduced EF [Systolic or combined heart failure],circulatory system,Heart failure with reduced EF [Systolic or combined heart failure],Cardiac failure,84114007,0.087418176,1,5,428.3
428.3,Heart failure with reduced EF [Systolic or combined heart failure],circulatory system,Heart failure with reduced EF [Systolic or combined heart failure],Disorder of heart valve,368009,0.35505658,1,4,428.3
428.3,Heart failure with reduced EF [Systolic or combined heart failure],circulatory system,Heart failure with reduced EF [Systolic or combined heart failure],Cardiomyopathy,85898001,0.39329624,1,5,428.3
428.3,Heart failure with reduced EF [Systolic or combined heart failure],circulatory system,Heart failure with reduced EF [Systolic or combined heart failure],Congenital atresia of pulmonary valve,204342004,0.9019998,1,5,428.3
428.3,Heart failure with reduced EF [Systolic or combined heart failure],circulatory system,Heart failure with reduced EF [Systolic or combined heart failure],AS - Aortic stenosis,60573004,0.7719853,1,4,428.3
428.3,Heart failure with reduced EF [Systolic or combined heart failure],circulatory system,Heart failure with reduced EF [Systolic or combined heart failure],Dizziness,404640003,-0.5755146,0,1,428.3
428.3,Heart failure with reduced EF [Systolic or combined heart failure],circulatory system,Heart failure with reduced EF [Systolic or combined heart failure],CCF - Congestive cardiac failure,42343007,0.28107277,1,2,428.3
428.3,Heart failure with reduced EF [Systolic or combined heart failure],circulatory system,Heart failure with reduced EF [Systolic or combined heart failure],Atheromatosis,38716007,0.09219423,0,1,428.3
428.3,Heart failure with reduced EF [Systolic or combined heart failure],circulatory system,Heart failure with reduced EF [Systolic or combined heart failure],Disease of kidney,90708001,0.1252481,0,1,428.3
428.3,Heart failure with reduced EF [Systolic or combined heart failure],circulatory system,Heart failure with reduced EF [Systolic or combined heart failure],ACS - Acute coronary syndrome,394659003,0.53297615,0,4,428.3
428.3,Heart failure with reduced EF [Systolic or combined heart failure],circulatory system,Heart failure with reduced EF [Systolic or combined heart failure],Boil,416675009,-0.66562414,0,1,428.3
428.3,Heart failure with reduced EF [Systolic or combined heart failure],circulatory system,Heart failure with reduced EF [Systolic or combined heart failure],AI - Aortic incompetence,60234000,0.4468606,1,4,428.3
428.3,Heart failure with reduced EF [Systolic or combined heart failure],circulatory system,Heart failure with reduced EF [Systolic or combined heart failure],Necrotising cellulitis,52486002,-0.58792055,0,1,428.3
428.3,Heart failure with reduced EF [Systolic or combined heart failure],circulatory system,Heart failure with reduced EF [Systolic or combined heart failure],Age-related hearing loss,49526009,-0.087644964,0,1,428.3
428.3,Heart failure with reduced EF [Systolic or combined heart failure],circulatory system,Heart failure with reduced EF [Systolic or combined heart failure],Hyperthyroidism,34486009,-0.23466755,0,1,428.3
428.3,Heart failure with reduced EF [Systolic or combined heart failure],circulatory system,Heart failure with reduced EF [Systolic or combined heart failure],Inflammation of mouth,61170000,-0.36995807,0,1,428.3
428.3,Heart failure with reduced EF [Systolic or combined heart failure],circulatory system,Heart failure with reduced EF [Systolic or combined heart failure],CHB - Complete heart block,27885002,0.7176021,1,1,428.3
428.3,Heart failure with reduced EF [Systolic or combined heart failure],circulatory system,Heart failure with reduced EF [Systolic or combined heart failure],LVF - Left ventricular failure,85232009,0.5135724,1,5,428.3
428.3,Heart failure with reduced EF [Systolic or combined heart failure],circulatory system,Heart failure with reduced EF [Systolic or combined heart failure],CTx - Cardiac transplant,32413006,0.39494663,1,5,428.3
428.3,Heart failure with reduced EF [Systolic or combined heart failure],circulatory system,Heart failure with reduced EF [Systolic or combined heart failure],Chorioamnionitis,11612004,-0.13197559,0,1,428.3
428.3,Heart failure with reduced EF [Systolic or combined heart failure],circulatory system,Heart failure with reduced EF [Systolic or combined heart failure],Chronic nonsuppurative destructive cholangitis,1761006,0.3232443,0,1,428.3
428.3,Heart failure with reduced EF [Systolic or combined heart failure],circulatory system,Heart failure with reduced EF [Systolic or combined heart failure],Aplastic anaemia,306058006,-0.16013843,0,1,428.3
428.3,Heart failure with reduced EF [Systolic or combined heart failure],circulatory system,Heart failure with reduced EF [Systolic or combined heart failure],Chill,43724002,-0.4876474,0,1,428.3
428.3,Heart failure with reduced EF [Systolic or combined heart failure],circulatory system,Heart failure with reduced EF [Systolic or combined heart failure],Systolic dysfunction,371037005,0.5958593,1,5,428.3
428.3,Heart failure with reduced EF [Systolic or combined heart failure],circulatory system,Heart failure with reduced EF [Systolic or combined heart failure],Blepharospasm,59026006,-0.2938528,0,1,428.3
428.3,Heart failure with reduced EF [Systolic or combined heart failure],circulatory system,Heart failure with reduced EF [Systolic or combined heart failure],Insomnia,193462001,-0.15996124,0,1,428.3
428.3,Heart failure with reduced EF [Systolic or combined heart failure],circulatory system,Heart failure with reduced EF [Systolic or combined heart failure],CHD - Congenital heart disease,13213009,0.17189041,1,4,428.3
428.3,Heart failure with reduced EF [Systolic or combined heart failure],circulatory system,Heart failure with reduced EF [Systolic or combined heart failure],Congenital funnel chest,391982004,0.15955558,0,4,428.3
428.3,Heart failure with reduced EF [Systolic or combined heart failure],circulatory system,Heart failure with reduced EF [Systolic or combined heart failure],CCA - Cardiac catheterisation,41976001,0.38757107,1,4,428.3
428.4,Heart failure with preserved EF [Diastolic heart failure],circulatory system,Heart failure with preserved EF [Diastolic heart failure],Pruritic dermatitis,279333002,-0.7259216,0,1,428.4
428.4,Heart failure with preserved EF [Diastolic heart failure],circulatory system,Heart failure with preserved EF [Diastolic heart failure],Apnea,1023001,-0.3612042,0,5,428.4
428.4,Heart failure with preserved EF [Diastolic heart failure],circulatory system,Heart failure with preserved EF [Diastolic heart failure],Cardiac murmur,88610006,0.12193168,1,5,428.4
428.4,Heart failure with preserved EF [Diastolic heart failure],circulatory system,Heart failure with preserved EF [Diastolic heart failure],Debility,13791008,-0.644263,0,1,428.4
428.4,Heart failure with preserved EF [Diastolic heart failure],circulatory system,Heart failure with preserved EF [Diastolic heart failure],Congenital atresia of pulmonary valve,204342004,0.8315924,1,3,428.4
428.4,Heart failure with preserved EF [Diastolic heart failure],circulatory system,Heart failure with preserved EF [Diastolic heart failure],Systolic dysfunction,371037005,0.31706187,1,3,428.4
428.4,Heart failure with preserved EF [Diastolic heart failure],circulatory system,Heart failure with preserved EF [Diastolic heart failure],Bile stasis,33688009,0.075893916,0,1,428.4
428.4,Heart failure with preserved EF [Diastolic heart failure],circulatory system,Heart failure with preserved EF [Diastolic heart failure],CD - Conductive deafness,44057004,0.025637997,0,1,428.4
428.4,Heart failure with preserved EF [Diastolic heart failure],circulatory system,Heart failure with preserved EF [Diastolic heart failure],LVF - Left ventricular failure,85232009,0.22942354,1,5,428.4
428.4,Heart failure with preserved EF [Diastolic heart failure],circulatory system,Heart failure with preserved EF [Diastolic heart failure],Aching muscles,68962001,-0.78506196,0,3,428.4
428.4,Heart failure with preserved EF [Diastolic heart failure],circulatory system,Heart failure with preserved EF [Diastolic heart failure],Cardiomyopathy,85898001,0.08970727,1,5,428.4
428.4,Heart failure with preserved EF [Diastolic heart failure],circulatory system,Heart failure with preserved EF [Diastolic heart failure],CHB - Complete heart block,27885002,0.4731294,1,3,428.4
428.4,Heart failure with preserved EF [Diastolic heart failure],circulatory system,Heart failure with preserved EF [Diastolic heart failure],CTx - Cardiac transplant,32413006,0.09248319,1,5,428.4
428.4,Heart failure with preserved EF [Diastolic heart failure],circulatory system,Heart failure with preserved EF [Diastolic heart failure],Cardiac US scan,40701008,-0.19730423,1,5,428.4
428.4,Heart failure with preserved EF [Diastolic heart failure],circulatory system,Heart failure with preserved EF [Diastolic heart failure],Coughing up blood,66857006,-0.25945568,0,1,428.4
428.4,Heart failure with preserved EF [Diastolic heart failure],circulatory system,Heart failure with preserved EF [Diastolic heart failure],CCA - Cardiac catheterisation,41976001,0.08038951,1,4,428.4
428.4,Heart failure with preserved EF [Diastolic heart failure],circulatory system,Heart failure with preserved EF [Diastolic heart failure],AS - Aortic stenosis,60573004,0.55230343,1,3,428.4
428.4,Heart failure with preserved EF [Diastolic heart failure],circulatory system,Heart failure with preserved EF [Diastolic heart failure],TEE procedure,105376000,0.29933718,1,5,428.4
428.4,Heart failure with preserved EF [Diastolic heart failure],circulatory system,Heart failure with preserved EF [Diastolic heart failure],CD - Celiac disease,396331005,-0.34382644,0,1,428.4
428.4,Heart failure with preserved EF [Diastolic heart failure],circulatory system,Heart failure with preserved EF [Diastolic heart failure],AC - Amniocentesis,34536000,-0.041986436,0,1,428.4
428.4,Heart failure with preserved EF [Diastolic heart failure],circulatory system,Heart failure with preserved EF [Diastolic heart failure],Cardiac failure,84114007,-0.21964467,1,5,428.4
428.4,Heart failure with preserved EF [Diastolic heart failure],circulatory system,Heart failure with preserved EF [Diastolic heart failure],Impingement syndrome of shoulder,239960007,0.38061094,0,1,428.4
428.4,Heart failure with preserved EF [Diastolic heart failure],circulatory system,Heart failure with preserved EF [Diastolic heart failure],Ebstein anomaly of tricuspid valve,204357006,0.7270721,1,3,428.4
428.4,Heart failure with preserved EF [Diastolic heart failure],circulatory system,Heart failure with preserved EF [Diastolic heart failure],AVR - Aortic valve replacement,26212005,0.748778,1,5,428.4
428.4,Heart failure with preserved EF [Diastolic heart failure],circulatory system,Heart failure with preserved EF [Diastolic heart failure],AI - Aortic incompetence,60234000,0.16795024,1,5,428.4
428.4,Heart failure with preserved EF [Diastolic heart failure],circulatory system,Heart failure with preserved EF [Diastolic heart failure],Disorder of heart valve,368009,0.053092346,1,5,428.4
428.4,Heart failure with preserved EF [Diastolic heart failure],circulatory system,Heart failure with preserved EF [Diastolic heart failure],"Malignant lymphoma, non-Hodgkin's type",118601006,-0.37956104,0,1,428.4
428.4,Heart failure with preserved EF [Diastolic heart failure],circulatory system,Heart failure with preserved EF [Diastolic heart failure],Colonic ischaemia,30588004,0.92504126,0,1,428.4
428.4,Heart failure with preserved EF [Diastolic heart failure],circulatory system,Heart failure with preserved EF [Diastolic heart failure],HLTx - Heart lung transplant,32477003,-0.045630284,1,5,428.4
428.4,Heart failure with preserved EF [Diastolic heart failure],circulatory system,Heart failure with preserved EF [Diastolic heart failure],Bacteraemia,5758002,-0.56931835,0,3,428.4
428.4,Heart failure with preserved EF [Diastolic heart failure],circulatory system,Heart failure with preserved EF [Diastolic heart failure],CHD - Congenital heart disease,13213009,-0.13616088,1,4,428.4
433.12,Cerebral atherosclerosis,circulatory system,Cerebral atherosclerosis,Localised amyloidosis,56871000,0.869963,1,2,433.12
433.12,Cerebral atherosclerosis,circulatory system,Cerebral atherosclerosis,Rest tremor,25082004,0.71303123,1,2,433.12
433.12,Cerebral atherosclerosis,circulatory system,Cerebral atherosclerosis,Contusion of thigh,84416003,0.83509594,1,1,433.12
433.12,Cerebral atherosclerosis,circulatory system,Cerebral atherosclerosis,ARAS - Atherosclerotic renal artery stenosis,302910002,0.8667031,1,3,433.12
433.12,Cerebral atherosclerosis,circulatory system,Cerebral atherosclerosis,LUTS - Lower urinary tract symptoms,307541003,-0.17655905,0,1,433.12
433.12,Cerebral atherosclerosis,circulatory system,Cerebral atherosclerosis,Thryroglossal duct cyst,39462005,-0.8301003,0,1,433.12
433.12,Cerebral atherosclerosis,circulatory system,Cerebral atherosclerosis,Carcinoma of bladder,255108000,0.93109727,0,1,433.12
433.12,Cerebral atherosclerosis,circulatory system,Cerebral atherosclerosis,Planned pregnancy,169565003,0.8154364,1,1,433.12
433.12,Cerebral atherosclerosis,circulatory system,Cerebral atherosclerosis,Secondary Parkinson disease,230292008,-0.589764,1,3,433.12
433.12,Cerebral atherosclerosis,circulatory system,Cerebral atherosclerosis,"Death in family, NOS",398033008,0.92793137,1,1,433.12
433.12,Cerebral atherosclerosis,circulatory system,Cerebral atherosclerosis,Postoperative pain,213299007,-0.9259747,1,1,433.12
433.12,Cerebral atherosclerosis,circulatory system,Cerebral atherosclerosis,Injuries of penis,110015006,0.9185492,0,1,433.12
433.12,Cerebral atherosclerosis,circulatory system,Cerebral atherosclerosis,Esophageal reflux with esophagitis,266433003,-0.71817505,0,1,433.12
433.12,Cerebral atherosclerosis,circulatory system,Cerebral atherosclerosis,Postsurgical menopause,371036001,0.94965327,0,1,433.12
433.12,Cerebral atherosclerosis,circulatory system,Cerebral atherosclerosis,Acquired hypogammaglobulinaemia,23238000,-0.4794802,0,1,433.12
433.12,Cerebral atherosclerosis,circulatory system,Cerebral atherosclerosis,Muscle tear,262966007,0.8846078,0,1,433.12
433.12,Cerebral atherosclerosis,circulatory system,Cerebral atherosclerosis,Breathlessness on exertion,60845006,0.89573365,0,2,433.12
433.12,Cerebral atherosclerosis,circulatory system,Cerebral atherosclerosis,Abdominal aortic aneurysm without rupture,75878002,0.8689846,1,1,433.12
433.12,Cerebral atherosclerosis,circulatory system,Cerebral atherosclerosis,Repair of aneurysm of abdominal aorta,405525004,0.87242776,1,1,433.12
433.12,Cerebral atherosclerosis,circulatory system,Cerebral atherosclerosis,Aneurysm of popliteal artery,48273005,0.8980187,1,1,433.12
433.12,Cerebral atherosclerosis,circulatory system,Cerebral atherosclerosis,ABC - Aneurysmal bone cyst,203468000,-0.08385088,0,1,433.12
433.12,Cerebral atherosclerosis,circulatory system,Cerebral atherosclerosis,Nicotine dependence,56294008,0.33957094,1,1,433.12
433.12,Cerebral atherosclerosis,circulatory system,Cerebral atherosclerosis,Polyp in nasopharynx,373610002,0.89578164,0,1,433.12
433.12,Cerebral atherosclerosis,circulatory system,Cerebral atherosclerosis,CA - Secondary cancer,128462008,0.9614097,0,1,433.12
433.12,Cerebral atherosclerosis,circulatory system,Cerebral atherosclerosis,Cortical basal ganglionic degeneration,18842008,0.89819217,1,3,433.12
433.12,Cerebral atherosclerosis,circulatory system,Cerebral atherosclerosis,Poor short-term memory,247592009,0.78925514,1,3,433.12
433.12,Cerebral atherosclerosis,circulatory system,Cerebral atherosclerosis,Rupture achilles tendon,429513001,0.35158408,0,1,433.12
433.12,Cerebral atherosclerosis,circulatory system,Cerebral atherosclerosis,Metatarsalgia,10085004,0.24307698,0,1,433.12
433.12,Cerebral atherosclerosis,circulatory system,Cerebral atherosclerosis,Congenital absence of umbilical artery,204470001,0.9156203,0,1,433.12
433.12,Cerebral atherosclerosis,circulatory system,Cerebral atherosclerosis,Lymphatic edema,234097001,0.84028137,0,1,433.12
433.12,Cerebral atherosclerosis,circulatory system,Cerebral atherosclerosis,Drug poisoning,7895008,-0.81083477,1,1,433.12
433.12,Cerebral atherosclerosis,circulatory system,Cerebral atherosclerosis,Numbness of foot,309538000,0.91475296,1,3,433.12
433.12,Cerebral atherosclerosis,circulatory system,Cerebral atherosclerosis,Creation of gastrostomy,54956002,0.91612285,1,1,433.12
433.31,Transient cerebral ischemia,circulatory system,Transient cerebral ischemia,AP - Angina pectoris,194828000,0.90551144,1,2,433.31
433.31,Transient cerebral ischemia,circulatory system,Transient cerebral ischemia,Focal epilepsy,29753000,0.79001373,0,4,433.31
433.31,Transient cerebral ischemia,circulatory system,Transient cerebral ischemia,Benign retention cyst,79883001,-0.70258725,0,1,433.31
433.31,Transient cerebral ischemia,circulatory system,Transient cerebral ischemia,Ischaemia,52674009,0.90845084,1,4,433.31
433.31,Transient cerebral ischemia,circulatory system,Transient cerebral ischemia,Cartilaginous exostosis,52299001,-0.76931226,0,1,433.31
433.31,Transient cerebral ischemia,circulatory system,Transient cerebral ischemia,Supernumerary teeth,367534004,-0.80654633,0,1,433.31
433.31,Transient cerebral ischemia,circulatory system,Transient cerebral ischemia,Bad memory,386807006,0.6472503,0,2,433.31
433.31,Transient cerebral ischemia,circulatory system,Transient cerebral ischemia,Coronary artery spasm,23687008,0.9559101,1,2,433.31
433.31,Transient cerebral ischemia,circulatory system,Transient cerebral ischemia,ASHD - Atherosclerotic heart disease,53741008,0.9610187,1,2,433.31
433.31,Transient cerebral ischemia,circulatory system,Transient cerebral ischemia,AHG deficiency disease,28293008,0.7500385,0,3,433.31
433.31,Transient cerebral ischemia,circulatory system,Transient cerebral ischemia,Dyspepsia,162031009,0.38592088,0,1,433.31
433.31,Transient cerebral ischemia,circulatory system,Transient cerebral ischemia,Aneurysm,432119003,0.92057,1,4,433.31
433.31,Transient cerebral ischemia,circulatory system,Transient cerebral ischemia,Peripheral arterial disease,399957001,0.98199075,1,4,433.31
433.31,Transient cerebral ischemia,circulatory system,Transient cerebral ischemia,RAS - Renal artery stenosis,302233006,0.48959735,1,2,433.31
433.31,Transient cerebral ischemia,circulatory system,Transient cerebral ischemia,Heart rate fast,3424008,0.91457075,1,2,433.31
433.31,Transient cerebral ischemia,circulatory system,Transient cerebral ischemia,Cardiac ischemia,414795007,0.9367575,1,2,433.31
433.31,Transient cerebral ischemia,circulatory system,Transient cerebral ischemia,Seborrheic wart,50563003,0.36003667,0,1,433.31
433.31,Transient cerebral ischemia,circulatory system,Transient cerebral ischemia,Pleurisy,196075003,0.25632992,0,1,433.31
433.31,Transient cerebral ischemia,circulatory system,Transient cerebral ischemia,DKA - diabetic ketoacidosis,420422005,0.97111833,0,1,433.31
433.31,Transient cerebral ischemia,circulatory system,Transient cerebral ischemia,Angiospasm,71772004,0.9741107,1,4,433.31
433.31,Transient cerebral ischemia,circulatory system,Transient cerebral ischemia,Renal tubular acidosis,1776003,0.6083312,0,1,433.31
433.31,Transient cerebral ischemia,circulatory system,Transient cerebral ischemia,AAA - Abdominal aortic aneurysm,233985008,0.9070211,1,1,433.31
433.31,Transient cerebral ischemia,circulatory system,Transient cerebral ischemia,Procidentia of rectum,57773001,-0.31117693,0,1,433.31
433.31,Transient cerebral ischemia,circulatory system,Transient cerebral ischemia,Cholesterol measurement,77068002,0.97536385,1,1,433.31
433.31,Transient cerebral ischemia,circulatory system,Transient cerebral ischemia,Retinal detachment due to full thickness retinal tear,19620000,0.5126357,0,1,433.31
433.31,Transient cerebral ischemia,circulatory system,Transient cerebral ischemia,Arterial occlusion,2929001,0.924351,1,4,433.31
433.31,Transient cerebral ischemia,circulatory system,Transient cerebral ischemia,Dysmetabolic syndrome X,237602007,0.89142174,1,1,433.31
433.31,Transient cerebral ischemia,circulatory system,Transient cerebral ischemia,Acquired aortoarteritis,359789008,0.81003284,0,1,433.31
433.31,Transient cerebral ischemia,circulatory system,Transient cerebral ischemia,Absence of bladder continence,165232002,0.6332918,0,1,433.31
433.31,Transient cerebral ischemia,circulatory system,Transient cerebral ischemia,Abrasion of skin,37236007,-0.88413733,0,1,433.31
433.31,Transient cerebral ischemia,circulatory system,Transient cerebral ischemia,At risk of CHD,315016007,-0.5294581,1,2,433.31
433.31,Transient cerebral ischemia,circulatory system,Transient cerebral ischemia,Cardiac infarction,22298006,0.9233809,1,2,433.31
433.31,Transient cerebral ischemia,circulatory system,Transient cerebral ischemia,CVD - cardiovascular disease,49601007,0.96587896,1,2,433.31
433.32,Moyamoya disease,circulatory system,Moyamoya disease,LP - Lumbar puncture,277762005,0.7953395,1,3,433.32
433.32,Moyamoya disease,circulatory system,Moyamoya disease,Iridocyclitis,77971008,0.80101395,0,1,433.32
433.32,Moyamoya disease,circulatory system,Moyamoya disease,Naevus flammeus,416377005,0.79399395,0,1,433.32
433.32,Moyamoya disease,circulatory system,Moyamoya disease,Cobalamin deficiency,190634004,0.5578671,0,1,433.32
433.32,Moyamoya disease,circulatory system,Moyamoya disease,IC - Interstitial cystitis,197834003,0.37450188,0,1,433.32
433.32,Moyamoya disease,circulatory system,Moyamoya disease,Mitochondrial myopathy,16851005,0.8592572,1,1,433.32
433.32,Moyamoya disease,circulatory system,Moyamoya disease,Bruit,70466008,0.94674146,1,1,433.32
433.32,Moyamoya disease,circulatory system,Moyamoya disease,Endometriosis,129103003,0.45726618,0,1,433.32
433.32,Moyamoya disease,circulatory system,Moyamoya disease,AC - Amniocentesis,34536000,0.6261151,0,1,433.32
433.32,Moyamoya disease,circulatory system,Moyamoya disease,Cerebral aneurysm,128609009,0.84980494,1,5,433.32
433.32,Moyamoya disease,circulatory system,Moyamoya disease,"Brain damage, NOS",81308009,0.93947405,1,5,433.32
433.32,Moyamoya disease,circulatory system,Moyamoya disease,SAH - Subarachnoid haemorrhage,21454007,0.9462341,1,4,433.32
433.32,Moyamoya disease,circulatory system,Moyamoya disease,Anisocoria,13045009,0.79473925,1,3,433.32
433.32,Moyamoya disease,circulatory system,Moyamoya disease,Sinusitis,36971009,0.40728804,0,1,433.32
433.32,Moyamoya disease,circulatory system,Moyamoya disease,Ammonia dermatitis,91487003,-0.17049426,0,1,433.32
433.32,Moyamoya disease,circulatory system,Moyamoya disease,Intracranial haemorrhage,1386000,0.099760525,1,5,433.32
433.32,Moyamoya disease,circulatory system,Moyamoya disease,Bronchiectasis,12295008,0.30056977,0,1,433.32
433.32,Moyamoya disease,circulatory system,Moyamoya disease,Arteriovenous fistula,439470001,0.87119687,1,1,433.32
433.32,Moyamoya disease,circulatory system,Moyamoya disease,AVM - Cerebral arteriovenous malformation,234142008,0.0921746,1,5,433.32
433.32,Moyamoya disease,circulatory system,Moyamoya disease,Excessive liquor,86203003,-0.35589203,0,1,433.32
433.32,Moyamoya disease,circulatory system,Moyamoya disease,AV - Congenital arteriovenous anomaly,234141001,0.80237365,1,5,433.32
433.32,Moyamoya disease,circulatory system,Moyamoya disease,Coccidioidomycosis,60826002,0.3079605,0,1,433.32
433.32,Moyamoya disease,circulatory system,Moyamoya disease,Capillary angioma,195382003,0.65657,0,1,433.32
433.32,Moyamoya disease,circulatory system,Moyamoya disease,Ischaemic stroke,422504002,0.96587974,1,5,433.32
433.32,Moyamoya disease,circulatory system,Moyamoya disease,Foot pain,47933007,0.6922714,0,1,433.32
433.32,Moyamoya disease,circulatory system,Moyamoya disease,Hallucination,7011001,0.7923881,0,2,433.32
433.32,Moyamoya disease,circulatory system,Moyamoya disease,CCM - Congestive cardiomyopathy,399020009,0.6750821,0,1,433.32
433.32,Moyamoya disease,circulatory system,Moyamoya disease,Injury of knee,125601008,0.36983773,0,1,433.32
433.32,Moyamoya disease,circulatory system,Moyamoya disease,CEA - Carotid endarterectomy,66951008,-0.1979954,1,4,433.32
433.5,Cerebral aneurysm,circulatory system,Cerebral aneurysm,Cerebral edema,2032001,0.96001726,1,4,433.5
433.5,Cerebral aneurysm,circulatory system,Cerebral aneurysm,Pseudoaneurysm,443089001,0.9005585,1,5,433.5
433.5,Cerebral aneurysm,circulatory system,Cerebral aneurysm,OSA - Obstructive sleep apnea,78275009,0.79527235,0,1,433.5
433.5,Cerebral aneurysm,circulatory system,Cerebral aneurysm,Bruit,70466008,0.9639993,1,5,433.5
433.5,Cerebral aneurysm,circulatory system,Cerebral aneurysm,Transient ischemic attack,266257000,0.9683468,1,5,433.5
433.5,Cerebral aneurysm,circulatory system,Cerebral aneurysm,Cryptorchidism,204878001,0.5199169,0,1,433.5
433.5,Cerebral aneurysm,circulatory system,Cerebral aneurysm,AV - Congenital arteriovenous anomaly,234141001,0.8112902,1,5,433.5
433.5,Cerebral aneurysm,circulatory system,Cerebral aneurysm,CA - Liver cancer,93870000,0.59353685,0,1,433.5
433.5,Cerebral aneurysm,circulatory system,Cerebral aneurysm,Aneurysmal haematoma,22036004,0.8961586,1,5,433.5
433.5,Cerebral aneurysm,circulatory system,Cerebral aneurysm,CEA - Carotid endarterectomy,66951008,-0.1921368,1,5,433.5
433.5,Cerebral aneurysm,circulatory system,Cerebral aneurysm,GSI - Genuine stress incontinence,22220005,0.3599153,0,1,433.5
433.5,Cerebral aneurysm,circulatory system,Cerebral aneurysm,Angiopathy,27550009,0.9945347,1,5,433.5
433.5,Cerebral aneurysm,circulatory system,Cerebral aneurysm,Retinopathy due to diabetes mellitus,4855003,0.8398383,0,3,433.5
433.5,Cerebral aneurysm,circulatory system,Cerebral aneurysm,SPL - Spondylolisthesis,274152003,0.18244016,0,1,433.5
433.5,Cerebral aneurysm,circulatory system,Cerebral aneurysm,Arteriovenous fistula,439470001,0.91020477,1,4,433.5
433.5,Cerebral aneurysm,circulatory system,Cerebral aneurysm,Disease of spinal cord,48522003,0.4628941,0,1,433.5
433.5,Cerebral aneurysm,circulatory system,Cerebral aneurysm,Arterial occlusion,2929001,0.92515606,1,5,433.5
433.5,Cerebral aneurysm,circulatory system,Cerebral aneurysm,Globin abnormality,80141007,0.5695218,0,1,433.5
433.5,Cerebral aneurysm,circulatory system,Cerebral aneurysm,Gingivostomatitis,20607006,-0.55604506,0,1,433.5
433.5,Cerebral aneurysm,circulatory system,Cerebral aneurysm,OM - Otitis media,65363002,0.22936507,0,1,433.5
433.5,Cerebral aneurysm,circulatory system,Cerebral aneurysm,Restless,24199005,0.9158833,1,1,433.5
433.5,Cerebral aneurysm,circulatory system,Cerebral aneurysm,Disease caused by fungus,3218000,0.21939594,0,1,433.5
433.5,Cerebral aneurysm,circulatory system,Cerebral aneurysm,MS - Mitral stenosis,79619009,-0.18650931,0,2,433.5
433.5,Cerebral aneurysm,circulatory system,Cerebral aneurysm,Ischaemic stroke,422504002,0.94273996,1,5,433.5
433.5,Cerebral aneurysm,circulatory system,Cerebral aneurysm,Communicable disease,191415002,0.185825,0,1,433.5
433.5,Cerebral aneurysm,circulatory system,Cerebral aneurysm,Autonomic dysreflexia,129618003,-0.02679177,0,2,433.5
433.5,Cerebral aneurysm,circulatory system,Cerebral aneurysm,Bacterial pneumonia,53084003,0.1909078,0,1,433.5
433.5,Cerebral aneurysm,circulatory system,Cerebral aneurysm,Breathlessness lying flat,62744007,-0.27486303,0,1,433.5
433.5,Cerebral aneurysm,circulatory system,Cerebral aneurysm,Nystagmus,563001,0.5487304,0,3,433.5
433.5,Cerebral aneurysm,circulatory system,Cerebral aneurysm,High cholesterol,13644009,0.9400152,1,4,433.5
433.5,Cerebral aneurysm,circulatory system,Cerebral aneurysm,CVA - Cerebrovascular accident,230690007,0.95080197,1,5,433.5
442.11,Abdominal aortic aneurysm,circulatory system,Abdominal aortic aneurysm,Croup,71186008,-0.0009648502,0,4,442.11
442.11,Abdominal aortic aneurysm,circulatory system,Abdominal aortic aneurysm,Cardiac ischemia,414795007,0.99809015,1,4,442.11
442.11,Abdominal aortic aneurysm,circulatory system,Abdominal aortic aneurysm,ACS - Acute coronary syndrome,394659003,0.9115704,1,4,442.11
442.11,Abdominal aortic aneurysm,circulatory system,Abdominal aortic aneurysm,Arrhythmia,44808001,0.97234213,1,4,442.11
442.11,Abdominal aortic aneurysm,circulatory system,Abdominal aortic aneurysm,Cardiac infarction,22298006,0.9548149,1,4,442.11
442.11,Abdominal aortic aneurysm,circulatory system,Abdominal aortic aneurysm,Odynophagia,30233002,0.47677243,0,4,442.11
442.11,Abdominal aortic aneurysm,circulatory system,Abdominal aortic aneurysm,Ischaemia,52674009,0.9729845,1,5,442.11
442.11,Abdominal aortic aneurysm,circulatory system,Abdominal aortic aneurysm,CCF - Congestive cardiac failure,42343007,0.97749275,1,2,442.11
442.11,Abdominal aortic aneurysm,circulatory system,Abdominal aortic aneurysm,Laceration,312608009,0.74363935,0,5,442.11
442.11,Abdominal aortic aneurysm,circulatory system,Abdominal aortic aneurysm,ASHD - Atherosclerotic heart disease,53741008,0.9700351,1,5,442.11
442.11,Abdominal aortic aneurysm,circulatory system,Abdominal aortic aneurysm,Eosinophilic esophagitis,235599003,0.25711262,0,1,442.11
442.11,Abdominal aortic aneurysm,circulatory system,Abdominal aortic aneurysm,Peripheral arterial disease,399957001,0.97974193,1,4,442.11
442.11,Abdominal aortic aneurysm,circulatory system,Abdominal aortic aneurysm,FGR - Fetal growth retardation,22033007,-0.040324196,0,1,442.11
442.11,Abdominal aortic aneurysm,circulatory system,Abdominal aortic aneurysm,RAS - Renal artery stenosis,302233006,0.5528034,1,3,442.11
442.11,Abdominal aortic aneurysm,circulatory system,Abdominal aortic aneurysm,Hyperphosphataemia,20165001,0.61986256,0,2,442.11
442.11,Abdominal aortic aneurysm,circulatory system,Abdominal aortic aneurysm,Inflammatory disorder of tendon,34840004,-0.089508355,0,1,442.11
442.11,Abdominal aortic aneurysm,circulatory system,Abdominal aortic aneurysm,Hanot's cirrhosis,31712002,0.63060164,0,1,442.11
442.11,Abdominal aortic aneurysm,circulatory system,Abdominal aortic aneurysm,At risk of CHD,315016007,-0.50151134,1,2,442.11
442.11,Abdominal aortic aneurysm,circulatory system,Abdominal aortic aneurysm,Hospice care,385763009,-0.39265606,1,1,442.11
442.11,Abdominal aortic aneurysm,circulatory system,Abdominal aortic aneurysm,Body fluid retention,43498006,0.6748278,1,1,442.11
442.11,Abdominal aortic aneurysm,circulatory system,Abdominal aortic aneurysm,High cholesterol,13644009,0.95186603,1,5,442.11
442.11,Abdominal aortic aneurysm,circulatory system,Abdominal aortic aneurysm,Cardiac disorder,56265001,0.9696663,1,4,442.11
442.11,Abdominal aortic aneurysm,circulatory system,Abdominal aortic aneurysm,Reading disorder,52824009,0.653454,0,1,442.11
442.11,Abdominal aortic aneurysm,circulatory system,Abdominal aortic aneurysm,Obesity,414916001,0.84740466,0,2,442.11
442.11,Abdominal aortic aneurysm,circulatory system,Abdominal aortic aneurysm,AP - Angina pectoris,194828000,0.94499916,1,2,442.11
442.11,Abdominal aortic aneurysm,circulatory system,Abdominal aortic aneurysm,VAD - Vascular dementia,56267009,0.71197075,0,2,442.11
442.11,Abdominal aortic aneurysm,circulatory system,Abdominal aortic aneurysm,Excision of larynx,72791001,-0.8627026,0,1,442.11
442.11,Abdominal aortic aneurysm,circulatory system,Abdominal aortic aneurysm,Lobular glomerulonephritis,80321008,-0.4547379,0,1,442.11
442.11,Abdominal aortic aneurysm,circulatory system,Abdominal aortic aneurysm,GF - Glandular fever,271558008,0.30997536,0,1,442.11
442.11,Abdominal aortic aneurysm,circulatory system,Abdominal aortic aneurysm,Essential hypertension,59621000,0.9500479,1,5,442.11
496.1,Emphysema,respiratory,Emphysema,Pressure in chest,23924001,0.84242624,1,4,496.1
496.1,Emphysema,respiratory,Emphysema,COR - Chronic cor pulmonale,79955004,0.9600147,1,4,496.1
496.1,Emphysema,respiratory,Emphysema,Abrasion of skin,37236007,-0.701962,0,1,496.1
496.1,Emphysema,respiratory,Emphysema,Interstitial lung disease,64667001,0.9060596,1,3,496.1
496.1,Emphysema,respiratory,Emphysema,Arterial hypoxaemia,389087006,0.934522,1,4,496.1
496.1,Emphysema,respiratory,Emphysema,NS - Neck stiffness,161882006,-0.28509182,0,1,496.1
496.1,Emphysema,respiratory,Emphysema,SAH - Subarachnoid haemorrhage,21454007,0.48307526,0,1,496.1
496.1,Emphysema,respiratory,Emphysema,Wheeze,56018004,0.9267415,1,5,496.1
496.1,Emphysema,respiratory,Emphysema,Lung function tests,23426006,0.9273024,1,5,496.1
496.1,Emphysema,respiratory,Emphysema,Aspiration pneumonia,422588002,0.5711472,0,4,496.1
496.1,Emphysema,respiratory,Emphysema,Cold sore,1475003,0.67240924,0,3,496.1
496.1,Emphysema,respiratory,Emphysema,Cryptogenic fibrosing alveolitis,700250006,0.9294811,1,3,496.1
496.1,Emphysema,respiratory,Emphysema,Cor pulmonale,83291003,0.96876913,1,4,496.1
496.1,Emphysema,respiratory,Emphysema,"EPH - Edema, proteinuria and hypertension of pregnancy",46764007,0.7574139,0,1,496.1
496.1,Emphysema,respiratory,Emphysema,Bronchial endoscopy,10847001,0.8793385,1,5,496.1
496.1,Emphysema,respiratory,Emphysema,Diffuse parenchymal lung disease,233703007,-0.30249196,1,4,496.1
496.1,Emphysema,respiratory,Emphysema,Coughing up blood,66857006,0.92268205,1,3,496.1
496.1,Emphysema,respiratory,Emphysema,Mechanical ventilation,40617009,0.7523623,1,3,496.1
496.1,Emphysema,respiratory,Emphysema,Crowding of teeth,12351004,-0.74220127,0,1,496.1
496.1,Emphysema,respiratory,Emphysema,HCL - Hairy cell leukaemia,118613001,0.5087106,0,1,496.1
496.1,Emphysema,respiratory,Emphysema,Premature menopause,373717006,0.4966169,0,1,496.1
496.1,Emphysema,respiratory,Emphysema,Excision of spleen tissue,234319005,0.7140336,0,1,496.1
496.1,Emphysema,respiratory,Emphysema,Synovitis,416209007,0.73123693,0,1,496.1
496.1,Emphysema,respiratory,Emphysema,Mediastinal emphysema,16838000,-0.52287745,1,1,496.1
496.1,Emphysema,respiratory,Emphysema,Pleural pain,2237002,-0.6489186,1,2,496.1
496.1,Emphysema,respiratory,Emphysema,Crepitant rales,48409008,-0.15071231,1,3,496.1
496.1,Emphysema,respiratory,Emphysema,Neoplasm of kidney,126880001,0.61799604,0,1,496.1
496.1,Emphysema,respiratory,Emphysema,Restrictive lung disease,36485005,0.82276326,1,2,496.1
496.1,Emphysema,respiratory,Emphysema,HB - Heart block,233916004,0.77857757,0,2,496.1
496.1,Emphysema,respiratory,Emphysema,Tracheomalacia,95434006,0.74614507,1,3,496.1
496.3,Bronchiectasis,respiratory,Bronchiectasis,Infection by Trichomonas,56335008,0.9135242,0,1,496.3
496.3,Bronchiectasis,respiratory,Bronchiectasis,MRSA - Multiple-resistant Staphylococcus aureus infection,282028001,0.7919597,1,3,496.3
496.3,Bronchiectasis,respiratory,Bronchiectasis,Coccidioidomycosis,60826002,0.9594561,1,1,496.3
496.3,Bronchiectasis,respiratory,Bronchiectasis,Pleurisy,196075003,0.780581,1,2,496.3
496.3,Bronchiectasis,respiratory,Bronchiectasis,AD - Alzheimer's disease,26929004,0.38786858,0,1,496.3
496.3,Bronchiectasis,respiratory,Bronchiectasis,OSA - Obstructive sleep apnea,78275009,0.4933049,0,1,496.3
496.3,Bronchiectasis,respiratory,Bronchiectasis,Solitary nodule of lung,427359005,-0.15701914,1,3,496.3
496.3,Bronchiectasis,respiratory,Bronchiectasis,HAV - Hallux abductovalgus,122480009,-0.8771949,0,1,496.3
496.3,Bronchiectasis,respiratory,Bronchiectasis,DLE - Discoid lupus erythematosus,200938002,0.78992337,0,4,496.3
496.3,Bronchiectasis,respiratory,Bronchiectasis,Congenital cataract,79410001,-0.57736623,0,1,496.3
496.3,Bronchiectasis,respiratory,Bronchiectasis,Eosinophilic esophagitis,235599003,0.48526204,0,1,496.3
496.3,Bronchiectasis,respiratory,Bronchiectasis,Hypothyroid,40930008,0.45825163,0,1,496.3
496.3,Bronchiectasis,respiratory,Bronchiectasis,Emphysema of lung,87433001,0.8677077,1,3,496.3
496.3,Bronchiectasis,respiratory,Bronchiectasis,Chest cold,50417007,-0.5784365,1,3,496.3
496.3,Bronchiectasis,respiratory,Bronchiectasis,Recurrent corneal erosion,2055003,0.2897003,0,1,496.3
496.3,Bronchiectasis,respiratory,Bronchiectasis,Cryptogenic fibrosing alveolitis,700250006,0.9362966,1,3,496.3
496.3,Bronchiectasis,respiratory,Bronchiectasis,Endocarditis,56819008,0.9706079,1,1,496.3
496.3,Bronchiectasis,respiratory,Bronchiectasis,CCM - Congestive cardiomyopathy,399020009,0.18898988,0,2,496.3
496.3,Bronchiectasis,respiratory,Bronchiectasis,Benign lymphogranulomatosis of Schaumann,31541009,0.8315755,1,1,496.3
496.3,Bronchiectasis,respiratory,Bronchiectasis,Drug abuse,26416006,-0.14637265,0,1,496.3
496.3,Bronchiectasis,respiratory,Bronchiectasis,Psychogenic seizures,191714002,-0.7172506,0,1,496.3
496.3,Bronchiectasis,respiratory,Bronchiectasis,Diabetic macular edema,312912001,0.2696648,0,1,496.3
496.3,Bronchiectasis,respiratory,Bronchiectasis,Breathless,267036007,0.7131467,1,4,496.3
496.3,Bronchiectasis,respiratory,Bronchiectasis,Histoplasmosis,12962009,0.9572122,1,4,496.3
496.3,Bronchiectasis,respiratory,Bronchiectasis,Crepitant rales,48409008,-0.049441077,1,4,496.3
496.3,Bronchiectasis,respiratory,Bronchiectasis,PTB - Pulmonary tuberculosis,154283005,0.87448394,1,4,496.3
496.3,Bronchiectasis,respiratory,Bronchiectasis,Dislocation of glenohumeral joint,417076003,-0.41859534,0,1,496.3
496.3,Bronchiectasis,respiratory,Bronchiectasis,Interstitial lung disease,64667001,0.92580813,1,5,496.3
496.3,Bronchiectasis,respiratory,Bronchiectasis,Mechanical ventilation,40617009,0.5229397,0,3,496.3
496.3,Bronchiectasis,respiratory,Bronchiectasis,Infection due to Methicillin resistant Staphylococcus aureus,266096002,0.909594,1,3,496.3
496.3,Bronchiectasis,respiratory,Bronchiectasis,Tuberculosis of lymph node,10893003,0.20690306,1,3,496.3
496.3,Bronchiectasis,respiratory,Bronchiectasis,OM - Otitis media,65363002,0.9322132,0,1,496.3
496.3,Bronchiectasis,respiratory,Bronchiectasis,Atypical pneumonia,233606009,0.7503264,1,3,496.3
496.3,Bronchiectasis,respiratory,Bronchiectasis,Empyema,312682007,0.9659752,1,4,496.3
496.3,Bronchiectasis,respiratory,Bronchiectasis,Disorder of eye,371409005,0.3418823,0,1,496.3
496.3,Bronchiectasis,respiratory,Bronchiectasis,Lymphoproliferative disorder,277466009,-0.36323833,0,1,496.3
496.3,Bronchiectasis,respiratory,Bronchiectasis,Diffuse parenchymal lung disease,233703007,-0.09102392,1,2,496.3
496.3,Bronchiectasis,respiratory,Bronchiectasis,Excessive upper gastrointestinal gas,162076009,0.14806834,0,1,496.3
555.1,Regional enteritis,digestive,Regional enteritis,AA - Alcohol abuse,15167005,0.562667,0,1,555.1
555.1,Regional enteritis,digestive,Regional enteritis,AP - Abdominal pain,21522001,0.97716683,1,5,555.1
555.1,Regional enteritis,digestive,Regional enteritis,Bloody diarrhea,95545007,0.9785271,1,5,555.1
555.1,Regional enteritis,digestive,Regional enteritis,Disease of intestine,85919009,0.9717759,1,5,555.1
555.1,Regional enteritis,digestive,Regional enteritis,Diverticulitis,307496006,0.97777045,1,4,555.1
555.1,Regional enteritis,digestive,Regional enteritis,SPL - Spondylolisthesis,274152003,-0.2151564,0,1,555.1
555.1,Regional enteritis,digestive,Regional enteritis,Blood in stool,2901004,0.98705214,1,5,555.1
555.1,Regional enteritis,digestive,Regional enteritis,CCA - Cardiac catheterisation,41976001,0.5513829,0,1,555.1
555.1,Regional enteritis,digestive,Regional enteritis,Odynophagia,30233002,0.9688317,0,4,555.1
555.1,Regional enteritis,digestive,Regional enteritis,LP - Lumbar puncture,277762005,-0.16402237,0,1,555.1
555.1,Regional enteritis,digestive,Regional enteritis,Bruit,70466008,0.098399006,0,1,555.1
555.1,Regional enteritis,digestive,Regional enteritis,"Diarrheal disease, NOS",43240000,0.9356425,1,5,555.1
555.1,Regional enteritis,digestive,Regional enteritis,Nephroblastoma,302849000,0.8698273,0,1,555.1
555.1,Regional enteritis,digestive,Regional enteritis,Belching,271834000,0.9272591,1,3,555.1
555.1,Regional enteritis,digestive,Regional enteritis,Intestinal ischaemia,82196007,0.7273743,1,5,555.1
555.1,Regional enteritis,digestive,Regional enteritis,SBO - Small bowel obstruction,281255004,0.98043036,1,5,555.1
555.1,Regional enteritis,digestive,Regional enteritis,Hepatic failure,59927004,0.8383429,0,3,555.1
555.1,Regional enteritis,digestive,Regional enteritis,FOS - Fiberoptic sigmoidoscopy,44441009,0.99368256,1,5,555.1
555.1,Regional enteritis,digestive,Regional enteritis,Gastric bleeding,61401005,0.4718144,1,4,555.1
555.1,Regional enteritis,digestive,Regional enteritis,Proctitis,3951002,0.5668545,1,4,555.1
555.1,Regional enteritis,digestive,Regional enteritis,AG - Atrophic gastritis,84568007,0.9242896,0,3,555.1
555.1,Regional enteritis,digestive,Regional enteritis,Gastric catarrh,4556007,0.9630172,1,2,555.1
555.1,Regional enteritis,digestive,Regional enteritis,Central hyperalimentation,225372007,0.9284936,1,2,555.1
555.1,Regional enteritis,digestive,Regional enteritis,Carcinoma of cervix,285432005,-0.6477797,0,1,555.1
555.1,Regional enteritis,digestive,Regional enteritis,Hepatomegaly,80515008,0.84937346,0,2,555.1
555.1,Regional enteritis,digestive,Regional enteritis,CGL - Chronic granulocytic leukaemia,92818009,0.7110474,0,1,555.1
555.1,Regional enteritis,digestive,Regional enteritis,PHT - Pulmonary hypertension,70995007,0.8177563,0,1,555.1
555.1,Regional enteritis,digestive,Regional enteritis,CD - Celiac disease,396331005,0.9520699,1,3,555.1
555.1,Regional enteritis,digestive,Regional enteritis,Excessive upper gastrointestinal gas,162076009,0.81754583,1,3,555.1
555.1,Regional enteritis,digestive,Regional enteritis,GE - Gastroenteritis,25374005,0.953557,1,3,555.1
555.1,Regional enteritis,digestive,Regional enteritis,Abdomen feels bloated,116289008,0.98333895,1,4,555.1
555.1,Regional enteritis,digestive,Regional enteritis,Ecchymosis,302227002,0.054451186,0,1,555.1
555.1,Regional enteritis,digestive,Regional enteritis,Lower paraplegia,60389000,0.29425406,0,1,555.1
555.1,Regional enteritis,digestive,Regional enteritis,Hydatid mole,417044008,0.92544425,0,1,555.1
555.21,Ulcerative colitis (chronic),digestive,Ulcerative colitis (chronic),BDR - Background diabetic retinopathy,390834004,-0.24155037,0,1,555.21
555.21,Ulcerative colitis (chronic),digestive,Ulcerative colitis (chronic),SIGGY - Sigmoidoscopy,24420007,0.99912524,1,5,555.21
555.21,Ulcerative colitis (chronic),digestive,Ulcerative colitis (chronic),SBO - Small bowel obstruction,281255004,0.961921,1,2,555.21
555.21,Ulcerative colitis (chronic),digestive,Ulcerative colitis (chronic),Excessive upper gastrointestinal gas,162076009,0.8548092,1,4,555.21
555.21,Ulcerative colitis (chronic),digestive,Ulcerative colitis (chronic),AK - Actinic keratosis,46795000,0.64383435,0,1,555.21
555.21,Ulcerative colitis (chronic),digestive,Ulcerative colitis (chronic),Adaptive colitis,10743008,0.9450767,1,3,555.21
555.21,Ulcerative colitis (chronic),digestive,Ulcerative colitis (chronic),FOS - Fiberoptic sigmoidoscopy,44441009,0.9893695,1,5,555.21
555.21,Ulcerative colitis (chronic),digestive,Ulcerative colitis (chronic),Central hyperalimentation,225372007,0.90448844,1,3,555.21
555.21,Ulcerative colitis (chronic),digestive,Ulcerative colitis (chronic),Deep vein thrombosis of portal vein,17920008,0.553038,0,1,555.21
555.21,Ulcerative colitis (chronic),digestive,Ulcerative colitis (chronic),Blood in stool,2901004,0.9751692,1,5,555.21
555.21,Ulcerative colitis (chronic),digestive,Ulcerative colitis (chronic),Lymphoma,118600007,0.75888824,0,4,555.21
555.21,Ulcerative colitis (chronic),digestive,Ulcerative colitis (chronic),Abdomen feels bloated,116289008,0.97836757,1,5,555.21
555.21,Ulcerative colitis (chronic),digestive,Ulcerative colitis (chronic),Noise in ears,60862001,-0.05365242,0,1,555.21
555.21,Ulcerative colitis (chronic),digestive,Ulcerative colitis (chronic),BRBPR,405729008,0.9890623,1,5,555.21
555.21,Ulcerative colitis (chronic),digestive,Ulcerative colitis (chronic),Connective tissue disease,105969002,0.536222,0,1,555.21
555.21,Ulcerative colitis (chronic),digestive,Ulcerative colitis (chronic),Brachial plexus injury,6836001,-0.5297009,0,1,555.21
555.21,Ulcerative colitis (chronic),digestive,Ulcerative colitis (chronic),Breast cancer screening,268547008,0.5295766,0,1,555.21
555.21,Ulcerative colitis (chronic),digestive,Ulcerative colitis (chronic),Disease of intestine,85919009,0.9624361,1,5,555.21
555.21,Ulcerative colitis (chronic),digestive,Ulcerative colitis (chronic),Osteotomy,150062003,-0.24200168,0,1,555.21
555.21,Ulcerative colitis (chronic),digestive,Ulcerative colitis (chronic),GU - Gastric ulcer,397825006,0.9828115,1,2,555.21
555.21,Ulcerative colitis (chronic),digestive,Ulcerative colitis (chronic),Gastric catarrh,4556007,0.98040646,1,1,555.21
555.21,Ulcerative colitis (chronic),digestive,Ulcerative colitis (chronic),Belching,271834000,0.9450738,1,4,555.21
555.21,Ulcerative colitis (chronic),digestive,Ulcerative colitis (chronic),Parasomnia,58690002,0.06448847,0,4,555.21
555.21,Ulcerative colitis (chronic),digestive,Ulcerative colitis (chronic),GE - Gastroenteritis,25374005,0.96311307,1,3,555.21
555.21,Ulcerative colitis (chronic),digestive,Ulcerative colitis (chronic),CD - Celiac disease,396331005,0.9233074,1,4,555.21
555.21,Ulcerative colitis (chronic),digestive,Ulcerative colitis (chronic),Ileus,81060008,0.9556094,1,5,555.21
555.21,Ulcerative colitis (chronic),digestive,Ulcerative colitis (chronic),Pyelonephritis,45816000,0.7570614,0,1,555.21
555.21,Ulcerative colitis (chronic),digestive,Ulcerative colitis (chronic),Croup,71186008,0.28026697,0,1,555.21
555.21,Ulcerative colitis (chronic),digestive,Ulcerative colitis (chronic),Swelling of scrotum,271687003,0.8991445,0,1,555.21
555.21,Ulcerative colitis (chronic),digestive,Ulcerative colitis (chronic),Gastric bleeding,61401005,0.52813834,1,1,555.21
555.21,Ulcerative colitis (chronic),digestive,Ulcerative colitis (chronic),GI - Gastrointestinal bleed,74474003,0.98245925,0,4,555.21
555.21,Ulcerative colitis (chronic),digestive,Ulcerative colitis (chronic),Angiopathy,27550009,0.1707932,0,3,555.21
555.21,Ulcerative colitis (chronic),digestive,Ulcerative colitis (chronic),Diverticulitis,307496006,0.96630305,1,3,555.21
555.21,Ulcerative colitis (chronic),digestive,Ulcerative colitis (chronic),MD - Meckel's diverticulum,37373007,0.93904054,1,1,555.21
555.21,Ulcerative colitis (chronic),digestive,Ulcerative colitis (chronic),Hyperhidrosis,312230002,0.73958796,0,4,555.21
555.21,Ulcerative colitis (chronic),digestive,Ulcerative colitis (chronic),"EPH - Edema, proteinuria and hypertension of pregnancy",398254007,0.6810059,0,1,555.21
571.51,Cirrhosis of liver without mention of alcohol,digestive,Cirrhosis of liver without mention of alcohol,Transient ischemic attack,266257000,0.58411753,0,1,571.51
571.51,Cirrhosis of liver without mention of alcohol,digestive,Cirrhosis of liver without mention of alcohol,Pain in vagina,38343000,0.75147134,0,1,571.51
571.51,Cirrhosis of liver without mention of alcohol,digestive,Cirrhosis of liver without mention of alcohol,Chronic hepatitis C,128302006,0.925498,1,5,571.51
571.51,Cirrhosis of liver without mention of alcohol,digestive,Cirrhosis of liver without mention of alcohol,SBO - Small bowel obstruction,281255004,0.9112587,0,2,571.51
571.51,Cirrhosis of liver without mention of alcohol,digestive,Cirrhosis of liver without mention of alcohol,Bile stasis,33688009,0.96823937,1,4,571.51
571.51,Cirrhosis of liver without mention of alcohol,digestive,Cirrhosis of liver without mention of alcohol,Recurrent corneal erosion,2055003,-0.05949027,0,1,571.51
571.51,Cirrhosis of liver without mention of alcohol,digestive,Cirrhosis of liver without mention of alcohol,Ankle injury,125603006,-0.74081445,0,1,571.51
571.51,Cirrhosis of liver without mention of alcohol,digestive,Cirrhosis of liver without mention of alcohol,Abdomen distended,60728008,0.928115,1,5,571.51
571.51,Cirrhosis of liver without mention of alcohol,digestive,Cirrhosis of liver without mention of alcohol,AH - Alcoholic hepatitis,235875008,0.57150686,1,5,571.51
571.51,Cirrhosis of liver without mention of alcohol,digestive,Cirrhosis of liver without mention of alcohol,Atheromatosis,38716007,0.6544388,0,3,571.51
571.51,Cirrhosis of liver without mention of alcohol,digestive,Cirrhosis of liver without mention of alcohol,Alcohol withdrawal syndrome,191480000,0.26354903,0,5,571.51
571.51,Cirrhosis of liver without mention of alcohol,digestive,Cirrhosis of liver without mention of alcohol,Hallucination,7011001,0.36220974,0,4,571.51
571.51,Cirrhosis of liver without mention of alcohol,digestive,Cirrhosis of liver without mention of alcohol,Inflammation of pancreas,75694006,0.96651256,1,3,571.51
571.51,Cirrhosis of liver without mention of alcohol,digestive,Cirrhosis of liver without mention of alcohol,AP - Acute pancreatitis,197456007,0.90658605,1,3,571.51
571.51,Cirrhosis of liver without mention of alcohol,digestive,Cirrhosis of liver without mention of alcohol,Right upper quadrant pain,301717006,-0.467045,1,5,571.51
571.51,Cirrhosis of liver without mention of alcohol,digestive,Cirrhosis of liver without mention of alcohol,Sclerosing cholangitis,235917005,0.9526593,1,4,571.51
571.51,Cirrhosis of liver without mention of alcohol,digestive,Cirrhosis of liver without mention of alcohol,Difficulty sleeping,301345002,0.25495392,0,4,571.51
571.51,Cirrhosis of liver without mention of alcohol,digestive,Cirrhosis of liver without mention of alcohol,Balloon angioplasty of coronary artery,11101003,0.8580242,1,1,571.51
571.51,Cirrhosis of liver without mention of alcohol,digestive,Cirrhosis of liver without mention of alcohol,Endogenous hypertriglyceridaemia,275598004,-0.351474,0,3,571.51
571.51,Cirrhosis of liver without mention of alcohol,digestive,Cirrhosis of liver without mention of alcohol,Hepatitis A,40468003,0.698444,1,2,571.51
571.51,Cirrhosis of liver without mention of alcohol,digestive,Cirrhosis of liver without mention of alcohol,Mechanical vitrectomy by pars plana approach,87021001,-0.7840705,0,1,571.51
571.51,Cirrhosis of liver without mention of alcohol,digestive,Cirrhosis of liver without mention of alcohol,Abrasion of skin,37236007,-0.80357206,0,2,571.51
571.51,Cirrhosis of liver without mention of alcohol,digestive,Cirrhosis of liver without mention of alcohol,Rickets,41345002,0.63070565,0,3,571.51
571.51,Cirrhosis of liver without mention of alcohol,digestive,Cirrhosis of liver without mention of alcohol,Idiopathic Parkinson's disease,49049000,0.5516485,0,1,571.51
571.51,Cirrhosis of liver without mention of alcohol,digestive,Cirrhosis of liver without mention of alcohol,ERCP,386718000,0.97690976,1,3,571.51
571.51,Cirrhosis of liver without mention of alcohol,digestive,Cirrhosis of liver without mention of alcohol,Acetaminophen overdose,295124009,-0.07298928,1,5,571.51
571.51,Cirrhosis of liver without mention of alcohol,digestive,Cirrhosis of liver without mention of alcohol,Tinea cruris,399029005,-0.46602196,0,1,571.51
571.51,Cirrhosis of liver without mention of alcohol,digestive,Cirrhosis of liver without mention of alcohol,Female pelvic inflammation,198130006,0.60675395,0,1,571.51
571.51,Cirrhosis of liver without mention of alcohol,digestive,Cirrhosis of liver without mention of alcohol,Hepatomegaly,80515008,0.97368133,1,5,571.51
571.51,Cirrhosis of liver without mention of alcohol,digestive,Cirrhosis of liver without mention of alcohol,Steatosis of liver,197321007,0.922482,1,5,571.51
571.51,Cirrhosis of liver without mention of alcohol,digestive,Cirrhosis of liver without mention of alcohol,Carcinoma of gallbladder,372140005,0.68761647,1,3,571.51
571.51,Cirrhosis of liver without mention of alcohol,digestive,Cirrhosis of liver without mention of alcohol,Hepatic vein thrombosis,38739001,0.24350217,1,5,571.51
571.51,Cirrhosis of liver without mention of alcohol,digestive,Cirrhosis of liver without mention of alcohol,Fatty stool,66187002,0.9003676,1,5,571.51
571.51,Cirrhosis of liver without mention of alcohol,digestive,Cirrhosis of liver without mention of alcohol,Cyst of liver,85057007,0.2982132,1,4,571.51
571.6,Primary biliary cirrhosis,digestive,Primary biliary cirrhosis,Transplant procedure,77465005,0.5980205,1,4,571.6
571.6,Primary biliary cirrhosis,digestive,Primary biliary cirrhosis,Contraceptive method vasectomy,22523008,-0.6965604,0,1,571.6
571.6,Primary biliary cirrhosis,digestive,Primary biliary cirrhosis,Night sweats,42984000,0.5393083,0,1,571.6
571.6,Primary biliary cirrhosis,digestive,Primary biliary cirrhosis,Fatigue fracture,23382007,-0.5641129,0,2,571.6
571.6,Primary biliary cirrhosis,digestive,Primary biliary cirrhosis,Diabetic nephropathy,127013003,0.75636864,0,1,571.6
571.6,Primary biliary cirrhosis,digestive,Primary biliary cirrhosis,Scarlatina,30242009,0.19316044,0,1,571.6
571.6,Primary biliary cirrhosis,digestive,Primary biliary cirrhosis,Facial pain,95668009,0.3431431,0,1,571.6
571.6,Primary biliary cirrhosis,digestive,Primary biliary cirrhosis,Balloon angioplasty of coronary artery,11101003,0.8131834,1,1,571.6
571.6,Primary biliary cirrhosis,digestive,Primary biliary cirrhosis,Haemolytic anaemia,61261009,0.7686886,1,1,571.6
571.6,Primary biliary cirrhosis,digestive,Primary biliary cirrhosis,AP - Acute pancreatitis,197456007,0.65193605,1,1,571.6
571.6,Primary biliary cirrhosis,digestive,Primary biliary cirrhosis,Sclerosing cholangitis,235917005,0.6294744,1,5,571.6
571.6,Primary biliary cirrhosis,digestive,Primary biliary cirrhosis,BT - Blood transfusion,116859006,0.6737693,1,3,571.6
571.6,Primary biliary cirrhosis,digestive,Primary biliary cirrhosis,Gynaecomastia,4754008,0.42870164,0,4,571.6
571.6,Primary biliary cirrhosis,digestive,Primary biliary cirrhosis,Disorder of heart valve,368009,0.6710272,0,1,571.6
571.6,Primary biliary cirrhosis,digestive,Primary biliary cirrhosis,Inflammation of pancreas,75694006,0.72758484,1,4,571.6
571.6,Primary biliary cirrhosis,digestive,Primary biliary cirrhosis,Obstructive hyperbilirubinaemia,59848001,0.48430824,1,5,571.6
571.6,Primary biliary cirrhosis,digestive,Primary biliary cirrhosis,Myelosyringosis,111496009,-0.06520482,0,1,571.6
571.6,Primary biliary cirrhosis,digestive,Primary biliary cirrhosis,Hepatitis A,40468003,0.23130506,1,4,571.6
571.6,Primary biliary cirrhosis,digestive,Primary biliary cirrhosis,PA (Psoriatic arthritis),156370009,0.56107724,0,4,571.6
571.6,Primary biliary cirrhosis,digestive,Primary biliary cirrhosis,Right upper quadrant pain,301717006,-0.67957073,1,5,571.6
571.6,Primary biliary cirrhosis,digestive,Primary biliary cirrhosis,Carcinoma of gallbladder,372140005,0.089637056,1,1,571.6
571.6,Primary biliary cirrhosis,digestive,Primary biliary cirrhosis,Akureyri disease,52702003,0.66816115,0,1,571.6
571.6,Primary biliary cirrhosis,digestive,Primary biliary cirrhosis,Dislocation of glenohumeral joint,417076003,-0.51683176,0,1,571.6
571.6,Primary biliary cirrhosis,digestive,Primary biliary cirrhosis,Inflammation of testis,274718005,0.6270174,0,1,571.6
571.6,Primary biliary cirrhosis,digestive,Primary biliary cirrhosis,Anorectal fistula,72779005,0.5106889,0,1,571.6
571.6,Primary biliary cirrhosis,digestive,Primary biliary cirrhosis,ALF - Acute liver failure,197270009,0.5254068,1,5,571.6
571.6,Primary biliary cirrhosis,digestive,Primary biliary cirrhosis,PSC - Primary sclerosing cholangitis,197441003,0.69513535,1,5,571.6
571.6,Primary biliary cirrhosis,digestive,Primary biliary cirrhosis,Dyssplenism,58381000,0.5006162,1,2,571.6
571.6,Primary biliary cirrhosis,digestive,Primary biliary cirrhosis,HCC - Hepatocellular carcinoma,109841003,0.7148539,1,5,571.6
571.6,Primary biliary cirrhosis,digestive,Primary biliary cirrhosis,Chronic liver disease,328383001,0.6227685,1,5,571.6
571.6,Primary biliary cirrhosis,digestive,Primary biliary cirrhosis,CA - Liver cancer,93870000,0.56634545,1,4,571.6
571.6,Primary biliary cirrhosis,digestive,Primary biliary cirrhosis,Atrophic vaginitis,52441000,0.10435985,0,1,571.6
580.4,"Renal sclerosis, NOS",genitourinary,"Renal sclerosis, NOS",IgA glomerulonephritis,236407003,-0.087924674,1,5,580.4
580.4,"Renal sclerosis, NOS",genitourinary,"Renal sclerosis, NOS",Body fluid retention,43498006,0.6523044,1,4,580.4
580.4,"Renal sclerosis, NOS",genitourinary,"Renal sclerosis, NOS",Psychogenic seizures,191714002,-0.35383773,0,1,580.4
580.4,"Renal sclerosis, NOS",genitourinary,"Renal sclerosis, NOS",EM - Erythema multiforme,36715001,0.560508,0,1,580.4
580.4,"Renal sclerosis, NOS",genitourinary,"Renal sclerosis, NOS",Chronic rhinitis,86094006,-0.43903103,0,1,580.4
580.4,"Renal sclerosis, NOS",genitourinary,"Renal sclerosis, NOS",CKD stage 5,433146000,0.94139236,1,5,580.4
580.4,"Renal sclerosis, NOS",genitourinary,"Renal sclerosis, NOS",Renal transplant rejection,236570004,0.141002,1,5,580.4
580.4,"Renal sclerosis, NOS",genitourinary,"Renal sclerosis, NOS",Azotaemia,445009001,0.8095069,1,5,580.4
580.4,"Renal sclerosis, NOS",genitourinary,"Renal sclerosis, NOS",Lobular carcinoma in situ of breast,109888004,-0.57943547,0,1,580.4
580.4,"Renal sclerosis, NOS",genitourinary,"Renal sclerosis, NOS",BE - Bacterial endocarditis,301183007,0.46119407,0,1,580.4
580.4,"Renal sclerosis, NOS",genitourinary,"Renal sclerosis, NOS",Absence of bladder continence,165232002,0.69757724,0,2,580.4
580.4,"Renal sclerosis, NOS",genitourinary,"Renal sclerosis, NOS",Acute erosion of stomach,18665000,-0.51577985,0,1,580.4
580.4,"Renal sclerosis, NOS",genitourinary,"Renal sclerosis, NOS",Uraemia,44730006,0.93134105,1,5,580.4
580.4,"Renal sclerosis, NOS",genitourinary,"Renal sclerosis, NOS",Fluid excess,21639008,-0.03097247,1,4,580.4
580.4,"Renal sclerosis, NOS",genitourinary,"Renal sclerosis, NOS",GN - Glomerulonephritis,36171008,0.935367,1,5,580.4
580.4,"Renal sclerosis, NOS",genitourinary,"Renal sclerosis, NOS",Angiitis,31996006,0.8843112,1,1,580.4
580.4,"Renal sclerosis, NOS",genitourinary,"Renal sclerosis, NOS",Infected arthroplasty,213121005,-0.7497745,0,1,580.4
580.4,"Renal sclerosis, NOS",genitourinary,"Renal sclerosis, NOS",Lobular glomerulonephritis,80321008,-0.4006912,1,5,580.4
580.4,"Renal sclerosis, NOS",genitourinary,"Renal sclerosis, NOS",Paralysis of vocal cords,302912005,-0.6771752,0,1,580.4
580.4,"Renal sclerosis, NOS",genitourinary,"Renal sclerosis, NOS",Albuminuria,274769005,0.5046897,1,4,580.4
580.4,"Renal sclerosis, NOS",genitourinary,"Renal sclerosis, NOS",PD - Peritoneal dialysis,71192002,0.94640183,1,4,580.4
580.4,"Renal sclerosis, NOS",genitourinary,"Renal sclerosis, NOS",Hyperkalaemia,14140009,0.8286159,1,4,580.4
580.4,"Renal sclerosis, NOS",genitourinary,"Renal sclerosis, NOS","Chronic nephritic syndrome, diffuse membranous glomerulonephritis",77182004,0.5157908,1,5,580.4
580.4,"Renal sclerosis, NOS",genitourinary,"Renal sclerosis, NOS",APN - Acute pyelonephritis,36689008,0.8772275,1,3,580.4
580.4,"Renal sclerosis, NOS",genitourinary,"Renal sclerosis, NOS",CGN - Chronic glomerulonephritis,20917003,-0.018577855,1,5,580.4
580.4,"Renal sclerosis, NOS",genitourinary,"Renal sclerosis, NOS",Buttock pain,279043006,-0.70324665,0,1,580.4
580.4,"Renal sclerosis, NOS",genitourinary,"Renal sclerosis, NOS",Dialysis procedure,108241001,0.62192214,1,5,580.4
580.4,"Renal sclerosis, NOS",genitourinary,"Renal sclerosis, NOS",Manual pelvic examination,35025007,0.4884923,0,1,580.4
585.1,Acute renal failure,genitourinary,Acute renal failure,Staghorn calculus,197794008,0.7779175,1,5,585.1
585.1,Acute renal failure,genitourinary,Acute renal failure,Lateral epicondylitis,202855006,-0.77995324,0,1,585.1
585.1,Acute renal failure,genitourinary,Acute renal failure,Lithotripsy,133864008,-0.6201701,0,4,585.1
585.1,Acute renal failure,genitourinary,Acute renal failure,ALF - Acute liver failure,197270009,0.87487304,0,1,585.1
585.1,Acute renal failure,genitourinary,Acute renal failure,Nephritis,52845002,0.95914114,1,5,585.1
585.1,Acute renal failure,genitourinary,Acute renal failure,CGN - Chronic glomerulonephritis,20917003,-0.05278295,1,5,585.1
585.1,Acute renal failure,genitourinary,Acute renal failure,Albuminuria,274769005,0.25422472,1,5,585.1
585.1,Acute renal failure,genitourinary,Acute renal failure,FGS - Focal glomerulosclerosis,25821008,0.6887469,1,4,585.1
585.1,Acute renal failure,genitourinary,Acute renal failure,Dialysis procedure,108241001,0.4948412,1,4,585.1
585.1,Acute renal failure,genitourinary,Acute renal failure,Corneal scar,95726001,-0.8065107,0,1,585.1
585.1,Acute renal failure,genitourinary,Acute renal failure,Lobular glomerulonephritis,80321008,-0.42089227,1,5,585.1
585.1,Acute renal failure,genitourinary,Acute renal failure,Angiitis,31996006,0.73485065,1,4,585.1
585.1,Acute renal failure,genitourinary,Acute renal failure,"Chronic nephritic syndrome, diffuse membranous glomerulonephritis",77182004,0.4652959,1,4,585.1
585.1,Acute renal failure,genitourinary,Acute renal failure,Capillary angioma,195382003,0.7652117,0,2,585.1
585.1,Acute renal failure,genitourinary,Acute renal failure,Excision of spleen tissue,234319005,0.71789575,0,1,585.1
585.1,Acute renal failure,genitourinary,Acute renal failure,Bleeding postpartum,47821001,0.5698646,0,1,585.1
585.1,Acute renal failure,genitourinary,Acute renal failure,Extracorporeal haemodialysis,302497006,0.900066,1,5,585.1
585.1,Acute renal failure,genitourinary,Acute renal failure,NS - Nephrotic syndrome,52254009,0.7559613,1,5,585.1
585.1,Acute renal failure,genitourinary,Acute renal failure,Bipolar affective disorder,13746004,0.4921397,0,1,585.1
585.1,Acute renal failure,genitourinary,Acute renal failure,Fixation of spine with fusion,55705006,0.21802029,0,1,585.1
585.1,Acute renal failure,genitourinary,Acute renal failure,Folliculitis,13600006,0.43597555,0,1,585.1
585.1,Acute renal failure,genitourinary,Acute renal failure,Anorexia,79890006,0.79601127,0,5,585.1
585.1,Acute renal failure,genitourinary,Acute renal failure,IgA glomerulonephritis,236407003,-0.22360784,1,5,585.1
585.1,Acute renal failure,genitourinary,Acute renal failure,Abnormal presence of protein in urine,29738008,0.8425077,1,5,585.1
585.1,Acute renal failure,genitourinary,Acute renal failure,Kidney transplant,70536003,0.9228687,1,5,585.1
585.1,Acute renal failure,genitourinary,Acute renal failure,Aphthous stomatitis,426965005,0.50301224,0,2,585.1
585.1,Acute renal failure,genitourinary,Acute renal failure,Exostosis,416189003,0.0729938,0,2,585.1
585.1,Acute renal failure,genitourinary,Acute renal failure,Apnea,1023001,0.7972175,0,3,585.1
585.1,Acute renal failure,genitourinary,Acute renal failure,PD - Peritoneal dialysis,71192002,0.8796014,1,3,585.1
585.1,Acute renal failure,genitourinary,Acute renal failure,Uraemia,44730006,0.88433236,1,5,585.1
585.1,Acute renal failure,genitourinary,Acute renal failure,Arteriosclerosis of kidney,32916005,-0.08787756,1,4,585.1
585.1,Acute renal failure,genitourinary,Acute renal failure,Cocaine abuse,78267003,-0.07225721,0,2,585.1
585.1,Acute renal failure,genitourinary,Acute renal failure,BMT - Bone marrow transplant,23719005,0.51623887,0,3,585.1
585.31,Renal dialysis,genitourinary,Renal dialysis,Croup,71186008,0.2693426,0,1,585.31
585.31,Renal dialysis,genitourinary,Renal dialysis,FGS - Focal glomerulosclerosis,25821008,0.85643566,1,5,585.31
585.31,Renal dialysis,genitourinary,Renal dialysis,VFD - Visual field defect,12184005,-0.2676738,0,2,585.31
585.31,Renal dialysis,genitourinary,Renal dialysis,Albuminuria,274769005,0.24202779,1,4,585.31
585.31,Renal dialysis,genitourinary,Renal dialysis,DM - Diabetes mellitus,73211009,0.866542,1,4,585.31
585.31,Renal dialysis,genitourinary,Renal dialysis,Fluid excess,21639008,-0.30361006,1,4,585.31
585.31,Renal dialysis,genitourinary,Renal dialysis,CKD stage 5,433146000,0.8852098,1,5,585.31
585.31,Renal dialysis,genitourinary,Renal dialysis,Deliberate self-harm,248062006,0.23253322,0,1,585.31
585.31,Renal dialysis,genitourinary,Renal dialysis,Diabetic nephropathy,127013003,0.95868313,1,5,585.31
585.31,Renal dialysis,genitourinary,Renal dialysis,Centesis,86088003,0.23174012,0,3,585.31
585.31,Renal dialysis,genitourinary,Renal dialysis,GN - Glomerulonephritis,36171008,0.9755912,1,5,585.31
585.31,Renal dialysis,genitourinary,Renal dialysis,"Chronic nephritic syndrome, diffuse membranous glomerulonephritis",77182004,0.29334056,1,5,585.31
585.31,Renal dialysis,genitourinary,Renal dialysis,Disease of eyeball,371405004,0.18680832,0,1,585.31
585.31,Renal dialysis,genitourinary,Renal dialysis,Secondary thyroid hyperplasia,26389007,0.36608112,0,1,585.31
585.31,Renal dialysis,genitourinary,Renal dialysis,SCI - Spinal cord injury,90584004,0.72266936,0,1,585.31
585.31,Renal dialysis,genitourinary,Renal dialysis,Recurrent corneal erosion,2055003,0.24049348,0,1,585.31
585.31,Renal dialysis,genitourinary,Renal dialysis,Disease of kidney,90708001,0.9760724,1,5,585.31
585.31,Renal dialysis,genitourinary,Renal dialysis,Ovarian torsion,13595002,-0.8587105,0,1,585.31
585.31,Renal dialysis,genitourinary,Renal dialysis,NS - Nephrotic syndrome,52254009,0.94254667,1,5,585.31
585.31,Renal dialysis,genitourinary,Renal dialysis,Abnormal long menstrual cycle,52073004,0.5968938,0,1,585.31
585.31,Renal dialysis,genitourinary,Renal dialysis,CGN - Chronic glomerulonephritis,20917003,-0.26133293,1,5,585.31
585.31,Renal dialysis,genitourinary,Renal dialysis,Hyperkalaemia,14140009,0.9043271,1,5,585.31
585.31,Renal dialysis,genitourinary,Renal dialysis,Dialysis procedure,108241001,0.44354713,1,5,585.31
585.31,Renal dialysis,genitourinary,Renal dialysis,Microcytic anaemia,234349007,0.16030833,0,3,585.31
585.31,Renal dialysis,genitourinary,Renal dialysis,Abnormal presence of protein in urine,29738008,0.95807886,1,4,585.31
585.31,Renal dialysis,genitourinary,Renal dialysis,Insomnia,193462001,0.6351472,0,3,585.31
585.31,Renal dialysis,genitourinary,Renal dialysis,Mental disease,74732009,0.49348465,0,3,585.31
585.31,Renal dialysis,genitourinary,Renal dialysis,Impacted teeth,235104008,0.48849243,0,1,585.31
585.31,Renal dialysis,genitourinary,Renal dialysis,Bulge,65124004,0.90086484,0,1,585.31
585.31,Renal dialysis,genitourinary,Renal dialysis,Enlarged glands,30746006,0.5081457,0,3,585.31
585.31,Renal dialysis,genitourinary,Renal dialysis,Lobular glomerulonephritis,80321008,-0.61037534,1,5,585.31
585.31,Renal dialysis,genitourinary,Renal dialysis,CRF - Chronic renal failure,90688005,0.99156725,1,5,585.31
585.31,Renal dialysis,genitourinary,Renal dialysis,Leucocytopenia,84828003,0.3802332,0,3,585.31
585.32,End stage renal disease,genitourinary,End stage renal disease,Chemical diabetes,9414007,0.69831765,0,1,585.32
585.32,End stage renal disease,genitourinary,End stage renal disease,Fluid excess,21639008,-0.32138956,1,2,585.32
585.32,End stage renal disease,genitourinary,End stage renal disease,DM - Diabetes mellitus,73211009,0.860158,1,4,585.32
585.32,End stage renal disease,genitourinary,End stage renal disease,Azotaemia,445009001,0.6723748,1,5,585.32
585.32,End stage renal disease,genitourinary,End stage renal disease,Extracorporeal haemodialysis,302497006,0.93978727,1,5,585.32
585.32,End stage renal disease,genitourinary,End stage renal disease,Lobular glomerulonephritis,80321008,-0.630096,1,2,585.32
585.32,End stage renal disease,genitourinary,End stage renal disease,NS - Nephrotic syndrome,52254009,0.922911,1,3,585.32
585.32,End stage renal disease,genitourinary,End stage renal disease,FGS - Focal glomerulosclerosis,25821008,0.8085474,1,2,585.32
585.32,End stage renal disease,genitourinary,End stage renal disease,ABS - Acute brain syndrome,2776000,0.7277657,0,1,585.32
585.32,End stage renal disease,genitourinary,End stage renal disease,Obesity,414916001,0.94830453,1,1,585.32
585.32,End stage renal disease,genitourinary,End stage renal disease,Palliative care,103735009,0.8652723,0,1,585.32
585.32,End stage renal disease,genitourinary,End stage renal disease,Rhinitis,70076002,0.733467,0,1,585.32
585.32,End stage renal disease,genitourinary,End stage renal disease,Miscarriage,17369002,0.83598423,0,1,585.32
585.32,End stage renal disease,genitourinary,End stage renal disease,Chronic urinary tract infection,197928006,0.8398336,0,1,585.32
585.32,End stage renal disease,genitourinary,End stage renal disease,Albuminuria,274769005,0.19737202,1,4,585.32
585.32,End stage renal disease,genitourinary,End stage renal disease,"Lumbar radiculopathy, NOS",2415007,0.4326491,0,1,585.32
585.32,End stage renal disease,genitourinary,End stage renal disease,"Chronic nephritic syndrome, diffuse membranous glomerulonephritis",77182004,0.21524292,1,4,585.32
585.32,End stage renal disease,genitourinary,End stage renal disease,Candida infection,78048006,0.4958863,0,4,585.32
585.32,End stage renal disease,genitourinary,End stage renal disease,GN - Glomerulonephritis,36171008,0.94066,1,3,585.32
585.32,End stage renal disease,genitourinary,End stage renal disease,FGR - Fetal growth retardation,22033007,-0.18953918,0,1,585.32
585.32,End stage renal disease,genitourinary,End stage renal disease,Allergic asthma,389145006,-0.13867803,0,1,585.32
585.32,End stage renal disease,genitourinary,End stage renal disease,"Insertion of hip prosthesis, total",52734007,0.5506344,0,1,585.32
585.32,End stage renal disease,genitourinary,End stage renal disease,Body fluid retention,43498006,0.46078515,1,5,585.32
585.32,End stage renal disease,genitourinary,End stage renal disease,Gibbosity,414564002,0.35366145,0,1,585.32
585.32,End stage renal disease,genitourinary,End stage renal disease,Cardiomegaly,8186001,0.95488393,0,3,585.32
585.32,End stage renal disease,genitourinary,End stage renal disease,Inflammation of vagina,30800001,0.5714929,0,1,585.32
585.32,End stage renal disease,genitourinary,End stage renal disease,Uraemia,44730006,0.9777683,1,5,585.32
585.32,End stage renal disease,genitourinary,End stage renal disease,Hypoglycaemia unawareness,170766006,0.69261783,0,1,585.32
585.32,End stage renal disease,genitourinary,End stage renal disease,Abnormal presence of protein in urine,29738008,0.9281783,1,4,585.32
585.32,End stage renal disease,genitourinary,End stage renal disease,CGN - Chronic glomerulonephritis,20917003,-0.3116192,1,4,585.32
585.32,End stage renal disease,genitourinary,End stage renal disease,VFD - Visual field defect,12184005,-0.25827578,0,1,585.32
585.32,End stage renal disease,genitourinary,End stage renal disease,Female pelvic inflammation,198130006,0.61547196,0,1,585.32
585.32,End stage renal disease,genitourinary,End stage renal disease,Diabetic nephropathy,127013003,0.94225293,1,5,585.32
585.33,"Chronic Kidney Disease, Stage III",genitourinary,"Chronic Kidney Disease, Stage III",Epileptic attack,313307000,0.49854016,0,1,585.33
585.33,"Chronic Kidney Disease, Stage III",genitourinary,"Chronic Kidney Disease, Stage III",Uraemia,44730006,-0.8060466,1,4,585.33
585.33,"Chronic Kidney Disease, Stage III",genitourinary,"Chronic Kidney Disease, Stage III",Renal transplant rejection,236570004,0.5903255,1,4,585.33
585.33,"Chronic Kidney Disease, Stage III",genitourinary,"Chronic Kidney Disease, Stage III",PP - Placenta praevia,36813001,0.10005394,0,1,585.33
585.33,"Chronic Kidney Disease, Stage III",genitourinary,"Chronic Kidney Disease, Stage III",Cauda equina syndrome,192970008,-0.5266147,0,1,585.33
585.33,"Chronic Kidney Disease, Stage III",genitourinary,"Chronic Kidney Disease, Stage III",Increased urine volume,28442001,-0.8550237,1,4,585.33
585.33,"Chronic Kidney Disease, Stage III",genitourinary,"Chronic Kidney Disease, Stage III",Pyonephrosis,48631008,0.8324012,1,4,585.33
585.33,"Chronic Kidney Disease, Stage III",genitourinary,"Chronic Kidney Disease, Stage III",GTPS - greater trochanteric pain syndrome,7674000,-0.092197366,0,1,585.33
585.33,"Chronic Kidney Disease, Stage III",genitourinary,"Chronic Kidney Disease, Stage III",Gastric atony,235675006,-0.62620795,1,1,585.33
585.33,"Chronic Kidney Disease, Stage III",genitourinary,"Chronic Kidney Disease, Stage III",Dislocation of finger,125619004,0.7957674,0,1,585.33
585.33,"Chronic Kidney Disease, Stage III",genitourinary,"Chronic Kidney Disease, Stage III",Superficial vein thrombosis,275517008,0.64606225,0,4,585.33
585.33,"Chronic Kidney Disease, Stage III",genitourinary,"Chronic Kidney Disease, Stage III",Deformity of hand,299033004,0.9486942,0,4,585.33
585.33,"Chronic Kidney Disease, Stage III",genitourinary,"Chronic Kidney Disease, Stage III",Azotaemia,445009001,-0.12656346,1,5,585.33
585.33,"Chronic Kidney Disease, Stage III",genitourinary,"Chronic Kidney Disease, Stage III",PD - Peritoneal dialysis,71192002,-0.60807204,1,4,585.33
585.33,"Chronic Kidney Disease, Stage III",genitourinary,"Chronic Kidney Disease, Stage III",Glucosuria,45154002,0.9150487,1,5,585.33
585.33,"Chronic Kidney Disease, Stage III",genitourinary,"Chronic Kidney Disease, Stage III",Dribbling,58972000,0.9608086,1,1,585.33
585.33,"Chronic Kidney Disease, Stage III",genitourinary,"Chronic Kidney Disease, Stage III",Arteriosclerosis of kidney,32916005,0.55288064,1,5,585.33
585.33,"Chronic Kidney Disease, Stage III",genitourinary,"Chronic Kidney Disease, Stage III",Cellulitis of face,200652002,-0.37731886,0,1,585.33
585.33,"Chronic Kidney Disease, Stage III",genitourinary,"Chronic Kidney Disease, Stage III",Diabetic polyneuropathy,49455004,-0.7373862,1,4,585.33
585.33,"Chronic Kidney Disease, Stage III",genitourinary,"Chronic Kidney Disease, Stage III",Secondary hyperparathyroidism,91478007,-0.7406504,1,5,585.33
585.33,"Chronic Kidney Disease, Stage III",genitourinary,"Chronic Kidney Disease, Stage III",OH - Ocular hypertension,4210003,-0.7932967,0,1,585.33
585.33,"Chronic Kidney Disease, Stage III",genitourinary,"Chronic Kidney Disease, Stage III",Diabetic peripheral neuropathy,424736006,-0.63543504,1,4,585.33
585.33,"Chronic Kidney Disease, Stage III",genitourinary,"Chronic Kidney Disease, Stage III",Albuminuria,274769005,0.26127708,1,5,585.33
585.33,"Chronic Kidney Disease, Stage III",genitourinary,"Chronic Kidney Disease, Stage III",Cryptogenic cirrhosis,89580002,0.7929897,0,3,585.33
585.33,"Chronic Kidney Disease, Stage III",genitourinary,"Chronic Kidney Disease, Stage III",TI - Tricuspid incompetence,111287006,0.0132228695,0,1,585.33
585.33,"Chronic Kidney Disease, Stage III",genitourinary,"Chronic Kidney Disease, Stage III",Apnea of prematurity,276544005,0.820515,0,1,585.33
585.33,"Chronic Kidney Disease, Stage III",genitourinary,"Chronic Kidney Disease, Stage III","Fibrous histiocytoma, malignant",34360000,0.9679158,0,3,585.33
585.33,"Chronic Kidney Disease, Stage III",genitourinary,"Chronic Kidney Disease, Stage III",Lumbar radiculopathy,128196005,0.9293923,0,1,585.33
585.33,"Chronic Kidney Disease, Stage III",genitourinary,"Chronic Kidney Disease, Stage III",Renal hypertension,28119000,0.7786265,1,5,585.33
585.33,"Chronic Kidney Disease, Stage III",genitourinary,"Chronic Kidney Disease, Stage III",Blood in anterior chamber,75229002,-0.046935234,0,1,585.33
585.33,"Chronic Kidney Disease, Stage III",genitourinary,"Chronic Kidney Disease, Stage III",Cervical strain,360450007,0.8806965,0,1,585.33
585.33,"Chronic Kidney Disease, Stage III",genitourinary,"Chronic Kidney Disease, Stage III",Coccidioidomycosis,60826002,-0.7316681,0,1,585.33
585.33,"Chronic Kidney Disease, Stage III",genitourinary,"Chronic Kidney Disease, Stage III",Impaired fasting glucose,390951007,0.5720358,1,4,585.33
585.33,"Chronic Kidney Disease, Stage III",genitourinary,"Chronic Kidney Disease, Stage III",CA - Cancer of uterus,371973000,0.96170366,0,1,585.33
585.33,"Chronic Kidney Disease, Stage III",genitourinary,"Chronic Kidney Disease, Stage III",Renal artery occlusion,236488005,0.94237065,1,5,585.33
585.33,"Chronic Kidney Disease, Stage III",genitourinary,"Chronic Kidney Disease, Stage III",Hypoalbuminaemia,119247004,-0.43505588,1,4,585.33
695.41,Cutaneous lupus erythematosus,dermatologic,Cutaneous lupus erythematosus,Papula,25694009,0.67219794,1,3,695.41
695.41,Cutaneous lupus erythematosus,dermatologic,Cutaneous lupus erythematosus,Capillary angioma,195382003,0.5877267,1,1,695.41
695.41,Cutaneous lupus erythematosus,dermatologic,Cutaneous lupus erythematosus,Major depression,35489007,0.30579895,0,3,695.41
695.41,Cutaneous lupus erythematosus,dermatologic,Cutaneous lupus erythematosus,Aching muscles,68962001,0.6257013,0,1,695.41
695.41,Cutaneous lupus erythematosus,dermatologic,Cutaneous lupus erythematosus,Fasciitis,36948007,-0.5972587,1,2,695.41
695.41,Cutaneous lupus erythematosus,dermatologic,Cutaneous lupus erythematosus,Skin irritation,367466007,0.7215557,1,5,695.41
695.41,Cutaneous lupus erythematosus,dermatologic,Cutaneous lupus erythematosus,Stridor,70407001,0.31830317,0,1,695.41
695.41,Cutaneous lupus erythematosus,dermatologic,Cutaneous lupus erythematosus,Cellulitis of face,200652002,0.46282762,0,1,695.41
695.41,Cutaneous lupus erythematosus,dermatologic,Cutaneous lupus erythematosus,Dermatitis,703938007,0.83136815,1,5,695.41
695.41,Cutaneous lupus erythematosus,dermatologic,Cutaneous lupus erythematosus,Dermatitis,703938007,0.83136815,1,5,695.41
695.41,Cutaneous lupus erythematosus,dermatologic,Cutaneous lupus erythematosus,Artificial kidney dialysis,265764009,0.65281427,0,3,695.41
695.41,Cutaneous lupus erythematosus,dermatologic,Cutaneous lupus erythematosus,BPD - Bronchopulmonary dysplasia,67569000,0.33274758,0,2,695.41
695.41,Cutaneous lupus erythematosus,dermatologic,Cutaneous lupus erythematosus,Erythema,247441003,0.8664199,1,2,695.41
695.41,Cutaneous lupus erythematosus,dermatologic,Cutaneous lupus erythematosus,Acquired pharyngo-oesophageal diverticulum,399291005,-0.76425624,0,1,695.41
695.41,Cutaneous lupus erythematosus,dermatologic,Cutaneous lupus erythematosus,Detachment of nail,75789001,0.47649586,1,1,695.41
695.41,Cutaneous lupus erythematosus,dermatologic,Cutaneous lupus erythematosus,"Head cold, NOS",54150009,0.7136901,0,1,695.41
695.41,Cutaneous lupus erythematosus,dermatologic,Cutaneous lupus erythematosus,Cystic Fibrosis,190905008,0.79922414,0,1,695.41
695.41,Cutaneous lupus erythematosus,dermatologic,Cutaneous lupus erythematosus,Cutaneous ulcer,46742003,0.89300007,1,3,695.41
695.41,Cutaneous lupus erythematosus,dermatologic,Cutaneous lupus erythematosus,Pussey spot,271760008,0.6203054,1,2,695.41
695.41,Cutaneous lupus erythematosus,dermatologic,Cutaneous lupus erythematosus,PA (Psoriatic arthritis),156370009,0.95735395,1,1,695.41
695.41,Cutaneous lupus erythematosus,dermatologic,Cutaneous lupus erythematosus,Miscarriage,17369002,0.5644258,0,1,695.41
695.41,Cutaneous lupus erythematosus,dermatologic,Cutaneous lupus erythematosus,Deformity of foot,229844004,0.026747953,0,1,695.41
695.41,Cutaneous lupus erythematosus,dermatologic,Cutaneous lupus erythematosus,Sicca syndrome,83901003,0.8327951,1,1,695.41
695.41,Cutaneous lupus erythematosus,dermatologic,Cutaneous lupus erythematosus,Atrophic arthritis,69896004,0.9269978,1,2,695.41
695.41,Cutaneous lupus erythematosus,dermatologic,Cutaneous lupus erythematosus,Sore to touch,247348008,0.7650873,1,5,695.41
695.41,Cutaneous lupus erythematosus,dermatologic,Cutaneous lupus erythematosus,Weight increased,262286000,-0.011082115,0,1,695.41
695.41,Cutaneous lupus erythematosus,dermatologic,Cutaneous lupus erythematosus,Disease of spinal cord,48522003,0.32322502,0,1,695.41
695.41,Cutaneous lupus erythematosus,dermatologic,Cutaneous lupus erythematosus,IC - Interstitial cystitis,197834003,0.82583565,0,1,695.41
695.41,Cutaneous lupus erythematosus,dermatologic,Cutaneous lupus erythematosus,Discoloration of skin,3253007,0.7296036,1,3,695.41
695.41,Cutaneous lupus erythematosus,dermatologic,Cutaneous lupus erythematosus,Disease of thyroid gland,14304000,0.5811925,0,1,695.41
695.41,Cutaneous lupus erythematosus,dermatologic,Cutaneous lupus erythematosus,Hyperhidrosis,312230002,0.9484868,1,3,695.41
695.41,Cutaneous lupus erythematosus,dermatologic,Cutaneous lupus erythematosus,Abnormal presence of protein in urine,29738008,0.46729207,0,3,695.41
695.42,Systemic lupus erythematosus,dermatologic,Systemic lupus erythematosus,Addison's anemia,84027009,0.9529648,0,3,695.42
695.42,Systemic lupus erythematosus,dermatologic,Systemic lupus erythematosus,IDA - Iron deficiency anaemia,87522002,0.85236955,0,4,695.42
695.42,Systemic lupus erythematosus,dermatologic,Systemic lupus erythematosus,GF - Glandular fever,271558008,0.7883364,1,1,695.42
695.42,Systemic lupus erythematosus,dermatologic,Systemic lupus erythematosus,Mouth ulcer,26284000,0.74358284,0,3,695.42
695.42,Systemic lupus erythematosus,dermatologic,Systemic lupus erythematosus,Raynaud disease,195295006,0.8184185,1,4,695.42
695.42,Systemic lupus erythematosus,dermatologic,Systemic lupus erythematosus,Allergic granulomatosis angiitis,82275008,0.55907077,1,2,695.42
695.42,Systemic lupus erythematosus,dermatologic,Systemic lupus erythematosus,Thrombophlebitis,64156001,0.7036496,1,4,695.42
695.42,Systemic lupus erythematosus,dermatologic,Systemic lupus erythematosus,Pain in shoulder,45326000,0.5734454,0,5,695.42
695.42,Systemic lupus erythematosus,dermatologic,Systemic lupus erythematosus,Cutaneous ulcer,46742003,0.8354212,1,3,695.42
695.42,Systemic lupus erythematosus,dermatologic,Systemic lupus erythematosus,Bipolar affective disorder,13746004,0.46138728,0,1,695.42
695.42,Systemic lupus erythematosus,dermatologic,Systemic lupus erythematosus,Hyperhidrosis,312230002,0.93281066,1,5,695.42
695.42,Systemic lupus erythematosus,dermatologic,Systemic lupus erythematosus,Abnormal bowel habits,88111009,0.9438132,0,4,695.42
695.42,Systemic lupus erythematosus,dermatologic,Systemic lupus erythematosus,Bulge,65124004,0.89904857,1,1,695.42
695.42,Systemic lupus erythematosus,dermatologic,Systemic lupus erythematosus,Coughing up blood,66857006,0.6116457,1,3,695.42
695.42,Systemic lupus erythematosus,dermatologic,Systemic lupus erythematosus,Palsy,44695005,0.34977853,0,1,695.42
695.42,Systemic lupus erythematosus,dermatologic,Systemic lupus erythematosus,Enlarged glands,30746006,0.7856178,1,1,695.42
695.42,Systemic lupus erythematosus,dermatologic,Systemic lupus erythematosus,Collagen disease,81573002,0.9230976,1,3,695.42
695.42,Systemic lupus erythematosus,dermatologic,Systemic lupus erythematosus,Bronchial endoscopy,10847001,0.5768218,1,1,695.42
695.42,Systemic lupus erythematosus,dermatologic,Systemic lupus erythematosus,Idiopathic pulmonary arterial hypertension,697898008,0.9144249,1,3,695.42
695.42,Systemic lupus erythematosus,dermatologic,Systemic lupus erythematosus,CN - Constipation,14760008,0.86156356,0,3,695.42
695.42,Systemic lupus erythematosus,dermatologic,Systemic lupus erythematosus,Sicca syndrome,83901003,0.6340759,1,4,695.42
695.42,Systemic lupus erythematosus,dermatologic,Systemic lupus erythematosus,PHT - Pulmonary hypertension,70995007,0.89826,1,2,695.42
695.42,Systemic lupus erythematosus,dermatologic,Systemic lupus erythematosus,Cystic Fibrosis,190905008,0.9336457,1,1,695.42
695.42,Systemic lupus erythematosus,dermatologic,Systemic lupus erythematosus,Scleroderma,89155008,0.9098339,1,5,695.42
695.42,Systemic lupus erythematosus,dermatologic,Systemic lupus erythematosus,Scleroderma,89155008,0.9098339,1,4,695.42
695.42,Systemic lupus erythematosus,dermatologic,Systemic lupus erythematosus,OLP - Oral lichen planus,235049008,-0.07121615,0,4,695.42
695.42,Systemic lupus erythematosus,dermatologic,Systemic lupus erythematosus,High cholesterol,13644009,0.5944926,0,3,695.42
743.11,Osteoporosis NOS,musculoskeletal,Osteoporosis NOS,Foot pain,47933007,0.948087,1,4,743.11
743.11,Osteoporosis NOS,musculoskeletal,Osteoporosis NOS,GN - Glomerulonephritis,36171008,0.47843343,0,1,743.11
743.11,Osteoporosis NOS,musculoskeletal,Osteoporosis NOS,Deformity,417893002,0.9386083,1,4,743.11
743.11,Osteoporosis NOS,musculoskeletal,Osteoporosis NOS,Avitaminosis D,34713006,0.7250372,1,4,743.11
743.11,Osteoporosis NOS,musculoskeletal,Osteoporosis NOS,Osteotomy,150062003,0.7263298,1,3,743.11
743.11,Osteoporosis NOS,musculoskeletal,Osteoporosis NOS,Apraxia of phonation,74227009,-0.5433626,0,1,743.11
743.11,Osteoporosis NOS,musculoskeletal,Osteoporosis NOS,Achilles tendon contracture,203076007,0.6951177,1,1,743.11
743.11,Osteoporosis NOS,musculoskeletal,Osteoporosis NOS,Degeneration of intervertebral disc,77547008,-0.0522468,1,4,743.11
743.11,Osteoporosis NOS,musculoskeletal,Osteoporosis NOS,Adaptive colitis,10743008,0.2588146,0,1,743.11
743.11,Osteoporosis NOS,musculoskeletal,Osteoporosis NOS,HA - Hyperactivity,44548000,0.4863886,0,1,743.11
743.11,Osteoporosis NOS,musculoskeletal,Osteoporosis NOS,Central hyperalimentation,225372007,0.2962184,0,1,743.11
743.11,Osteoporosis NOS,musculoskeletal,Osteoporosis NOS,Bone disease,76069003,0.7961708,1,4,743.11
743.11,Osteoporosis NOS,musculoskeletal,Osteoporosis NOS,BMT - Bone marrow transplant,23719005,0.33557183,0,2,743.11
743.11,Osteoporosis NOS,musculoskeletal,Osteoporosis NOS,Vaginal discharge,271939006,0.046937205,0,1,743.11
743.11,Osteoporosis NOS,musculoskeletal,Osteoporosis NOS,Hepatic failure,59927004,0.4212295,0,1,743.11
743.11,Osteoporosis NOS,musculoskeletal,Osteoporosis NOS,SS - Spinal stenosis,76107001,0.49770683,1,5,743.11
743.11,Osteoporosis NOS,musculoskeletal,Osteoporosis NOS,Deformity of foot,229844004,0.5934546,1,3,743.11
743.11,Osteoporosis NOS,musculoskeletal,Osteoporosis NOS,SPL - Spondylolisthesis,274152003,0.50450915,1,4,743.11
743.11,Osteoporosis NOS,musculoskeletal,Osteoporosis NOS,Body fluid retention,43498006,-0.11906625,0,1,743.11
743.11,Osteoporosis NOS,musculoskeletal,Osteoporosis NOS,Difficulty walking,228158008,0.91365397,1,4,743.11
743.11,Osteoporosis NOS,musculoskeletal,Osteoporosis NOS,Exodontia,55162003,0.84764457,0,1,743.11
743.11,Osteoporosis NOS,musculoskeletal,Osteoporosis NOS,Rickets,41345002,0.7429943,1,4,743.11
743.11,Osteoporosis NOS,musculoskeletal,Osteoporosis NOS,Frank haematuria,197941005,0.25006664,0,1,743.11
743.11,Osteoporosis NOS,musculoskeletal,Osteoporosis NOS,Osteitis deformans,2089002,-0.5079043,1,4,743.11
743.11,Osteoporosis NOS,musculoskeletal,Osteoporosis NOS,HPTH - Hyperparathyroidism,66999008,0.6652504,1,4,743.11
743.11,Osteoporosis NOS,musculoskeletal,Osteoporosis NOS,LD - Lattice degeneration,3577000,0.08056175,0,1,743.11
743.11,Osteoporosis NOS,musculoskeletal,Osteoporosis NOS,CN - Constipation,14760008,0.31253994,0,1,743.11
743.11,Osteoporosis NOS,musculoskeletal,Osteoporosis NOS,FOM - Frequency of micturition,162116003,0.56657994,0,1,743.11
743.11,Osteoporosis NOS,musculoskeletal,Osteoporosis NOS,Malignant neoplasm of gastrointestinal tract,428905002,-0.7034173,0,1,743.11
743.11,Osteoporosis NOS,musculoskeletal,Osteoporosis NOS,LBP - Low back pain,279039007,0.7799766,1,4,743.11
743.4,Stress fracture,musculoskeletal,Stress fracture,Essential thrombocythaemia,109994006,0.7385601,1,1,743.4
743.4,Stress fracture,musculoskeletal,Stress fracture,Deformity,417893002,0.8955648,1,4,743.4
743.4,Stress fracture,musculoskeletal,Stress fracture,MD - Muscular dystrophy,73297009,0.8592856,1,3,743.4
743.4,Stress fracture,musculoskeletal,Stress fracture,Undifferentiated connective tissue disease,239918008,-0.5302722,1,3,743.4
743.4,Stress fracture,musculoskeletal,Stress fracture,Disorder of muscle,129565002,0.8615756,1,2,743.4
743.4,Stress fracture,musculoskeletal,Stress fracture,Flooding during periods,386692008,0.47847795,0,1,743.4
743.4,Stress fracture,musculoskeletal,Stress fracture,Injury,417746004,0.95146495,0,4,743.4
743.4,Stress fracture,musculoskeletal,Stress fracture,Collagen disease,81573002,0.5909245,1,3,743.4
743.4,Stress fracture,musculoskeletal,Stress fracture,AD - Alzheimer's disease,26929004,0.80372596,0,1,743.4
743.4,Stress fracture,musculoskeletal,Stress fracture,Fracture of hip,5913000,0.9482139,1,5,743.4
743.4,Stress fracture,musculoskeletal,Stress fracture,Peripheral arterial disease,399957001,0.69840056,0,1,743.4
743.4,Stress fracture,musculoskeletal,Stress fracture,Histoplasmosis,12962009,0.43002295,0,1,743.4
743.4,Stress fracture,musculoskeletal,Stress fracture,Disease of liver,235856003,0.5924421,0,1,743.4
743.4,Stress fracture,musculoskeletal,Stress fracture,HLD - Hyperlipidaemia,55822004,0.4965077,0,1,743.4
743.4,Stress fracture,musculoskeletal,Stress fracture,Granulomatosis with polyangiitis,195353004,0.6280912,0,1,743.4
743.4,Stress fracture,musculoskeletal,Stress fracture,Hip fracture,263225007,0.9302141,1,5,743.4
743.4,Stress fracture,musculoskeletal,Stress fracture,Infection by Treponema pallidum,76272004,0.46552628,0,1,743.4
743.4,Stress fracture,musculoskeletal,Stress fracture,GSW (Gun shot wound),283545005,-0.16416186,1,1,743.4
743.4,Stress fracture,musculoskeletal,Stress fracture,Arrhythmia,44808001,0.71715444,0,1,743.4
743.4,Stress fracture,musculoskeletal,Stress fracture,Leg pain,10601006,0.93770605,1,4,743.4
743.4,Stress fracture,musculoskeletal,Stress fracture,AAA - Abdominal aortic aneurysm,233985008,0.61935896,0,1,743.4
743.4,Stress fracture,musculoskeletal,Stress fracture,Cushing basophilism,190502001,0.73644793,0,3,743.4
743.4,Stress fracture,musculoskeletal,Stress fracture,Radiographic imaging procedure,363680008,0.92142946,1,4,743.4
743.4,Stress fracture,musculoskeletal,Stress fracture,Deafness,15188001,0.6729952,0,1,743.4
743.4,Stress fracture,musculoskeletal,Stress fracture,CE - Cataract extraction,54885007,0.39779878,0,1,743.4
743.4,Stress fracture,musculoskeletal,Stress fracture,Paroxysmal digital cyanosis,266261006,0.3870815,1,1,743.4
743.4,Stress fracture,musculoskeletal,Stress fracture,Raynaud disease,195295006,0.6776964,1,1,743.4
743.4,Stress fracture,musculoskeletal,Stress fracture,Lower paraplegia,60389000,0.7912462,1,1,743.4
743.4,Stress fracture,musculoskeletal,Stress fracture,Connective tissue disease,105969002,0.7041731,1,3,743.4
743.4,Stress fracture,musculoskeletal,Stress fracture,Waldenstrom's macroglobulinaemia,190818004,0.26082256,0,3,743.4
743.4,Stress fracture,musculoskeletal,Stress fracture,Microalbuminuria,312975006,0.4709371,0,1,743.4
743.4,Stress fracture,musculoskeletal,Stress fracture,Decreased muscle strength,26544005,0.8372091,1,3,743.4
743.4,Stress fracture,musculoskeletal,Stress fracture,Cardiac arrest - ventricular fibrillation,71908006,0.7155185,0,1,743.4
743.4,Stress fracture,musculoskeletal,Stress fracture,Debility,13791008,0.82959235,1,4,743.4
743.9,Osteopenia or other disorder of bone and cartilage,musculoskeletal,Osteopenia or other disorder of bone and cartilage,:: Polyphagia,267023007,0.2432796,0,1,743.9
743.9,Osteopenia or other disorder of bone and cartilage,musculoskeletal,Osteopenia or other disorder of bone and cartilage,Postmenopausal osteoporosis,102447009,0.54748416,1,5,743.9
743.9,Osteopenia or other disorder of bone and cartilage,musculoskeletal,Osteopenia or other disorder of bone and cartilage,Frontotemporal dementia,230270009,0.40218654,0,1,743.9
743.9,Osteopenia or other disorder of bone and cartilage,musculoskeletal,Osteopenia or other disorder of bone and cartilage,Hot flashes,198436008,0.33312556,0,3,743.9
743.9,Osteopenia or other disorder of bone and cartilage,musculoskeletal,Osteopenia or other disorder of bone and cartilage,Arteritis,52089001,0.7455845,0,1,743.9
743.9,Osteopenia or other disorder of bone and cartilage,musculoskeletal,Osteopenia or other disorder of bone and cartilage,Achilles tendon contracture,203076007,0.8486949,1,1,743.9
743.9,Osteopenia or other disorder of bone and cartilage,musculoskeletal,Osteopenia or other disorder of bone and cartilage,Human papilloma virus infection,240532009,0.3220737,0,1,743.9
743.9,Osteopenia or other disorder of bone and cartilage,musculoskeletal,Osteopenia or other disorder of bone and cartilage,Breast pain,53430007,-0.377505,0,1,743.9
743.9,Osteopenia or other disorder of bone and cartilage,musculoskeletal,Osteopenia or other disorder of bone and cartilage,Inflammatory disorder of tendon,34840004,0.74722797,1,1,743.9
743.9,Osteopenia or other disorder of bone and cartilage,musculoskeletal,Osteopenia or other disorder of bone and cartilage,Inflammation of pancreas,75694006,0.14988846,0,1,743.9
743.9,Osteopenia or other disorder of bone and cartilage,musculoskeletal,Osteopenia or other disorder of bone and cartilage,Sprain,384709000,0.10490934,1,1,743.9
743.9,Osteopenia or other disorder of bone and cartilage,musculoskeletal,Osteopenia or other disorder of bone and cartilage,Tetanus immunisation,127786006,-0.5232996,0,1,743.9
743.9,Osteopenia or other disorder of bone and cartilage,musculoskeletal,Osteopenia or other disorder of bone and cartilage,Lateral epicondylitis,202855006,-0.391032,1,1,743.9
743.9,Osteopenia or other disorder of bone and cartilage,musculoskeletal,Osteopenia or other disorder of bone and cartilage,Difficulty walking,228158008,0.98016,1,4,743.9
743.9,Osteopenia or other disorder of bone and cartilage,musculoskeletal,Osteopenia or other disorder of bone and cartilage,Age related osteoporosis,18040001,-0.5935439,1,5,743.9
743.9,Osteopenia or other disorder of bone and cartilage,musculoskeletal,Osteopenia or other disorder of bone and cartilage,Pain in shoulder,45326000,0.94704074,1,4,743.9
743.9,Osteopenia or other disorder of bone and cartilage,musculoskeletal,Osteopenia or other disorder of bone and cartilage,Osteotomy,150062003,0.83085525,1,1,743.9
743.9,Osteopenia or other disorder of bone and cartilage,musculoskeletal,Osteopenia or other disorder of bone and cartilage,Foot pain,47933007,0.9796617,1,2,743.9
743.9,Osteopenia or other disorder of bone and cartilage,musculoskeletal,Osteopenia or other disorder of bone and cartilage,Compression fracture of spine,42942008,-0.60933435,1,5,743.9
743.9,Osteopenia or other disorder of bone and cartilage,musculoskeletal,Osteopenia or other disorder of bone and cartilage,Osteitis deformans,2089002,-0.4196785,1,1,743.9
743.9,Osteopenia or other disorder of bone and cartilage,musculoskeletal,Osteopenia or other disorder of bone and cartilage,Injury of knee,125601008,0.85022914,1,1,743.9
743.9,Osteopenia or other disorder of bone and cartilage,musculoskeletal,Osteopenia or other disorder of bone and cartilage,CIDP,128209004,-0.5344769,0,1,743.9
743.9,Osteopenia or other disorder of bone and cartilage,musculoskeletal,Osteopenia or other disorder of bone and cartilage,Malignant neoplasm of gastrointestinal tract,428905002,-0.66084,0,2,743.9
743.9,Osteopenia or other disorder of bone and cartilage,musculoskeletal,Osteopenia or other disorder of bone and cartilage,Cryptorchidism,204878001,0.3538657,0,1,743.9
743.9,Osteopenia or other disorder of bone and cartilage,musculoskeletal,Osteopenia or other disorder of bone and cartilage,Raised serum calcium level,166702002,0.65645355,0,1,743.9
743.9,Osteopenia or other disorder of bone and cartilage,musculoskeletal,Osteopenia or other disorder of bone and cartilage,Fothergill's neuralgia,31681005,0.6804931,0,1,743.9
743.9,Osteopenia or other disorder of bone and cartilage,musculoskeletal,Osteopenia or other disorder of bone and cartilage,Blurred vision,111516008,0.51736534,0,1,743.9
743.9,Osteopenia or other disorder of bone and cartilage,musculoskeletal,Osteopenia or other disorder of bone and cartilage,CL - Cirrhosis of liver,19943007,0.3637568,0,1,743.9
